"DATASET","SERIES_CODE","OBS_MEASURE","COUNTRY","SUB_TYPE","FFS","TYPE_OF_TRANSFORMATION","FREQUENCY","SCALE","2015","2016","2017","2018","2019","2020","2021","2022","2023","2024","2025","2026","2027","2028","2029","2030","2031","2032","2033","2034","2035"
"IMF.STA:FFS(1.0.2)","MYS.IM.COA.USQ2021.A","OBS_VALUE","Malaysia","Implicit fossil fuel subsidies","Coal","USD at constant 2021 prices","Annual","Units","7.201010396","8.098257782","8.921179718","9.991057368","9.524669936","10.09051175","9.61733086","7.767387953","7.916459821","8.724462349","9.844691977","10.71066807","10.65809948","10.77217133","10.51092637","9.832607993","9.104785359","8.416758798","7.723219592","7.586616328","7.7295859"
"IMF.STA:FFS(1.0.2)","TJK.IM.COA.USQ2021.A","OBS_VALUE","Tajikistan, Republic of","Implicit fossil fuel subsidies","Coal","USD at constant 2021 prices","Annual","Units","0.1378053","0.187030383","0.232464443","0.278304784","0.308841826","0.335102271","0.349220138","0.377066858","0.376314998","0.378099477","0.386502411","0.358184518","0.332142491","0.316757814","0.31372062","0.31780812","0.326953177","0.347807419","0.37168071","0.397942086","0.425024609"
"IMF.STA:FFS(1.0.2)","PRT.IM.COA.USQ2021.A","OBS_VALUE","Portugal","Implicit fossil fuel subsidies","Coal","USD at constant 2021 prices","Annual","Units","1.001107299","0.901646569","1.059640015","0.825633194","0.359883777","0.162665047","0.058964661","0.001181475","0.000945378","0.155628472","0.149754652","0.158403724","0.157668532","0.156099649","0.156371954","0.157200799","0.157567665","0.158890239","0.160332508","0.161750636","0.16306584"
"IMF.STA:FFS(1.0.2)","DOM.IM.COA.USQ2021.A","OBS_VALUE","Dominican Republic","Implicit fossil fuel subsidies","Coal","USD at constant 2021 prices","Annual","Units","0.228706377","0.24663083","0.254117127","0.270717915","0.3970147","0.709632279","0.716838764","0.97513639","0.977128516","0.996291585","1.05699323","1.043939538","1.079579138","1.153462817","1.288658194","1.459919298","1.510588074","1.567580792","1.626505055","1.687383533","1.747603252"
"IMF.STA:FFS(1.0.2)","UKR.IM.COA.USQ2021.A","OBS_VALUE","Ukraine","Implicit fossil fuel subsidies","Coal","USD at constant 2021 prices","Annual","Units","16.023637","16.43641449","13.5286437","18.30249152","16.58977344","14.1167243","13.4161065","6.590565842","6.782865989","6.813759058","8.478280464","9.537255224","10.28332363","10.92349197","11.53500733","12.24203752","12.94522391","13.66764633","14.40000069","15.13837215","15.87807202"
"IMF.STA:FFS(1.0.2)","HUN.IM.COA.USQ2021.A","OBS_VALUE","Hungary","Implicit fossil fuel subsidies","Coal","USD at constant 2021 prices","Annual","Units","1.602605798","1.688271473","2.00191376","1.667428702","1.213170252","0.992416394","0.801197992","0.42816266","0.413192493","0.473468793","0.482951307","0.489192503","0.496937403","0.505695306","0.514270746","0.521798909","0.529323136","0.536775125","0.544146028","0.551432716","0.558627728"
"IMF.STA:FFS(1.0.2)","KOR.IM.COA.USQ2021.A","OBS_VALUE","Korea, Republic of","Implicit fossil fuel subsidies","Coal","USD at constant 2021 prices","Annual","Units","24.22663701","22.76953684","23.63520579","19.99599719","18.39574702","17.54646292","18.68839764","17.97509658","21.5464549","25.20314201","25.75296435","25.23279216","25.9426566","26.20816898","26.79330425","27.70603284","27.15008886","26.82907578","26.47044816","26.11110393","25.75243109"
"IMF.STA:FFS(1.0.2)","NPL.IM.COA.USQ2021.A","OBS_VALUE","Nepal","Implicit fossil fuel subsidies","Coal","USD at constant 2021 prices","Annual","Units","0.318324877","0.360607322","0.408084421","0.5344174","0.665753551","0.771760948","0.770392636","0.821786737","0.836778204","0.937423647","1.05812147","1.122222112","1.19004332","1.272084513","1.364954184","1.475389109","1.595925372","1.727575896","1.871458251","2.028724964","2.200668568"
"IMF.STA:FFS(1.0.2)","LKA.IM.COA.USQ2021.A","OBS_VALUE","Sri Lanka","Implicit fossil fuel subsidies","Coal","USD at constant 2021 prices","Annual","Units","0.535221649","0.590580179","0.62537991","0.645406927","0.722974584","0.734271497","0.745724585","0.590913222","0.674321567","0.730010353","0.667281887","0.658775428","0.639010659","0.614780178","0.623639994","0.63196135","0.63963689","0.61937348","0.592437834","0.566187724","0.540775556"
"IMF.STA:FFS(1.0.2)","ARM.IM.COA.USQ2021.A","OBS_VALUE","Armenia, Republic of","Implicit fossil fuel subsidies","Coal","USD at constant 2021 prices","Annual","Units","0.0031831","0.002768797","0.001648786","0.005683784","0.013434757","0.033381897","0.053424834","0.052080151","0.055339866","0.062406922","0.068742086","0.071419972","0.074079794","0.077196284","0.080420524","0.083584144","0.086854987","0.090239144","0.093740238","0.097353867","0.101079129"
"IMF.STA:FFS(1.0.2)","TUN.IM.COA.USQ2021.A","OBS_VALUE","Tunisia","Implicit fossil fuel subsidies","Coal","USD at constant 2021 prices","Annual","Units","0","0","0","0","0","0","0","0","0","0","0","0","0","0","0","0","0","0","0","0","0"
"IMF.STA:FFS(1.0.2)","VEN.IM.COA.USQ2021.A","OBS_VALUE","Venezuela, República Bolivariana de","Implicit fossil fuel subsidies","Coal","USD at constant 2021 prices","Annual","Units","0.060294491","0.050393999","0.042311658","0.033715059","0.024286947","0.017030097","0.017632441","0.019556062","0.01955286","0.020415475","0.021500742","0.022236539","0.022975768","0.023765008","0.024572261","0.02542684","0.026300365","0.02719343","0.028106003","0.029038627","0.029991342"
"IMF.STA:FFS(1.0.2)","GAB.IM.COA.USQ2021.A","OBS_VALUE","Gabon","Implicit fossil fuel subsidies","Coal","USD at constant 2021 prices","Annual","Units","0","0","0","0","0","0","0","0","0","0","0","0","0","0","0","0","0","0","0","0","0"
"IMF.STA:FFS(1.0.2)","TUR.IM.COA.USQ2021.A","OBS_VALUE","Türkiye, Republic of","Implicit fossil fuel subsidies","Coal","USD at constant 2021 prices","Annual","Units","48.16851968","51.14519955","52.24670107","44.17717692","50.05422598","53.81937894","56.07344933","69.03378305","72.07478503","70.47991586","75.59426875","76.96725966","76.87625016","78.76823304","80.74563855","83.01551799","84.70573447","86.48904295","88.38856842","90.40575005","92.53924028"
"IMF.STA:FFS(1.0.2)","BFA.IM.COA.USQ2021.A","OBS_VALUE","Burkina Faso","Implicit fossil fuel subsidies","Coal","USD at constant 2021 prices","Annual","Units","0","0","0","0","0","0","0","0","0","0","0","0","0","0","0","0","0","0","0","0","0"
"IMF.STA:FFS(1.0.2)","ZAF.IM.COA.USQ2021.A","OBS_VALUE","South Africa","Implicit fossil fuel subsidies","Coal","USD at constant 2021 prices","Annual","Units","37.24667033","37.91239267","41.51612528","40.8744586","40.26137926","38.02377371","37.69460232","35.78232711","36.28221263","38.04395593","37.90094193","39.29152105","40.37945662","41.00294584","40.92785969","40.80787087","40.30249577","39.60692957","38.76918777","38.72207275","38.77018229"
"IMF.STA:FFS(1.0.2)","FRA.IM.COA.USQ2021.A","OBS_VALUE","France","Implicit fossil fuel subsidies","Coal","USD at constant 2021 prices","Annual","Units","4.284116347","3.831275796","4.228863105","3.560675552","2.346235362","2.016953172","3.434972111","1.775484398","1.563843569","2.568079821","2.855589957","2.901969964","2.932776858","2.955524842","2.988115565","3.016684198","3.063274869","3.10780635","3.149030936","3.186937444","3.221930581"
"IMF.STA:FFS(1.0.2)","HND.IM.COA.USQ2021.A","OBS_VALUE","Honduras","Implicit fossil fuel subsidies","Coal","USD at constant 2021 prices","Annual","Units","0.077814894","0.001190646","0.000370268","0","0.004660842","0.004751873","0.005607252","0.339943547","0.34914491","0.33916492","0.346762669","0.333864074","0.318840627","0.312100044","0.310771736","0.317767201","0.322590846","0.32729649","0.332323975","0.337635197","0.343143848"
"IMF.STA:FFS(1.0.2)","TZA.IM.COA.USQ2021.A","OBS_VALUE","Tanzania, United Republic of","Implicit fossil fuel subsidies","Coal","USD at constant 2021 prices","Annual","Units","0.065997588","0.066146969","0.090778446","0.091203431","0.110172517","0.101013575","0.123479921","0.130463773","0.128642804","0.135354329","0.145064456","0.153212178","0.161907105","0.171360364","0.181202865","0.191464014","0.202283577","0.213691263","0.225717375","0.238396993","0.251763322"
"IMF.STA:FFS(1.0.2)","BGD.IM.COA.USQ2021.A","OBS_VALUE","Bangladesh","Implicit fossil fuel subsidies","Coal","USD at constant 2021 prices","Annual","Units","1.77927159","2.492199911","3.511238823","3.483192043","4.198175308","4.568805757","4.567006509","5.393391452","6.059167699","8.137155514","10.74099571","12.78835906","14.47539396","15.92349166","17.23513793","18.71277078","20.30572104","22.037803","23.98222824","26.10731562","28.42406455"
"IMF.STA:FFS(1.0.2)","UGA.IM.COA.USQ2021.A","OBS_VALUE","Uganda","Implicit fossil fuel subsidies","Coal","USD at constant 2021 prices","Annual","Units","0.014655976","0.015751257","0.017736105","0.017927585","0.019818885","0.024113106","0.028509803","0.030185043","0.03009763","0.03409404","0.038310413","0.040390216","0.042550912","0.045068025","0.04775223","0.050492807","0.053405334","0.056500927","0.059791868","0.063291287","0.067013015"
"IMF.STA:FFS(1.0.2)","ESP.IM.COA.USQ2021.A","OBS_VALUE","Spain","Implicit fossil fuel subsidies","Coal","USD at constant 2021 prices","Annual","Units","5.507600327","4.239606138","5.376573237","4.428457582","2.25461824","1.46709837","1.544672858","1.059958438","1.035305343","2.059730453","2.120534279","2.163997838","2.182820567","2.177744767","2.196974164","2.215655786","2.234070612","2.25533349","2.276204037","2.296208103","2.315089788"
"IMF.STA:FFS(1.0.2)","LCA.IM.COA.USQ2021.A","OBS_VALUE","St. Lucia","Implicit fossil fuel subsidies","Coal","USD at constant 2021 prices","Annual","Units","0","0","0","0","0","0","0","0","0","0","0","0","0","0","0","0","0","0","0","0","0"
"IMF.STA:FFS(1.0.2)","SRB.IM.COA.USQ2021.A","OBS_VALUE","Serbia, Republic of","Implicit fossil fuel subsidies","Coal","USD at constant 2021 prices","Annual","Units","6.190042307","6.676656603","6.572431375","6.721370367","6.0031812","6.430689151","5.351542139","5.670086504","5.83687036","5.845525632","6.404502612","6.33765808","6.3198723","6.254672695","6.117240692","6.049076614","6.082458529","6.178777832","6.287572645","6.40404739","6.527873586"
"IMF.STA:FFS(1.0.2)","CHE.IM.COA.USQ2021.A","OBS_VALUE","Switzerland","Implicit fossil fuel subsidies","Coal","USD at constant 2021 prices","Annual","Units","0.072065344","0.060295897","0.050384716","0.048707698","0.041799852","0.042829043","0.041684024","0.009370621","0.011163233","0.029316757","0.031223835","0.032273275","0.033152186","0.03425639","0.035225917","0.036366232","0.037511841","0.038660521","0.039812307","0.040970693","0.042133994"
"IMF.STA:FFS(1.0.2)","MWI.IM.COA.USQ2021.A","OBS_VALUE","Malawi","Implicit fossil fuel subsidies","Coal","USD at constant 2021 prices","Annual","Units","0.015995434","0.014867925","0.014617701","0.017763691","0.018788577","0.015704321","0.009625884","0.010748317","0.010723487","0.011874256","0.01307786","0.013554156","0.014023466","0.01459578","0.015188028","0.015762492","0.016355226","0.016967012","0.017598683","0.018250982","0.018924684"
"IMF.STA:FFS(1.0.2)","LTU.IM.COA.USQ2021.A","OBS_VALUE","Lithuania, Republic of","Implicit fossil fuel subsidies","Coal","USD at constant 2021 prices","Annual","Units","0.589827264","0.593672539","0.602702793","0.720036828","0.563716014","0.340215263","0.427093065","0.382824264","0.386366896","0.467735083","0.497762806","0.507073701","0.516422679","0.528151508","0.540109447","0.548347734","0.556757715","0.565333568","0.574058804","0.583037684","0.591976332"
"IMF.STA:FFS(1.0.2)","TKM.IM.COA.USQ2021.A","OBS_VALUE","Turkmenistan","Implicit fossil fuel subsidies","Coal","USD at constant 2021 prices","Annual","Units","0","0","0","0","0","0","0","0","0","0","0","0","0","0","0","0","0","0","0","0","0"
"IMF.STA:FFS(1.0.2)","GNQ.IM.COA.USQ2021.A","OBS_VALUE","Equatorial Guinea, Republic of","Implicit fossil fuel subsidies","Coal","USD at constant 2021 prices","Annual","Units","0","0","0","0","0","0","0","0","0","0","0","0","0","0","0","0","0","0","0","0","0"
"IMF.STA:FFS(1.0.2)","TGO.IM.COA.USQ2021.A","OBS_VALUE","Togo","Implicit fossil fuel subsidies","Coal","USD at constant 2021 prices","Annual","Units","0","0","0","0","0","0","0","0","0","0","0","0","0","0","0","0","0","0","0","0","0"
"IMF.STA:FFS(1.0.2)","IDN.IM.COA.USQ2021.A","OBS_VALUE","Indonesia","Implicit fossil fuel subsidies","Coal","USD at constant 2021 prices","Annual","Units","16.76745965","19.9165213","21.34132632","27.98132979","39.42938961","36.72677375","39.81524435","36.69456213","36.95841789","38.35179706","41.56683837","43.39054625","44.73180873","46.38588419","48.11739315","49.89190288","51.76311176","53.68305181","55.64619754","57.42517131","59.18091672"
"IMF.STA:FFS(1.0.2)","GTM.IM.COA.USQ2021.A","OBS_VALUE","Guatemala","Implicit fossil fuel subsidies","Coal","USD at constant 2021 prices","Annual","Units","0.341817417","0.4048575","0.340995264","0.407264368","0.408686195","0.264852902","0.344293962","0.331080143","0.607816455","0.675634726","0.355795943","0.534877867","0.552939775","0.551066695","0.659927795","0.634877019","0.63650172","0.63589841","0.635468297","0.637130799","0.64133515"
"IMF.STA:FFS(1.0.2)","GMB.IM.COA.USQ2021.A","OBS_VALUE","Gambia, The","Implicit fossil fuel subsidies","Coal","USD at constant 2021 prices","Annual","Units","0","0","0","0","0","0","0","0","0","0","0","0","0","0","0","0","0","0","0","0","0"
"IMF.STA:FFS(1.0.2)","BLR.IM.COA.USQ2021.A","OBS_VALUE","Belarus, Republic of","Implicit fossil fuel subsidies","Coal","USD at constant 2021 prices","Annual","Units","1.920736972","1.747998633","1.843458863","2.094134702","1.856461769","1.427537257","1.616485664","1.521728336","1.496150762","1.566605869","1.611232171","1.611601508","1.609261852","1.610834862","1.609321365","1.597493481","1.582835781","1.567154958","1.55139497","1.535684216","1.520028895"
"IMF.STA:FFS(1.0.2)","COG.IM.COA.USQ2021.A","OBS_VALUE","Congo, Republic of","Implicit fossil fuel subsidies","Coal","USD at constant 2021 prices","Annual","Units","0","0","0","0","0","0","0","0","0","0","0","0","0","0","0","0","0","0","0","0","0"
"IMF.STA:FFS(1.0.2)","SGP.IM.COA.USQ2021.A","OBS_VALUE","Singapore","Implicit fossil fuel subsidies","Coal","USD at constant 2021 prices","Annual","Units","0.201940929","0.208618782","0.598696742","0.252596283","0.252432353","0.220860089","0.247231021","0.553505822","0.546035656","0.449137669","0.478248818","0.474854322","0.475129238","0.47781767","0.482965291","0.488863199","0.491591601","0.496267066","0.501649397","0.507297382","0.512913134"
"IMF.STA:FFS(1.0.2)","ECU.IM.COA.USQ2021.A","OBS_VALUE","Ecuador","Implicit fossil fuel subsidies","Coal","USD at constant 2021 prices","Annual","Units","0","0","0","0","0","0","0","0","0","0","0","0","0","0","0","0","0","0","0","0","0"
"IMF.STA:FFS(1.0.2)","CHL.IM.COA.USQ2021.A","OBS_VALUE","Chile","Implicit fossil fuel subsidies","Coal","USD at constant 2021 prices","Annual","Units","2.035350395","2.178616699","2.125476033","2.036665917","2.360456908","2.200762683","1.94181086","1.190589833","1.512179882","1.492060329","1.742274022","1.870440098","1.848098774","1.893923363","1.96682124","2.02101206","2.017772332","2.012911677","2.004484486","1.992387454","1.976386298"
"IMF.STA:FFS(1.0.2)","BRA.IM.COA.USQ2021.A","OBS_VALUE","Brazil","Implicit fossil fuel subsidies","Coal","USD at constant 2021 prices","Annual","Units","5.441338247","5.032566683","5.601526469","5.37862487","5.250881082","4.812796989","6.175901401","9.438649583","9.759729028","9.775315726","9.977559026","9.597433027","9.124790378","8.789062973","8.496962727","8.236686581","8.298019489","8.369488894","8.442537965","8.518370269","8.594867151"
"IMF.STA:FFS(1.0.2)","AUT.IM.COA.USQ2021.A","OBS_VALUE","Austria","Implicit fossil fuel subsidies","Coal","USD at constant 2021 prices","Annual","Units","0.747328093","0.687801015","0.691264734","0.574162686","0.545091705","0.426365113","0.414602605","0.072368761","0.051790598","0.198835281","0.216435284","0.225791626","0.234187431","0.242023174","0.250282045","0.258448194","0.266619201","0.274927655","0.283198456","0.291411809","0.299573896"
"IMF.STA:FFS(1.0.2)","PAN.IM.COA.USQ2021.A","OBS_VALUE","Panama","Implicit fossil fuel subsidies","Coal","USD at constant 2021 prices","Annual","Units","0.021267174","0.019142722","0.005564578","0.014026332","0.056427051","0.058467329","0.057435687","0.211043906","0.231847254","0.301304152","0.414943006","0.472507492","0.518961547","0.543840356","0.562702306","0.581865148","0.585280206","0.588070136","0.5898053","0.598599673","0.606474636"
"IMF.STA:FFS(1.0.2)","NZL.IM.COA.USQ2021.A","OBS_VALUE","New Zealand","Implicit fossil fuel subsidies","Coal","USD at constant 2021 prices","Annual","Units","0.6780214","0.557803423","0.62488951","0.752009653","0.85720983","0.570355269","0.646618559","0.419384125","0.488399144","0.479176952","0.4792326","0.492654093","0.498934446","0.506594536","0.515770681","0.529301035","0.540514016","0.553246772","0.567021819","0.581622032","0.596891908"
"IMF.STA:FFS(1.0.2)","MEX.IM.COA.USQ2021.A","OBS_VALUE","Mexico","Implicit fossil fuel subsidies","Coal","USD at constant 2021 prices","Annual","Units","6.573122136","5.188565534","6.287710369","5.359696384","5.141673303","4.094224371","3.039295825","18.48775831","20.45819439","21.2310377","28.22980315","29.71034589","30.98076413","31.53816662","31.86905785","32.26178792","32.38339873","32.53875866","32.7901025","33.03934131","33.28650086"
"IMF.STA:FFS(1.0.2)","MLT.IM.COA.USQ2021.A","OBS_VALUE","Malta","Implicit fossil fuel subsidies","Coal","USD at constant 2021 prices","Annual","Units","0","0","0","0","0","0","0","0","0","0","0","0","0","0","0","0","0","0","0","0","0"
"IMF.STA:FFS(1.0.2)","PRY.IM.COA.USQ2021.A","OBS_VALUE","Paraguay","Implicit fossil fuel subsidies","Coal","USD at constant 2021 prices","Annual","Units","0.001111265","0.000553377","0.000402932","0.001595398","0.000506745","0.000228805","0.000255668","0.000262965","0.000264957","0.000299025","0.000332532","0.000345893","0.000358812","0.000374267","0.000390217","0.000406299","0.000421286","0.000436614","0.000452295","0.000468325","0.000484713"
"IMF.STA:FFS(1.0.2)","ROU.IM.COA.USQ2021.A","OBS_VALUE","Romania","Implicit fossil fuel subsidies","Coal","USD at constant 2021 prices","Annual","Units","5.19926951","4.613672986","4.776175603","4.798348461","4.300530058","3.338287592","3.804043274","1.889369537","1.819305894","2.74772627","2.592541219","2.701560906","2.880289764","3.011814935","3.232892126","3.518208435","3.445548571","3.368161962","3.318631273","3.337919993","3.353304482"
"IMF.STA:FFS(1.0.2)","SEN.IM.COA.USQ2021.A","OBS_VALUE","Senegal","Implicit fossil fuel subsidies","Coal","USD at constant 2021 prices","Annual","Units","0.101311443","0.126352455","0.094806802","0.124983361","0.126100868","0.108941135","0.162857573","0.166045135","0.183143723","0.225037741","0.354452858","0.405824756","0.44234465","0.464584959","0.487968758","0.517971298","0.534839841","0.547966301","0.561894587","0.576463504","0.591575162"
"IMF.STA:FFS(1.0.2)","SVN.IM.COA.USQ2021.A","OBS_VALUE","Slovenia, Republic of","Implicit fossil fuel subsidies","Coal","USD at constant 2021 prices","Annual","Units","0.365996977","0.396151713","0.408707073","0.388097585","0.331039743","0.303939235","0.285534211","0.020333211","0.020673976","0.098969125","0.115387541","0.107472185","0.105086388","0.102446523","0.095781386","0.093549446","0.089382689","0.04464924","0.033154748","0.03354484","0.033925097"
"IMF.STA:FFS(1.0.2)","SAU.IM.COA.USQ2021.A","OBS_VALUE","Saudi Arabia","Implicit fossil fuel subsidies","Coal","USD at constant 2021 prices","Annual","Units","0","0","0","0","0","0","0","0","0","0","0","0","0","0","0","0","0","0","0","0","0"
"IMF.STA:FFS(1.0.2)","JOR.IM.COA.USQ2021.A","OBS_VALUE","Jordan","Implicit fossil fuel subsidies","Coal","USD at constant 2021 prices","Annual","Units","0.070519863","0.090881506","0.06936964","0.088992625","0.093646546","0.075319193","0.080933914","0.085127111","0.088607988","0.09919332","0.109214005","0.113039811","0.117182292","0.122092871","0.127132358","0.132335533","0.137717048","0.143274498","0.148991618","0.154893929","0.16099885"
"IMF.STA:FFS(1.0.2)","MNG.IM.COA.USQ2021.A","OBS_VALUE","Mongolia","Implicit fossil fuel subsidies","Coal","USD at constant 2021 prices","Annual","Units","1.573599854","1.907399296","1.899255265","2.195368306","2.261218443","1.837168455","2.080075585","2.286273032","2.496036989","2.630648934","2.705205248","2.785909574","2.810090523","2.877653362","2.956789625","3.030593081","3.109629717","3.193428814","3.293654353","3.406963449","3.540894986"
"IMF.STA:FFS(1.0.2)","TCD.IM.COA.USQ2021.A","OBS_VALUE","Chad","Implicit fossil fuel subsidies","Coal","USD at constant 2021 prices","Annual","Units","0","0","0","0","0","0","0","0","0","0","0","0","0","0","0","0","0","0","0","0","0"
"IMF.STA:FFS(1.0.2)","KEN.IM.COA.USQ2021.A","OBS_VALUE","Kenya","Implicit fossil fuel subsidies","Coal","USD at constant 2021 prices","Annual","Units","0.090145674","0.091182242","0.087789184","0.135411323","0.122739124","0.174915943","0.209455793","0.218191764","0.218255657","0.248363871","0.279402241","0.294635051","0.309967718","0.327942375","0.346779913","0.366505028","0.387135891","0.408729611","0.431388457","0.454166469","0.476522269"
"IMF.STA:FFS(1.0.2)","LAO.IM.COA.USQ2021.A","OBS_VALUE","Lao People's Democratic Republic","Implicit fossil fuel subsidies","Coal","USD at constant 2021 prices","Annual","Units","0.374635598","0.861925791","1.109270836","1.173441364","1.23768448","1.235392207","1.355444897","1.405635758","1.153557474","1.554177936","1.5537095","1.892275483","2.251536272","2.573483942","2.774394683","2.971607441","3.152815847","3.330767079","3.509054573","3.689866733","3.875150004"
"IMF.STA:FFS(1.0.2)","TTO.IM.COA.USQ2021.A","OBS_VALUE","Trinidad and Tobago","Implicit fossil fuel subsidies","Coal","USD at constant 2021 prices","Annual","Units","0","0","0","0","0","0","0","0","0","0","0","0","0","0","0","0","0","0","0","0","0"
"IMF.STA:FFS(1.0.2)","CMR.IM.COA.USQ2021.A","OBS_VALUE","Cameroon","Implicit fossil fuel subsidies","Coal","USD at constant 2021 prices","Annual","Units","0","0","0","0","0","0","0","0","0","0","0","0","0","0","0","0","0","0","0","0","0"
"IMF.STA:FFS(1.0.2)","BDI.IM.COA.USQ2021.A","OBS_VALUE","Burundi","Implicit fossil fuel subsidies","Coal","USD at constant 2021 prices","Annual","Units","0.000295971","0.002630515","0.001360397","0.000985775","0.003267751","0.001715974","0.003391481","0.003584563","0.003572933","0.003916751","0.004292447","0.004431048","0.004562563","0.004718999","0.004874062","0.005014893","0.005151835","0.005283993","0.005410489","0.005538146","0.005667178"
"IMF.STA:FFS(1.0.2)","IRL.IM.COA.USQ2021.A","OBS_VALUE","Ireland","Implicit fossil fuel subsidies","Coal","USD at constant 2021 prices","Annual","Units","1.331240813","1.242829204","1.107748906","1.030049505","0.803422978","0.789148497","0.782460568","0.847061227","0.840218488","0.936706807","0.994478708","1.011874482","1.027419762","1.046703443","1.066405998","1.090876945","1.115324164","1.139890014","1.164440875","1.188943711","1.213403129"
"IMF.STA:FFS(1.0.2)","NIC.IM.COA.USQ2021.A","OBS_VALUE","Nicaragua","Implicit fossil fuel subsidies","Coal","USD at constant 2021 prices","Annual","Units","0","0","0","0","0","0","0","0","0","0","0","0","0","0","0","0","0","0","0","0","0"
"IMF.STA:FFS(1.0.2)","RUS.IM.COA.USQ2021.A","OBS_VALUE","Russian Federation","Implicit fossil fuel subsidies","Coal","USD at constant 2021 prices","Annual","Units","114.356979","103.3673153","88.62689584","97.69125622","96.67101095","100.6097018","109.1326238","117.6935944","128.0887865","160.4960154","168.9690428","181.4223879","200.4807645","213.682849","223.0097642","231.2737134","235.0289379","239.0255457","243.0625114","247.3860184","251.7438879"
"IMF.STA:FFS(1.0.2)","CIV.IM.COA.USQ2021.A","OBS_VALUE","Côte d'Ivoire","Implicit fossil fuel subsidies","Coal","USD at constant 2021 prices","Annual","Units","0","0","0","0","0","0","0","0","0","0","0","0","0","0","0","0","0","0","0","0","0"
"IMF.STA:FFS(1.0.2)","URY.IM.COA.USQ2021.A","OBS_VALUE","Uruguay","Implicit fossil fuel subsidies","Coal","USD at constant 2021 prices","Annual","Units","0","0","0","0.0000341","0.0000348","0.0000356","0.0000365","0.0000374","0.0000373","0.0000408","0.0000439","0.000045","0.000046","0.0000472","0.0000484","0.0000494","0.0000505","0.0000515","0.0000526","0.0000536","0.0000546"
"IMF.STA:FFS(1.0.2)","VNM.IM.COA.USQ2021.A","OBS_VALUE","Vietnam","Implicit fossil fuel subsidies","Coal","USD at constant 2021 prices","Annual","Units","7.936607761","9.27501256","9.822581189","14.30891603","19.38068633","22.36666749","22.29803409","19.30973004","16.06434253","15.68411099","16.08196874","16.08173727","15.8417798","16.02852649","16.22428998","16.47870167","16.95258143","18.09168055","19.29732482","20.57310561","21.92255699"
"IMF.STA:FFS(1.0.2)","LVA.IM.COA.USQ2021.A","OBS_VALUE","Latvia, Republic of","Implicit fossil fuel subsidies","Coal","USD at constant 2021 prices","Annual","Units","0.099896631","0.090397531","0.069073303","0.065678611","0.046633431","0.022076533","0.023465019","0.018918395","0.019316205","0.024170805","0.026214583","0.026777202","0.027331086","0.028048928","0.02877986","0.029404551","0.030040069","0.030689169","0.031349803","0.032027985","0.032723193"
"IMF.STA:FFS(1.0.2)","KGZ.IM.COA.USQ2021.A","OBS_VALUE","Kyrgyz Republic","Implicit fossil fuel subsidies","Coal","USD at constant 2021 prices","Annual","Units","0.556209903","0.62913201","0.633185136","0.762198696","0.725724906","0.581426061","0.586893346","0.702112609","0.794050493","0.715474823","0.743682838","0.707799798","0.692921796","0.693480138","0.770842435","0.871789399","0.96249015","1.060509707","1.158427682","1.255745682","1.361601316"
"IMF.STA:FFS(1.0.2)","ISL.IM.COA.USQ2021.A","OBS_VALUE","Iceland","Implicit fossil fuel subsidies","Coal","USD at constant 2021 prices","Annual","Units","0.029662236","0","0","0","0","0","0","0","0","0","0","0","0","0","0","0","0","0","0","0","0"
"IMF.STA:FFS(1.0.2)","UZB.IM.COA.USQ2021.A","OBS_VALUE","Uzbekistan, Republic of","Implicit fossil fuel subsidies","Coal","USD at constant 2021 prices","Annual","Units","3.394168953","4.423796109","4.080243804","5.771149375","4.495127597","5.98499123","4.944483531","7.575037737","8.24114581","9.64004951","10.10023301","10.84119582","11.50109459","12.19953635","13.07401539","14.13091905","15.32657111","16.61691246","18.00713408","19.50278033","21.10871625"
"IMF.STA:FFS(1.0.2)","DEU.IM.COA.USQ2021.A","OBS_VALUE","Germany","Implicit fossil fuel subsidies","Coal","USD at constant 2021 prices","Annual","Units","31.35092222","29.06792496","27.40928805","24.42049616","17.05074703","13.40110778","15.91231601","3.827239511","3.055626398","6.018686179","6.461544587","6.185184424","5.671142625","5.424933984","5.188573413","4.980460879","4.804503984","4.698717204","4.737035191","4.774586721","4.811319305"
"IMF.STA:FFS(1.0.2)","ITA.IM.COA.USQ2021.A","OBS_VALUE","Italy","Implicit fossil fuel subsidies","Coal","USD at constant 2021 prices","Annual","Units","4.650563946","3.988685717","3.590037059","3.341935985","2.262997373","1.656299865","1.849024278","0.707460127","0.34119306","1.563854926","1.662650268","1.636810085","1.643691925","1.628294859","1.610472634","1.609811207","1.616526651","1.625623025","1.633314023","1.6397814","1.645169107"
"IMF.STA:FFS(1.0.2)","IRN.IM.COA.USQ2021.A","OBS_VALUE","Iran, Islamic Republic of","Implicit fossil fuel subsidies","Coal","USD at constant 2021 prices","Annual","Units","0.195940628","0.221451092","0.246861183","0.258725322","0.27923576","0.280434247","0.368446562","1.680041824","2.526948656","3.615822412","7.168833648","7.776745274","8.117636565","8.088446699","8.070706617","8.064045655","8.048633314","8.015017736","7.978616605","7.939552639","7.897794598"
"IMF.STA:FFS(1.0.2)","KHM.IM.COA.USQ2021.A","OBS_VALUE","Cambodia","Implicit fossil fuel subsidies","Coal","USD at constant 2021 prices","Annual","Units","0.165837889","0.239778042","0.285840946","0.28016249","0.354392781","0.558058334","0.499664313","0.560990209","0.569384598","0.62224728","0.672324757","0.719401721","0.762571511","0.811893752","0.862161907","0.912589593","0.958179418","1.002712578","1.046076678","1.088115291","1.128286688"
"IMF.STA:FFS(1.0.2)","CAN.IM.COA.USQ2021.A","OBS_VALUE","Canada","Implicit fossil fuel subsidies","Coal","USD at constant 2021 prices","Annual","Units","5.248712157","5.18384508","5.503211823","4.596196366","4.340818434","3.701971174","3.467956918","1.718974968","1.116065909","0.663834112","0.701219556","0.743495867","0.783862039","0.811041027","0.826210243","0.847814424","0.862701619","0.885157121","0.916575502","0.943834616","0.968364959"
"IMF.STA:FFS(1.0.2)","PAK.IM.COA.USQ2021.A","OBS_VALUE","Pakistan","Implicit fossil fuel subsidies","Coal","USD at constant 2021 prices","Annual","Units","4.127512502","5.087373394","7.278371261","9.439388432","8.868353466","9.622706087","8.670090493","7.877910668","8.039156029","8.983183592","9.968970171","10.62248423","11.08668656","11.55279824","12.13139122","12.77213419","13.55618367","14.40588465","15.31521986","16.2852593","17.31662599"
"IMF.STA:FFS(1.0.2)","GUY.IM.COA.USQ2021.A","OBS_VALUE","Guyana","Implicit fossil fuel subsidies","Coal","USD at constant 2021 prices","Annual","Units","0","0","0","0","0","0","0","0","0","0","0","0","0","0","0","0","0","0","0","0","0"
"IMF.STA:FFS(1.0.2)","SWE.IM.COA.USQ2021.A","OBS_VALUE","Sweden","Implicit fossil fuel subsidies","Coal","USD at constant 2021 prices","Annual","Units","0.402073304","0.375305963","0.408866756","0.382726902","0.357296248","0.287265663","0.315214185","0.009723505","0.009439065","0.077887723","0.088873613","0.096231637","0.103387067","0.110964684","0.11860645","0.12624363","0.133903958","0.141594218","0.149315888","0.157065488","0.16484593"
"IMF.STA:FFS(1.0.2)","YEM.IM.COA.USQ2021.A","OBS_VALUE","Yemen, Republic of","Implicit fossil fuel subsidies","Coal","USD at constant 2021 prices","Annual","Units","0.031261876","0.02778077","0.026852222","0.027961533","0.029545013","0.026083115","0.02630829","0.026851159","0.028512301","0.031193227","0.034143729","0.036274008","0.038361927","0.04071282","0.043089312","0.045621021","0.048160461","0.050678622","0.053145622","0.055638462","0.058261997"
"IMF.STA:FFS(1.0.2)","THA.IM.COA.USQ2021.A","OBS_VALUE","Thailand","Implicit fossil fuel subsidies","Coal","USD at constant 2021 prices","Annual","Units","6.456349775","6.449682228","6.891289068","7.224898177","7.905364439","8.820214266","9.027938611","9.772629768","9.40338029","9.485310545","9.836047109","9.746009862","9.866575447","9.899684696","10.05593054","10.29940774","10.31885543","10.34960944","10.38850212","10.44021605","10.49771206"
"IMF.STA:FFS(1.0.2)","ZWE.IM.COA.USQ2021.A","OBS_VALUE","Zimbabwe","Implicit fossil fuel subsidies","Coal","USD at constant 2021 prices","Annual","Units","0.548002612","0.491994141","0.457622443","0.503238486","0.474445478","0.392188108","0.436556255","0.452157059","0.467721156","0.488586138","0.50862767","0.549037228","0.586168741","0.629684941","0.655955248","0.682359648","0.702299782","0.722670117","0.743507947","0.764860656","0.786686339"
"IMF.STA:FFS(1.0.2)","MRT.IM.COA.USQ2021.A","OBS_VALUE","Mauritania, Islamic Republic of","Implicit fossil fuel subsidies","Coal","USD at constant 2021 prices","Annual","Units","0","0","0","0","0","0","0","0","0","0","0","0","0","0","0","0","0","0","0","0","0"
"IMF.STA:FFS(1.0.2)","KWT.IM.COA.USQ2021.A","OBS_VALUE","Kuwait","Implicit fossil fuel subsidies","Coal","USD at constant 2021 prices","Annual","Units","0","0","0","0","0","0","0","0","0","0","0","0","0","0","0","0","0","0","0","0","0"
"IMF.STA:FFS(1.0.2)","MOZ.IM.COA.USQ2021.A","OBS_VALUE","Mozambique, Republic of","Implicit fossil fuel subsidies","Coal","USD at constant 2021 prices","Annual","Units","0","0.00032964","0.001420585","0.004516733","0.003341517","0.006152768","0.002005909","0.002305185","0.002287502","0.002378989","0.002513585","0.002601666","0.002787503","0.002984964","0.003153941","0.003279363","0.003409018","0.00354313","0.003681875","0.003825441","0.003974018"
"IMF.STA:FFS(1.0.2)","COL.IM.COA.USQ2021.A","OBS_VALUE","Colombia","Implicit fossil fuel subsidies","Coal","USD at constant 2021 prices","Annual","Units","3.883254744","4.189986945","4.402543803","4.643002252","4.989496746","4.738849896","4.830639781","7.055545718","6.881458979","6.837764575","7.393641734","7.498814227","7.598429795","7.757135932","7.944984171","8.150922244","8.378961991","8.610970161","8.84351774","9.036992119","9.236459671"
"IMF.STA:FFS(1.0.2)","CAF.IM.COA.USQ2021.A","OBS_VALUE","Central African Republic","Implicit fossil fuel subsidies","Coal","USD at constant 2021 prices","Annual","Units","0","0","0","0","0","0","0","0","0","0","0","0","0","0","0","0","0","0","0","0","0"
"IMF.STA:FFS(1.0.2)","IRQ.IM.COA.USQ2021.A","OBS_VALUE","Iraq","Implicit fossil fuel subsidies","Coal","USD at constant 2021 prices","Annual","Units","0","0","0","0","0","0","0","0","0","0","0","0","0","0","0","0","0","0","0","0","0"
"IMF.STA:FFS(1.0.2)","KAZ.IM.COA.USQ2021.A","OBS_VALUE","Kazakhstan, Republic of","Implicit fossil fuel subsidies","Coal","USD at constant 2021 prices","Annual","Units","24.26262511","26.22258597","28.72413363","30.95959382","30.89468359","24.59800693","26.46019923","25.77346291","26.1199893","25.13550913","27.14787789","27.75591073","28.72996626","29.73036894","30.00669348","30.6097739","31.27847431","31.97218306","32.6932258","33.45403085","34.24463951"
"IMF.STA:FFS(1.0.2)","BWA.IM.COA.USQ2021.A","OBS_VALUE","Botswana","Implicit fossil fuel subsidies","Coal","USD at constant 2021 prices","Annual","Units","0.330326117","0.326989867","0.389310667","0.443883356","0.391704337","0.292467977","0.328440885","0.423073868","0.427360152","0.446624346","0.451558629","0.461310661","0.463728802","0.463700518","0.462756354","0.461143531","0.472612177","0.483724888","0.494308532","0.504332491","0.513725795"
"IMF.STA:FFS(1.0.2)","BGR.IM.COA.USQ2021.A","OBS_VALUE","Bulgaria","Implicit fossil fuel subsidies","Coal","USD at constant 2021 prices","Annual","Units","3.532644799","3.296523779","3.623094362","3.053528673","2.541807099","2.00349848","2.733412631","1.829856017","1.487503697","2.266412611","2.26480814","2.205695723","2.155625361","2.213401023","2.255216826","2.302735723","2.349599916","2.396697771","2.442481915","2.48497878","2.526928914"
"IMF.STA:FFS(1.0.2)","CZE.IM.COA.USQ2021.A","OBS_VALUE","Czech Republic","Implicit fossil fuel subsidies","Coal","USD at constant 2021 prices","Annual","Units","8.831807481","8.777230938","9.082996526","8.695293096","6.62065143","5.679127822","5.939672588","3.099253977","2.857728803","4.01547555","4.663112138","4.769150629","4.877414265","4.904362565","4.900521266","4.942815037","4.975544655","5.016782894","5.05727476","5.122135998","5.184658141"
"IMF.STA:FFS(1.0.2)","ISR.IM.COA.USQ2021.A","OBS_VALUE","Israel","Implicit fossil fuel subsidies","Coal","USD at constant 2021 prices","Annual","Units","2.197079885","1.882778929","1.742125913","1.700045458","1.827483757","1.60024605","1.484957379","2.078896109","2.294322062","1.041986055","1.374069008","0.740627265","0.315942592","0.076588667","0.042013886","0.039484979","0.041095039","0.042713098","0.044348947","0.046021254","0.047742734"
"IMF.STA:FFS(1.0.2)","JPN.IM.COA.USQ2021.A","OBS_VALUE","Japan","Implicit fossil fuel subsidies","Coal","USD at constant 2021 prices","Annual","Units","40.50996688","39.23123527","40.28966403","36.58782758","36.98335367","38.39833264","39.58123316","44.13647713","45.91002929","47.64463247","49.63251564","53.45206064","56.13331416","58.7091364","62.28051776","65.89497037","65.52308095","65.19976476","64.84479258","64.45815914","64.17010447"
"IMF.STA:FFS(1.0.2)","MDA.IM.COA.USQ2021.A","OBS_VALUE","Moldova, Republic of","Implicit fossil fuel subsidies","Coal","USD at constant 2021 prices","Annual","Units","0.103065971","0.077292702","0.104093861","0.095954675","0.128124174","0.09611346","0.113743073","0.102529449","0.112582476","0.1214282","0.135144515","0.141997651","0.14903091","0.157241353","0.165754725","0.172502688","0.179432666","0.18655111","0.193835886","0.201284746","0.208903212"
"IMF.STA:FFS(1.0.2)","MKD.IM.COA.USQ2021.A","OBS_VALUE","North Macedonia, Republic of","Implicit fossil fuel subsidies","Coal","USD at constant 2021 prices","Annual","Units","0.448159321","0.427634723","0.455184684","0.438067938","0.498761113","0.36117948","0.331103178","0.208135796","0.234448507","0.282846694","0.267425551","0.274277545","0.307113585","0.287618563","0.321650471","0.363161574","0.36360731","0.348277072","0.348368479","0.35839948","0.367824083"
"IMF.STA:FFS(1.0.2)","FJI.IM.COA.USQ2021.A","OBS_VALUE","Fiji, Republic of","Implicit fossil fuel subsidies","Coal","USD at constant 2021 prices","Annual","Units","0.00000011","-0.00000134","-0.0000016","0","0","0","0","0","0","0","0","0","0","0","0","0","0","0","0","0","0"
"IMF.STA:FFS(1.0.2)","JAM.IM.COA.USQ2021.A","OBS_VALUE","Jamaica","Implicit fossil fuel subsidies","Coal","USD at constant 2021 prices","Annual","Units","0.01699194","0.016830857","0.015004898","0.016239557","0.019072986","0.019614613","0.019792549","0.020343857","0.020688345","0.023097877","0.025236768","0.025831016","0.026365321","0.027060086","0.027761388","0.028390625","0.029021373","0.029653363","0.030286494","0.030920667","0.031555805"
"IMF.STA:FFS(1.0.2)","ZMB.IM.COA.USQ2021.A","OBS_VALUE","Zambia","Implicit fossil fuel subsidies","Coal","USD at constant 2021 prices","Annual","Units","0.056167696","0.083335151","0.193453889","0.270047307","0.240549744","0.281613252","0.256367258","0.392213796","0.420558578","0.462122905","0.501747653","0.559514392","0.612827834","0.683631392","0.741111813","0.803612617","0.849486875","0.899535589","0.9532282","1.011405864","1.074290723"
"IMF.STA:FFS(1.0.2)","GRC.IM.COA.USQ2021.A","OBS_VALUE","Greece","Implicit fossil fuel subsidies","Coal","USD at constant 2021 prices","Annual","Units","2.670848731","2.218281454","2.174783727","2.213912796","1.417016321","0.797028865","0.798335661","0.366389558","0.331425694","0.945167209","0.864917333","0.840578762","0.819561522","0.790811441","0.803116763","0.828272648","0.834808405","0.841575353","0.847208909","0.851789466","0.855279748"
"IMF.STA:FFS(1.0.2)","GNB.IM.COA.USQ2021.A","OBS_VALUE","Guinea-Bissau","Implicit fossil fuel subsidies","Coal","USD at constant 2021 prices","Annual","Units","0","0","0","0","0","0","0","0","0","0","0","0","0","0","0","0","0","0","0","0","0"
"IMF.STA:FFS(1.0.2)","BOL.IM.COA.USQ2021.A","OBS_VALUE","Bolivia","Implicit fossil fuel subsidies","Coal","USD at constant 2021 prices","Annual","Units","0.002203914","0.002413832","0.003873674","0.00329398","0.003937047","0.001489935","0.003934285","0.004086027","0.004111883","0.004606852","0.005062365","0.005217683","0.005369105","0.005555152","0.005745613","0.005966066","0.006193059","0.006417706","0.006625232","0.006837078","0.007053311"
"IMF.STA:FFS(1.0.2)","EST.IM.COA.USQ2021.A","OBS_VALUE","Estonia, Republic of","Implicit fossil fuel subsidies","Coal","USD at constant 2021 prices","Annual","Units","0.709500812","0.832710583","0.882242815","0.73339562","0.353242449","0.200108853","0.276632932","0.003183148","0.002937237","0.081452523","0.086952756","0.089011356","0.091050147","0.091417793","0.093192456","0.094597281","0.095422459","0.09633794","0.097024227","0.09764285","0.098225453"
"IMF.STA:FFS(1.0.2)","GHA.IM.COA.USQ2021.A","OBS_VALUE","Ghana","Implicit fossil fuel subsidies","Coal","USD at constant 2021 prices","Annual","Units","0","0","0","0","0","0","0","0","0","0","0","0","0","0","0","0","0","0","0","0","0"
"IMF.STA:FFS(1.0.2)","NOR.IM.COA.USQ2021.A","OBS_VALUE","Norway","Implicit fossil fuel subsidies","Coal","USD at constant 2021 prices","Annual","Units","0.22469599","0.237341279","0.23375679","0.215218572","0.214195289","0.194688541","0.211762006","0.014741849","0.000324046","0.100725597","0.110041424","0.116116636","0.121904451","0.127861459","0.133852963","0.139964399","0.146107646","0.152282933","0.158490956","0.164734812","0.171017547"
"IMF.STA:FFS(1.0.2)","NGA.IM.COA.USQ2021.A","OBS_VALUE","Nigeria","Implicit fossil fuel subsidies","Coal","USD at constant 2021 prices","Annual","Units","0.096555643","0.102141072","0.089999235","0.107296381","0.110413919","0.132755172","0.314259274","0.321615499","0.315982311","0.328564599","0.345856112","0.358076956","0.37123982","0.385261372","0.399583197","0.41500754","0.430796731","0.446954227","0.463478663","0.480367968","0.49762172"
"IMF.STA:FFS(1.0.2)","HRV.IM.COA.USQ2021.A","OBS_VALUE","Croatia, Republic of","Implicit fossil fuel subsidies","Coal","USD at constant 2021 prices","Annual","Units","0.289264584","0.305657139","0.250850102","0.220401995","0.204601889","0.177237553","0.17936927","0.057829192","0.056958192","0.096752502","0.104550224","0.104449481","0.105489402","0.107408811","0.109785945","0.112207534","0.114296507","0.116665644","0.119200379","0.121836521","0.124518537"
"IMF.STA:FFS(1.0.2)","BEN.IM.COA.USQ2021.A","OBS_VALUE","Benin","Implicit fossil fuel subsidies","Coal","USD at constant 2021 prices","Annual","Units","0.006979622","0.01361805","0.013230435","0","0.018611204","0.02063646","0.024142747","0.02580473","0.025653881","0.029177773","0.032764814","0.034484071","0.036203906","0.038226174","0.04034592","0.042454368","0.044657551","0.046958796","0.049361416","0.051868719","0.054483983"
"IMF.STA:FFS(1.0.2)","CRI.IM.COA.USQ2021.A","OBS_VALUE","Costa Rica","Implicit fossil fuel subsidies","Coal","USD at constant 2021 prices","Annual","Units","0.000498126","0.000229135","0.00394159","0.000248853","0.000177691","0.000083","0.011786699","0.011825199","0.011858765","0.013284466","0.014604756","0.015029527","0.015426199","0.01592241","0.016428879","0.016974862","0.017533379","0.018105114","0.018692638","0.019294701","0.019911482"
"IMF.STA:FFS(1.0.2)","NLD.IM.COA.USQ2021.A","OBS_VALUE","Netherlands, The","Implicit fossil fuel subsidies","Coal","USD at constant 2021 prices","Annual","Units","3.314752583","3.128183753","2.867685405","2.3392926","1.639739038","0.907488042","1.38102236","0.183491745","0.098708007","0.609356224","0.662567725","0.632228317","0.656396865","0.486026975","0.430467291","0.447335595","0.458329266","0.46863543","0.478359484","0.48703738","0.495232375"
"IMF.STA:FFS(1.0.2)","CHN.IM.COA.USQ2021.A","OBS_VALUE","China, People's Republic of","Implicit fossil fuel subsidies","Coal","USD at constant 2021 prices","Annual","Units","1461.761095","1484.846717","1569.951151","1525.459536","1558.832572","1550.698785","1684.998018","1673.721075","1810.200529","1853.110371","1958.622295","2041.142154","2081.325352","2145.003696","2197.666906","2236.428894","2269.611652","2299.900311","2326.963588","2350.856268","2371.587728"
"IMF.STA:FFS(1.0.2)","BHR.IM.COA.USQ2021.A","OBS_VALUE","Bahrain, Kingdom of","Implicit fossil fuel subsidies","Coal","USD at constant 2021 prices","Annual","Units","0","0","0","0","0","0","0","0","0","0","0","0","0","0","0","0","0","0","0","0","0"
"IMF.STA:FFS(1.0.2)","COD.IM.COA.USQ2021.A","OBS_VALUE","Congo, Democratic Republic of the","Implicit fossil fuel subsidies","Coal","USD at constant 2021 prices","Annual","Units","0","0","0","0","0","0","0","0","0","0","0","0","0","0","0","0","0","0","0","0","0"
"IMF.STA:FFS(1.0.2)","AUS.IM.COA.USQ2021.A","OBS_VALUE","Australia","Implicit fossil fuel subsidies","Coal","USD at constant 2021 prices","Annual","Units","13.72944692","14.54803962","14.679992","14.54860231","15.49568141","14.35928184","14.32404194","5.509486255","3.502234699","2.73034625","2.700061648","3.051738536","3.535055589","4.194207957","5.194859615","6.512177925","6.521848723","6.522519873","6.584859472","6.558461426","6.523356927"
"IMF.STA:FFS(1.0.2)","TON.IM.COA.USQ2021.A","OBS_VALUE","Tonga","Implicit fossil fuel subsidies","Coal","USD at constant 2021 prices","Annual","Units","0","0","0","0","0","0","0","0","0","0","0","0","0","0","0","0","0","0","0","0","0"
"IMF.STA:FFS(1.0.2)","MDV.IM.COA.USQ2021.A","OBS_VALUE","Maldives","Implicit fossil fuel subsidies","Coal","USD at constant 2021 prices","Annual","Units","0","0","0","0","0","0","0","0","0","0","0","0","0","0","0","0","0","0","0","0","0"
"IMF.STA:FFS(1.0.2)","SVK.IM.COA.USQ2021.A","OBS_VALUE","Slovak Republic","Implicit fossil fuel subsidies","Coal","USD at constant 2021 prices","Annual","Units","3.280665658","2.471023349","2.79160859","3.019464797","2.681669157","1.8483874","2.186879399","1.830540227","1.844838533","2.293645941","2.482334744","2.549398935","2.609031186","2.676307401","2.749012861","2.813770637","2.877913785","2.943317632","3.009814887","3.07723215","3.145534213"
"IMF.STA:FFS(1.0.2)","MMR.IM.COA.USQ2021.A","OBS_VALUE","Myanmar","Implicit fossil fuel subsidies","Coal","USD at constant 2021 prices","Annual","Units","0.121158981","0.094698534","0.181975791","0.215190413","0.303490113","0.321989349","0.271072473","0.394769457","0.441892088","0.530501784","0.543607836","0.62269631","0.691134031","0.781662046","0.893266032","1.007963543","1.11807424","1.216209479","1.293751653","1.351895362","1.409580937"
"IMF.STA:FFS(1.0.2)","BRB.IM.COA.USQ2021.A","OBS_VALUE","Barbados","Implicit fossil fuel subsidies","Coal","USD at constant 2021 prices","Annual","Units","0","0","0","0","0","0","0","0","0","0","0","0","0","0","0","0","0","0","0","0","0"
"IMF.STA:FFS(1.0.2)","LUX.IM.COA.USQ2021.A","OBS_VALUE","Luxembourg","Implicit fossil fuel subsidies","Coal","USD at constant 2021 prices","Annual","Units","0.017342591","0.018320143","0.016770957","0.012793042","0.012506143","0.009859828","0.010923195","0.000859797","0.000441712","0.005870791","0.006471085","0.006860753","0.007235441","0.007632581","0.008031226","0.008472485","0.008916112","0.009362917","0.009812476","0.010264096","0.010718495"
"IMF.STA:FFS(1.0.2)","SYC.IM.COA.USQ2021.A","OBS_VALUE","Seychelles","Implicit fossil fuel subsidies","Coal","USD at constant 2021 prices","Annual","Units","","","","","","","0","0","0","0","0","0","0","0","0","0","0","0","0","0","0"
"IMF.STA:FFS(1.0.2)","PNG.IM.COA.USQ2021.A","OBS_VALUE","Papua New Guinea","Implicit fossil fuel subsidies","Coal","USD at constant 2021 prices","Annual","Units","0","0","0","0","0","0","0","0","0","0","0","0","0","0","0","0","0","0","0","0","0"
"IMF.STA:FFS(1.0.2)","SLE.IM.COA.USQ2021.A","OBS_VALUE","Sierra Leone","Implicit fossil fuel subsidies","Coal","USD at constant 2021 prices","Annual","Units","0","0","0","0","0","0","0","0","0","0","0","0","0","0","0","0","0","0","0","0","0"
"IMF.STA:FFS(1.0.2)","LBR.IM.COA.USQ2021.A","OBS_VALUE","Liberia","Implicit fossil fuel subsidies","Coal","USD at constant 2021 prices","Annual","Units","0","0","0","0","0","0","0","0","0","0","0","0","0","0","0","0","0","0","0","0","0"
"IMF.STA:FFS(1.0.2)","BTN.IM.COA.USQ2021.A","OBS_VALUE","Bhutan","Implicit fossil fuel subsidies","Coal","USD at constant 2021 prices","Annual","Units","0.057282181","0.063122831","0.072650965","0.069486654","0.059869733","0.053400929","0.07767396","0.084939809","0.087687129","0.0990054","0.110812444","0.116438798","0.120562583","0.125807989","0.132364711","0.137904107","0.143629332","0.149532714","0.155605104","0.161829816","0.168244457"
"IMF.STA:FFS(1.0.2)","LBY.IM.COA.USQ2021.A","OBS_VALUE","Libya","Implicit fossil fuel subsidies","Coal","USD at constant 2021 prices","Annual","Units","0","0","0","0","0","0","0","0","0","0","0","0","0","0","0","0","0","0","0","0","0"
"IMF.STA:FFS(1.0.2)","DZA.IM.COA.USQ2021.A","OBS_VALUE","Algeria","Implicit fossil fuel subsidies","Coal","USD at constant 2021 prices","Annual","Units","0.010960073","0","0.019782971","0.034831675","0.026471905","0.007751142","0.030328877","0.030322985","0.029990589","0.034104932","0.03755823","0.038695176","0.039665226","0.040877132","0.042108584","0.043263845","0.044431769","0.045612703","0.046806689","0.04801361","0.04923397"
"IMF.STA:FFS(1.0.2)","EGY.IM.COA.USQ2021.A","OBS_VALUE","Egypt, Arab Republic of","Implicit fossil fuel subsidies","Coal","USD at constant 2021 prices","Annual","Units","0.325034911","1.763427776","3.310461024","4.921677681","3.785222125","1.705881442","3.397375543","3.893575299","3.749908851","4.238836602","4.752164409","5.017283076","5.305280172","5.668512993","6.064157451","6.547113156","7.066440063","7.624670336","8.224510276","8.869039212","9.560868551"
"IMF.STA:FFS(1.0.2)","BRN.IM.COA.USQ2021.A","OBS_VALUE","Brunei Darussalam","Implicit fossil fuel subsidies","Coal","USD at constant 2021 prices","Annual","Units","0","0","0","0","0.045893825","0.168363891","0.175677386","0.101229343","0.102613255","0.112181539","0.131220966","0.133974715","0.133315372","0.132552478","0.132765897","0.133227237","0.134155245","0.135531223","0.137396541","0.139731728","0.142514597"
"IMF.STA:FFS(1.0.2)","PHL.IM.COA.USQ2021.A","OBS_VALUE","Philippines","Implicit fossil fuel subsidies","Coal","USD at constant 2021 prices","Annual","Units","5.061889091","6.252129126","7.421062041","8.069132364","9.201031286","8.38737359","9.333357997","8.249133982","8.997589655","9.914765934","11.49708701","12.25742546","13.03184249","13.82020382","14.46688428","15.37837716","16.45563033","17.45797335","18.52516356","19.6590236","20.86195838"
"IMF.STA:FFS(1.0.2)","QAT.IM.COA.USQ2021.A","OBS_VALUE","Qatar","Implicit fossil fuel subsidies","Coal","USD at constant 2021 prices","Annual","Units","0","0","0","0","0","0","0","0","0","0","0","0","0","0","0","0","0","0","0","0","0"
"IMF.STA:FFS(1.0.2)","GIN.IM.COA.USQ2021.A","OBS_VALUE","Guinea","Implicit fossil fuel subsidies","Coal","USD at constant 2021 prices","Annual","Units","0","0","0","0","0","0","0","0","0","0","0","0","0","0","0","0","0","0","0","0","0"
"IMF.STA:FFS(1.0.2)","SLB.IM.COA.USQ2021.A","OBS_VALUE","Solomon Islands","Implicit fossil fuel subsidies","Coal","USD at constant 2021 prices","Annual","Units","0","0","0","0","0","0","0","0","0","0","0","0","0","0","0","0","0","0","0","0","0"
"IMF.STA:FFS(1.0.2)","BHS.IM.COA.USQ2021.A","OBS_VALUE","Bahamas, The","Implicit fossil fuel subsidies","Coal","USD at constant 2021 prices","Annual","Units","0.000403773","0.000413115","0.000421194","0.000432796","0.000442753","0.000462154","0.000474336","0.000483315","0.000484323","0.00053059","0.000573475","0.000584516","0.000594084","0.000606831","0.000619644","0.000631213","0.000642762","0.000654288","0.000665792","0.00067728","0.000688747"
"IMF.STA:FFS(1.0.2)","HTI.IM.COA.USQ2021.A","OBS_VALUE","Haiti","Implicit fossil fuel subsidies","Coal","USD at constant 2021 prices","Annual","Units","0","0","0","0","0","0","0","0","0","0","0","0","0","0","0","0","0","0","0","0","0"
"IMF.STA:FFS(1.0.2)","AFG.IM.COA.USQ2021.A","OBS_VALUE","Afghanistan, Islamic Republic of","Implicit fossil fuel subsidies","Coal","USD at constant 2021 prices","Annual","Units","0.207540641","0.210847818","0.258391935","0.297012245","0.306918075","0.338079859","0.279490094","0.29772541","0.304840098","0.335482684","0.363665389","0.370758909","0.377398266","0.386293688","0.395478621","0.403580803","0.411257027","0.418799303","0.426327098","0.433878642","0.44145582"
"IMF.STA:FFS(1.0.2)","MLI.IM.COA.USQ2021.A","OBS_VALUE","Mali","Implicit fossil fuel subsidies","Coal","USD at constant 2021 prices","Annual","Units","0","0.019405033","0.013718287","0.014664454","0.015885761","0.016116678","0.016713267","0.01815437","0.018372754","0.020727155","0.022941758","0.023948338","0.024936352","0.026102105","0.027314646","0.028502362","0.029733594","0.031009982","0.032333228","0.03370511","0.035127452"
"IMF.STA:FFS(1.0.2)","AGO.IM.COA.USQ2021.A","OBS_VALUE","Angola","Implicit fossil fuel subsidies","Coal","USD at constant 2021 prices","Annual","Units","0","0","0","0","0","0","0","0","0","0","0","0","0","0","0","0","0","0","0","0","0"
"IMF.STA:FFS(1.0.2)","SLV.IM.COA.USQ2021.A","OBS_VALUE","El Salvador","Implicit fossil fuel subsidies","Coal","USD at constant 2021 prices","Annual","Units","0.00041963","0.000420726","0.000251178","0.000309782","0.00028706","0.000220996","0.000251631","0.000279738","0.00028339","0.000319863","0.000353847","0.000365615","0.000375259","0.000387478","0.000399967","0.000412348","0.000424949","0.000437794","0.000450902","0.000464239","0.000477798"
"IMF.STA:FFS(1.0.2)","NER.IM.COA.USQ2021.A","OBS_VALUE","Niger","Implicit fossil fuel subsidies","Coal","USD at constant 2021 prices","Annual","Units","0.016928215","0.018282745","0.018006571","0.017786982","0.017123894","0.020653521","0.020371298","0.023749168","0.030865272","0.038367646","0.04611858","0.05812596","0.072686406","0.089457987","0.105924166","0.11946946","0.131821906","0.14714856","0.162611002","0.177480573","0.191222176"
"IMF.STA:FFS(1.0.2)","LSO.IM.COA.USQ2021.A","OBS_VALUE","Lesotho, Kingdom of","Implicit fossil fuel subsidies","Coal","USD at constant 2021 prices","Annual","Units","0.109269635","0.107559996","0.130717874","0.121281801","0.123450485","0.116330094","0.211141053","0.23624627","0.235339514","0.262098869","0.28842834","0.297361842","0.305229732","0.315038585","0.32500464","0.334188977","0.343466051","0.352834388","0.362292341","0.371838228","0.381470338"
"IMF.STA:FFS(1.0.2)","BEL.IM.COA.USQ2021.A","OBS_VALUE","Belgium","Implicit fossil fuel subsidies","Coal","USD at constant 2021 prices","Annual","Units","1.224629625","1.010142634","0.991291617","0.911586549","0.774382208","0.573521296","0.64047695","0.294556086","0.262443335","0.382844214","0.413368475","0.418873977","0.425777873","0.434515879","0.443130397","0.451990342","0.460543453","0.469298891","0.478133725","0.486991905","0.495847413"
"IMF.STA:FFS(1.0.2)","AZE.IM.COA.USQ2021.A","OBS_VALUE","Azerbaijan, Republic of","Implicit fossil fuel subsidies","Coal","USD at constant 2021 prices","Annual","Units","0","0","0","0","0","0","0","0","0","0","0","0","0","0","0","0","0","0","0","0","0"
"IMF.STA:FFS(1.0.2)","DNK.IM.COA.USQ2021.A","OBS_VALUE","Denmark","Implicit fossil fuel subsidies","Coal","USD at constant 2021 prices","Annual","Units","0.682353756","0.761949369","0.638174973","0.573581473","0.306746198","0.240226845","0.330803661","0.126633803","0.130144205","0.164930689","0.170755787","0.175932746","0.178409908","0.180096598","0.180802931","0.183623401","0.187357849","0.193135793","0.199005234","0.205005014","0.211089114"
"IMF.STA:FFS(1.0.2)","RWA.IM.COA.USQ2021.A","OBS_VALUE","Rwanda","Implicit fossil fuel subsidies","Coal","USD at constant 2021 prices","Annual","Units","0.002842679","0.004437966","0.008266907","0.010877364","0.009565097","0.010714372","0.012390523","0.036383526","0.036776386","0.037439931","0.031344961","0.038749871","0.04624989","0.051858719","0.056410538","0.061467322","0.066547098","0.071925009","0.075488357","0.077473073","0.079614182"
"IMF.STA:FFS(1.0.2)","ALB.IM.COA.USQ2021.A","OBS_VALUE","Albania","Implicit fossil fuel subsidies","Coal","USD at constant 2021 prices","Annual","Units","0.035692424","0.024529315","0.048962667","0.089653063","0.053100539","0.060779372","0.089892687","0.096357406","0.094823034","0.103730357","0.113200679","0.117094998","0.120795923","0.125153672","0.12959279","0.133717414","0.137890952","0.142114602","0.146380196","0.15068274","0.155027989"
"IMF.STA:FFS(1.0.2)","SDN.IM.COA.USQ2021.A","OBS_VALUE","Sudan","Implicit fossil fuel subsidies","Coal","USD at constant 2021 prices","Annual","Units","0","0","0","0","0","0","0","0","0","0","0","0","0","0","0","0","0","0","0","0","0"
"IMF.STA:FFS(1.0.2)","NAM.IM.COA.USQ2021.A","OBS_VALUE","Namibia","Implicit fossil fuel subsidies","Coal","USD at constant 2021 prices","Annual","Units","0.000737203","0.005890131","0.006910339","0.002325745","0.005660705","0.007421885","0.005409747","0.011075412","0.008921892","0.009612971","0.009966198","0.005589872","0.003252233","0.002019606","0.001416948","0","0","0","0","0","0"
"IMF.STA:FFS(1.0.2)","BLZ.IM.COA.USQ2021.A","OBS_VALUE","Belize","Implicit fossil fuel subsidies","Coal","USD at constant 2021 prices","Annual","Units","0","0","0","0","0","0","0","0","0","0","0","0","0","0","0","0","0","0","0","0","0"
"IMF.STA:FFS(1.0.2)","ARE.IM.COA.USQ2021.A","OBS_VALUE","United Arab Emirates","Implicit fossil fuel subsidies","Coal","USD at constant 2021 prices","Annual","Units","0.693820019","0.765051679","0.903208864","0.845512683","0.807158949","0.886252525","1.118608544","0.993965721","1.078200944","1.213765344","1.381629134","1.452613181","1.517355095","1.579215787","1.640693486","1.701736401","1.762533717","1.826282603","1.893062529","1.962770551","2.035315672"
"IMF.STA:FFS(1.0.2)","CPV.IM.COA.USQ2021.A","OBS_VALUE","Cabo Verde","Implicit fossil fuel subsidies","Coal","USD at constant 2021 prices","Annual","Units","0","0","0","0","0","0","0","0","0","0","0","0","0","0","0","0","0","0","0","0","0"
"IMF.STA:FFS(1.0.2)","ETH.IM.COA.USQ2021.A","OBS_VALUE","Ethiopia, The Federal Democratic Republic of","Implicit fossil fuel subsidies","Coal","USD at constant 2021 prices","Annual","Units","0.075084286","0.096559913","0.095725911","0.112337545","0.124651012","0.146726298","0.193121396","0.204019431","0.20485275","0.229840345","0.254982122","0.268869826","0.283093257","0.299753857","0.317412858","0.335294731","0.354143478","0.374006354","0.394931358","0.416967712","0.440165297"
"IMF.STA:FFS(1.0.2)","MAR.IM.COA.USQ2021.A","OBS_VALUE","Morocco","Implicit fossil fuel subsidies","Coal","USD at constant 2021 prices","Annual","Units","1.574780717","1.558931823","1.731409619","1.999781711","2.628668694","2.82337545","3.060263619","1.828316679","1.655945861","1.439740259","1.477615154","1.438230983","1.266183947","1.232696268","1.185422938","1.15355644","1.150407406","1.14189369","1.108376289","1.06775964","0.998978915"
"IMF.STA:FFS(1.0.2)","FIN.IM.COA.USQ2021.A","OBS_VALUE","Finland","Implicit fossil fuel subsidies","Coal","USD at constant 2021 prices","Annual","Units","1.368509491","1.422243569","1.273775998","1.298345603","1.075179855","0.53871546","0.595925058","0.110353044","0.109543215","0.200883644","0.225308365","0.237408063","0.230918395","0.237316985","0.24820364","0.258091164","0.267797847","0.277331558","0.286679854","0.295847119","0.304819333"
"IMF.STA:FFS(1.0.2)","OMN.IM.COA.USQ2021.A","OBS_VALUE","Oman","Implicit fossil fuel subsidies","Coal","USD at constant 2021 prices","Annual","Units","0","0","0","0","0","0","0","0","0","0","0","0","0","0","0","0","0","0","0","0","0"
"IMF.STA:FFS(1.0.2)","MUS.IM.COA.USQ2021.A","OBS_VALUE","Mauritius","Implicit fossil fuel subsidies","Coal","USD at constant 2021 prices","Annual","Units","0.149261107","0.156251919","0.166737116","0.166391161","0.156651461","0.150738095","0.172069343","0.265361884","0.294265483","0.311849069","0.332565031","0.33568699","0.335574933","0.337210664","0.33922688","0.340970585","0.341543572","0.341824965","0.341918218","0.341874542","0.341672803"
"IMF.STA:FFS(1.0.2)","IND.IM.COA.USQ2021.A","OBS_VALUE","India","Implicit fossil fuel subsidies","Coal","USD at constant 2021 prices","Annual","Units","139.4471751","146.2869885","158.6122901","178.8008278","180.7875475","164.0194861","188.3379493","181.4235147","191.8188181","204.380274","237.0039165","253.8407897","279.6819503","311.5003479","348.2005309","389.0846666","421.4706584","456.0272666","492.7569276","531.9568629","573.6535362"
"IMF.STA:FFS(1.0.2)","POL.IM.COA.USQ2021.A","OBS_VALUE","Poland, Republic of","Implicit fossil fuel subsidies","Coal","USD at constant 2021 prices","Annual","Units","60.39904395","60.69733364","65.35868464","59.7063562","46.95386016","44.80887791","47.23809156","38.92511669","40.63448748","48.72175808","50.83254879","52.11679373","52.13029715","52.99157931","53.5872838","53.85813799","54.42781781","55.18416688","55.67761149","56.28726036","57.09214456"
"IMF.STA:FFS(1.0.2)","USA.IM.COA.USQ2021.A","OBS_VALUE","United States","Implicit fossil fuel subsidies","Coal","USD at constant 2021 prices","Annual","Units","134.2701169","122.0523031","126.3421425","122.3177027","100.8443109","88.46871776","101.6019433","110.2492967","105.5822436","101.3215748","88.75247762","91.43924194","94.15637763","93.7611022","93.08022201","92.62520161","89.30371481","88.44559255","87.53372631","86.60849429","85.67688943"
"IMF.STA:FFS(1.0.2)","ARG.IM.COA.USQ2021.A","OBS_VALUE","Argentina","Implicit fossil fuel subsidies","Coal","USD at constant 2021 prices","Annual","Units","0.431893894","0.356865807","0.371262878","0.413111685","0.236965243","0.293996718","0.429707902","0.624278203","0.685407854","0.840887996","1.687154921","1.926850566","2.041023316","2.017065949","1.997817328","2.001638351","1.995943757","1.985277438","1.974346323","1.963145032","1.95161212"
"IMF.STA:FFS(1.0.2)","BIH.IM.COA.USQ2021.A","OBS_VALUE","Bosnia and Herzegovina","Implicit fossil fuel subsidies","Coal","USD at constant 2021 prices","Annual","Units","2.328858689","2.510043855","2.582898533","2.101404357","1.809990599","1.737720653","1.924667257","2.017416524","2.075123151","2.127268732","2.147925805","2.146870624","1.993727392","1.945668118","1.882370721","1.814685387","1.760873608","1.770185479","1.787213217","1.809776973","1.834150598"
"IMF.STA:FFS(1.0.2)","PER.IM.COA.USQ2021.A","OBS_VALUE","Peru","Implicit fossil fuel subsidies","Coal","USD at constant 2021 prices","Annual","Units","1.573313738","1.460762899","1.458738069","1.713025523","1.994670513","1.009445396","1.573109093","1.706513769","1.707104888","1.854170291","2.002760882","2.061176266","2.117594087","2.181202365","2.245778409","2.323655438","2.391870041","2.453240515","2.515255573","2.577925709","2.641147719"
"IMF.STA:FFS(1.0.2)","COM.IM.COA.USQ2021.A","OBS_VALUE","Comoros, Union of the","Implicit fossil fuel subsidies","Coal","USD at constant 2021 prices","Annual","Units","0","0","0","0","0","0","0","0","0","0","0","0","0","0","0","0","0","0","0","0","0"
"IMF.STA:FFS(1.0.2)","CYP.IM.COA.USQ2021.A","OBS_VALUE","Cyprus","Implicit fossil fuel subsidies","Coal","USD at constant 2021 prices","Annual","Units","0.000928638","0","0.000809693","0.003263346","0.00370311","0.002799577","0.008556804","0","0","0.004197567","0.00468966","0.005118975","0.005551492","0.005996396","0.006444536","0.006892641","0.00734275","0.007794527","0.00824765","0.008701711","0.009156353"
"IMF.STA:FFS(1.0.2)","LBN.IM.COA.USQ2021.A","OBS_VALUE","Lebanon","Implicit fossil fuel subsidies","Coal","USD at constant 2021 prices","Annual","Units","","","","","","","0.03225372","0.036014032","0.040049426","0.044043336","0.047822757","0.048670339","0.049394873","0.050408613","0.051422435","0.052288998","0.053148896","0.054002165","0.05484884","0.055688959","0.056522555"
"IMF.STA:FFS(1.0.2)","GBR.IM.COA.USQ2021.A","OBS_VALUE","United Kingdom","Implicit fossil fuel subsidies","Coal","USD at constant 2021 prices","Annual","Units","8.812562129","6.114228662","5.540019295","4.723439613","3.581161682","3.113935376","3.345139529","2.64665675","2.742211509","3.318347483","3.608099868","3.665467655","3.708929579","3.766546786","3.820466277","3.86362605","3.899715483","3.92941092","3.957073758","3.983853425","4.009663427"
"IMF.STA:FFS(1.0.2)","MDG.IM.COA.USQ2021.A","OBS_VALUE","Madagascar, Republic of","Implicit fossil fuel subsidies","Coal","USD at constant 2021 prices","Annual","Units","0.068298643","0.067236724","0.065846556","0.059693658","0.065358851","0.029365575","0.064612256","0.16246249","0.170799586","0.176162855","0.183651485","0.187461931","0.190704892","0.195719135","0.201034611","0.206524335","0.211274264","0.216004968","0.220935837","0.226098564","0.231488007"
"IMF.STA:FFS(1.0.2)","DJI.IM.COA.USQ2021.A","OBS_VALUE","Djibouti","Implicit fossil fuel subsidies","Coal","USD at constant 2021 prices","Annual","Units","0","0","0","0","0","0","0","0","0","0","0","0","0","0","0","0","0","0","0","0","0"
"IMF.STA:FFS(1.0.2)","GEO.IM.COA.USQ2021.A","OBS_VALUE","Georgia","Implicit fossil fuel subsidies","Coal","USD at constant 2021 prices","Annual","Units","0.086783489","0.078754523","0.091045756","0.102153862","0.092315478","0.069192877","0.077427138","0.082096892","0.082333191","0.091998367","0.101532735","0.105698449","0.109816636","0.11463444","0.119567984","0.124321502","0.129161647","0.134087308","0.139098558","0.144191288","0.149363948"
"IMF.STA:FFS(1.0.2)","ITA.IM.ECY.USQ2021.A","OBS_VALUE","Italy","Implicit fossil fuel subsidies","Electricity","USD at constant 2021 prices","Annual","Units","0","0","0","0","0","0","0","0","0","0","0","0","0","0","0","0","0","0","0","0","0"
"IMF.STA:FFS(1.0.2)","UZB.IM.ECY.USQ2021.A","OBS_VALUE","Uzbekistan, Republic of","Implicit fossil fuel subsidies","Electricity","USD at constant 2021 prices","Annual","Units","0","0","0","0","0","0","0","0","0","0","0","0","0","0","0","0","0","0","0","0","0"
"IMF.STA:FFS(1.0.2)","PAK.IM.ECY.USQ2021.A","OBS_VALUE","Pakistan","Implicit fossil fuel subsidies","Electricity","USD at constant 2021 prices","Annual","Units","0","0","0","0","0","0","0","0","0","0","0","0","0","0","0","0","0","0","0","0","0"
"IMF.STA:FFS(1.0.2)","TON.IM.ECY.USQ2021.A","OBS_VALUE","Tonga","Implicit fossil fuel subsidies","Electricity","USD at constant 2021 prices","Annual","Units","0","0","0","0","0","0","0","0","0","0","0","0","0","0","0","0","0","0","0","0","0"
"IMF.STA:FFS(1.0.2)","NIC.IM.ECY.USQ2021.A","OBS_VALUE","Nicaragua","Implicit fossil fuel subsidies","Electricity","USD at constant 2021 prices","Annual","Units","0","0","0","0","0","0","0","0","0","0","0","0","0","0","0","0","0","0","0","0","0"
"IMF.STA:FFS(1.0.2)","TTO.IM.ECY.USQ2021.A","OBS_VALUE","Trinidad and Tobago","Implicit fossil fuel subsidies","Electricity","USD at constant 2021 prices","Annual","Units","0","0","0","0","0","0","0","0","0","0","0","0","0","0","0","0","0","0","0","0","0"
"IMF.STA:FFS(1.0.2)","BWA.IM.ECY.USQ2021.A","OBS_VALUE","Botswana","Implicit fossil fuel subsidies","Electricity","USD at constant 2021 prices","Annual","Units","0","0","0","0","0","0","0","0","0","0","0","0","0","0","0","0","0","0","0","0","0"
"IMF.STA:FFS(1.0.2)","GTM.IM.ECY.USQ2021.A","OBS_VALUE","Guatemala","Implicit fossil fuel subsidies","Electricity","USD at constant 2021 prices","Annual","Units","0","0","0","0","0","0","0","0","0","0","0","0","0","0","0","0","0","0","0","0","0"
"IMF.STA:FFS(1.0.2)","IRL.IM.ECY.USQ2021.A","OBS_VALUE","Ireland","Implicit fossil fuel subsidies","Electricity","USD at constant 2021 prices","Annual","Units","0","0","0","0","0","0","0","0","0","0","0","0","0","0","0","0","0","0","0","0","0"
"IMF.STA:FFS(1.0.2)","IDN.IM.ECY.USQ2021.A","OBS_VALUE","Indonesia","Implicit fossil fuel subsidies","Electricity","USD at constant 2021 prices","Annual","Units","0","0","0","0","0","0","0","0","0","0","0","0","0","0","0","0","0","0","0","0","0"
"IMF.STA:FFS(1.0.2)","KHM.IM.ECY.USQ2021.A","OBS_VALUE","Cambodia","Implicit fossil fuel subsidies","Electricity","USD at constant 2021 prices","Annual","Units","0","0","0","0","0","0","0","0","0","0","0","0","0","0","0","0","0","0","0","0","0"
"IMF.STA:FFS(1.0.2)","BGR.IM.ECY.USQ2021.A","OBS_VALUE","Bulgaria","Implicit fossil fuel subsidies","Electricity","USD at constant 2021 prices","Annual","Units","0","0","0","0","0","0","0","0","0","0","0","0","0","0","0","0","0","0","0","0","0"
"IMF.STA:FFS(1.0.2)","MKD.IM.ECY.USQ2021.A","OBS_VALUE","North Macedonia, Republic of","Implicit fossil fuel subsidies","Electricity","USD at constant 2021 prices","Annual","Units","0","0","0","0","0","0","0","0","0","0","0","0","0","0","0","0","0","0","0","0","0"
"IMF.STA:FFS(1.0.2)","URY.IM.ECY.USQ2021.A","OBS_VALUE","Uruguay","Implicit fossil fuel subsidies","Electricity","USD at constant 2021 prices","Annual","Units","0","0","0","0","0","0","0","0","0","0","0","0","0","0","0","0","0","0","0","0","0"
"IMF.STA:FFS(1.0.2)","CPV.IM.ECY.USQ2021.A","OBS_VALUE","Cabo Verde","Implicit fossil fuel subsidies","Electricity","USD at constant 2021 prices","Annual","Units","0","0","0","0","0","0","0","0","0","0","0","0","0","0","0","0","0","0","0","0","0"
"IMF.STA:FFS(1.0.2)","BDI.IM.ECY.USQ2021.A","OBS_VALUE","Burundi","Implicit fossil fuel subsidies","Electricity","USD at constant 2021 prices","Annual","Units","0","0","0","0","0","0","0","0","0","0","0","0","0","0","0","0","0","0","0","0","0"
"IMF.STA:FFS(1.0.2)","LCA.IM.ECY.USQ2021.A","OBS_VALUE","St. Lucia","Implicit fossil fuel subsidies","Electricity","USD at constant 2021 prices","Annual","Units","0","0","0","0","0","0","0","0","0","0","0","0","0","0","0","0","0","0","0","0","0"
"IMF.STA:FFS(1.0.2)","TGO.IM.ECY.USQ2021.A","OBS_VALUE","Togo","Implicit fossil fuel subsidies","Electricity","USD at constant 2021 prices","Annual","Units","0","0","0","0","0","0","0","0","0","0","0","0","0","0","0","0","0","0","0","0","0"
"IMF.STA:FFS(1.0.2)","TCD.IM.ECY.USQ2021.A","OBS_VALUE","Chad","Implicit fossil fuel subsidies","Electricity","USD at constant 2021 prices","Annual","Units","0","0","0","0","0","0","0","0","0","0","0","0","0","0","0","0","0","0","0","0","0"
"IMF.STA:FFS(1.0.2)","RUS.IM.ECY.USQ2021.A","OBS_VALUE","Russian Federation","Implicit fossil fuel subsidies","Electricity","USD at constant 2021 prices","Annual","Units","0","0","0","0","0","0","0","0","0","0","0","0","0","0","0","0","0","0","0","0","0"
"IMF.STA:FFS(1.0.2)","SRB.IM.ECY.USQ2021.A","OBS_VALUE","Serbia, Republic of","Implicit fossil fuel subsidies","Electricity","USD at constant 2021 prices","Annual","Units","0","0","0","0","0","0","0","0","0","0","0","0","0","0","0","0","0","0","0","0","0"
"IMF.STA:FFS(1.0.2)","MOZ.IM.ECY.USQ2021.A","OBS_VALUE","Mozambique, Republic of","Implicit fossil fuel subsidies","Electricity","USD at constant 2021 prices","Annual","Units","0","0","0","0","0","0","0","0","0","0","0","0","0","0","0","0","0","0","0","0","0"
"IMF.STA:FFS(1.0.2)","BFA.IM.ECY.USQ2021.A","OBS_VALUE","Burkina Faso","Implicit fossil fuel subsidies","Electricity","USD at constant 2021 prices","Annual","Units","0","0","0","0","0","0","0","0","0","0","0","0","0","0","0","0","0","0","0","0","0"
"IMF.STA:FFS(1.0.2)","GUY.IM.ECY.USQ2021.A","OBS_VALUE","Guyana","Implicit fossil fuel subsidies","Electricity","USD at constant 2021 prices","Annual","Units","0","0","0","0","0","0","0","0","0","0","0","0","0","0","0","0","0","0","0","0","0"
"IMF.STA:FFS(1.0.2)","THA.IM.ECY.USQ2021.A","OBS_VALUE","Thailand","Implicit fossil fuel subsidies","Electricity","USD at constant 2021 prices","Annual","Units","0","0","0","0","0","0","0","0","0","0","0","0","0","0","0","0","0","0","0","0","0"
"IMF.STA:FFS(1.0.2)","LUX.IM.ECY.USQ2021.A","OBS_VALUE","Luxembourg","Implicit fossil fuel subsidies","Electricity","USD at constant 2021 prices","Annual","Units","0","0","0","0","0","0","0","0","0","0","0","0","0","0","0","0","0","0","0","0","0"
"IMF.STA:FFS(1.0.2)","SYC.IM.ECY.USQ2021.A","OBS_VALUE","Seychelles","Implicit fossil fuel subsidies","Electricity","USD at constant 2021 prices","Annual","Units","0","0","0","0","0","0","0","0","0","0","0","0","0","0","0","0","0","0","0","0","0"
"IMF.STA:FFS(1.0.2)","GEO.IM.ECY.USQ2021.A","OBS_VALUE","Georgia","Implicit fossil fuel subsidies","Electricity","USD at constant 2021 prices","Annual","Units","0","0","0","0","0","0","0","0","0","0","0","0","0","0","0","0","0","0","0","0","0"
"IMF.STA:FFS(1.0.2)","SLE.IM.ECY.USQ2021.A","OBS_VALUE","Sierra Leone","Implicit fossil fuel subsidies","Electricity","USD at constant 2021 prices","Annual","Units","0","0","0","0","0","0","0","0","0","0","0","0","0","0","0","0","0","0","0","0","0"
"IMF.STA:FFS(1.0.2)","LBR.IM.ECY.USQ2021.A","OBS_VALUE","Liberia","Implicit fossil fuel subsidies","Electricity","USD at constant 2021 prices","Annual","Units","0","0","0","0","0","0","0","0","0","0","0","0","0","0","0","0","0","0","0","0","0"
"IMF.STA:FFS(1.0.2)","ISL.IM.ECY.USQ2021.A","OBS_VALUE","Iceland","Implicit fossil fuel subsidies","Electricity","USD at constant 2021 prices","Annual","Units","0","0","0","0","0","0","0","0","0","0","0","0","0","0","0","0","0","0","0","0","0"
"IMF.STA:FFS(1.0.2)","SVK.IM.ECY.USQ2021.A","OBS_VALUE","Slovak Republic","Implicit fossil fuel subsidies","Electricity","USD at constant 2021 prices","Annual","Units","0","0","0","0","0","0","0","0","0","0","0","0","0","0","0","0","0","0","0","0","0"
"IMF.STA:FFS(1.0.2)","SUR.IM.ECY.USQ2021.A","OBS_VALUE","Suriname","Implicit fossil fuel subsidies","Electricity","USD at constant 2021 prices","Annual","Units","0","0","0","0","0","0","0","0","0","0","0","0","0","0","0","0","0","0","0","0","0"
"IMF.STA:FFS(1.0.2)","KGZ.IM.ECY.USQ2021.A","OBS_VALUE","Kyrgyz Republic","Implicit fossil fuel subsidies","Electricity","USD at constant 2021 prices","Annual","Units","0","0","0","0","0","0","0","0","0","0","0","0","0","0","0","0","0","0","0","0","0"
"IMF.STA:FFS(1.0.2)","LSO.IM.ECY.USQ2021.A","OBS_VALUE","Lesotho, Kingdom of","Implicit fossil fuel subsidies","Electricity","USD at constant 2021 prices","Annual","Units","0","0","0","0","0","0","0","0","0","0","0","0","0","0","0","0","0","0","0","0","0"
"IMF.STA:FFS(1.0.2)","AUS.IM.ECY.USQ2021.A","OBS_VALUE","Australia","Implicit fossil fuel subsidies","Electricity","USD at constant 2021 prices","Annual","Units","0","0","0","0","0","0","0","0","0","0","0","0","0","0","0","0","0","0","0","0","0"
"IMF.STA:FFS(1.0.2)","AFG.IM.ECY.USQ2021.A","OBS_VALUE","Afghanistan, Islamic Republic of","Implicit fossil fuel subsidies","Electricity","USD at constant 2021 prices","Annual","Units","0","0","0","0","0","0","0","0","0","0","0","0","0","0","0","0","0","0","0","0","0"
"IMF.STA:FFS(1.0.2)","ALB.IM.ECY.USQ2021.A","OBS_VALUE","Albania","Implicit fossil fuel subsidies","Electricity","USD at constant 2021 prices","Annual","Units","0","0","0","0","0","0","0","0","0","0","0","0","0","0","0","0","0","0","0","0","0"
"IMF.STA:FFS(1.0.2)","RWA.IM.ECY.USQ2021.A","OBS_VALUE","Rwanda","Implicit fossil fuel subsidies","Electricity","USD at constant 2021 prices","Annual","Units","0","0","0","0","0","0","0","0","0","0","0","0","0","0","0","0","0","0","0","0","0"
"IMF.STA:FFS(1.0.2)","SDN.IM.ECY.USQ2021.A","OBS_VALUE","Sudan","Implicit fossil fuel subsidies","Electricity","USD at constant 2021 prices","Annual","Units","0","0","0","0","0","0","0","0","0","0","0","0","0","0","0","0","0","0","0","0","0"
"IMF.STA:FFS(1.0.2)","MMR.IM.ECY.USQ2021.A","OBS_VALUE","Myanmar","Implicit fossil fuel subsidies","Electricity","USD at constant 2021 prices","Annual","Units","0","0","0","0","0","0","0","0","0","0","0","0","0","0","0","0","0","0","0","0","0"
"IMF.STA:FFS(1.0.2)","QAT.IM.ECY.USQ2021.A","OBS_VALUE","Qatar","Implicit fossil fuel subsidies","Electricity","USD at constant 2021 prices","Annual","Units","0","0","0","0","0","0","0","0","0","0","0","0","0","0","0","0","0","0","0","0","0"
"IMF.STA:FFS(1.0.2)","BRB.IM.ECY.USQ2021.A","OBS_VALUE","Barbados","Implicit fossil fuel subsidies","Electricity","USD at constant 2021 prices","Annual","Units","0","0","0","0","0","0","0","0","0","0","0","0","0","0","0","0","0","0","0","0","0"
"IMF.STA:FFS(1.0.2)","SAU.IM.ECY.USQ2021.A","OBS_VALUE","Saudi Arabia","Implicit fossil fuel subsidies","Electricity","USD at constant 2021 prices","Annual","Units","0","0","0","0","0","0","0","0","0","0","0","0","0","0","0","0","0","0","0","0","0"
"IMF.STA:FFS(1.0.2)","CIV.IM.ECY.USQ2021.A","OBS_VALUE","Côte d'Ivoire","Implicit fossil fuel subsidies","Electricity","USD at constant 2021 prices","Annual","Units","0","0","0","0","0","0","0","0","0","0","0","0","0","0","0","0","0","0","0","0","0"
"IMF.STA:FFS(1.0.2)","SVN.IM.ECY.USQ2021.A","OBS_VALUE","Slovenia, Republic of","Implicit fossil fuel subsidies","Electricity","USD at constant 2021 prices","Annual","Units","0","0","0","0","0","0","0","0","0","0","0","0","0","0","0","0","0","0","0","0","0"
"IMF.STA:FFS(1.0.2)","BRA.IM.ECY.USQ2021.A","OBS_VALUE","Brazil","Implicit fossil fuel subsidies","Electricity","USD at constant 2021 prices","Annual","Units","0","0","0","0","0","0","0","0","0","0","0","0","0","0","0","0","0","0","0","0","0"
"IMF.STA:FFS(1.0.2)","AGO.IM.ECY.USQ2021.A","OBS_VALUE","Angola","Implicit fossil fuel subsidies","Electricity","USD at constant 2021 prices","Annual","Units","0","0","0","0","0","0","0","0","0","0","0","0","0","0","0","0","0","0","0","0","0"
"IMF.STA:FFS(1.0.2)","MLI.IM.ECY.USQ2021.A","OBS_VALUE","Mali","Implicit fossil fuel subsidies","Electricity","USD at constant 2021 prices","Annual","Units","0","0","0","0","0","0","0","0","0","0","0","0","0","0","0","0","0","0","0","0","0"
"IMF.STA:FFS(1.0.2)","COD.IM.ECY.USQ2021.A","OBS_VALUE","Congo, Democratic Republic of the","Implicit fossil fuel subsidies","Electricity","USD at constant 2021 prices","Annual","Units","0","0","0","0","0","0","0","0","0","0","0","0","0","0","0","0","0","0","0","0","0"
"IMF.STA:FFS(1.0.2)","SLV.IM.ECY.USQ2021.A","OBS_VALUE","El Salvador","Implicit fossil fuel subsidies","Electricity","USD at constant 2021 prices","Annual","Units","0","0","0","0","0","0","0","0","0","0","0","0","0","0","0","0","0","0","0","0","0"
"IMF.STA:FFS(1.0.2)","ESP.IM.ECY.USQ2021.A","OBS_VALUE","Spain","Implicit fossil fuel subsidies","Electricity","USD at constant 2021 prices","Annual","Units","0","0","0","0","0","0","0","0","0","0","0","0","0","0","0","0","0","0","0","0","0"
"IMF.STA:FFS(1.0.2)","CHN.IM.ECY.USQ2021.A","OBS_VALUE","China, People's Republic of","Implicit fossil fuel subsidies","Electricity","USD at constant 2021 prices","Annual","Units","0","0","0","0","0","0","0","0","0","0","0","0","0","0","0","0","0","0","0","0","0"
"IMF.STA:FFS(1.0.2)","FRA.IM.ECY.USQ2021.A","OBS_VALUE","France","Implicit fossil fuel subsidies","Electricity","USD at constant 2021 prices","Annual","Units","0","0","0","0","0","0","0","0","0","0","0","0","0","0","0","0","0","0","0","0","0"
"IMF.STA:FFS(1.0.2)","BRN.IM.ECY.USQ2021.A","OBS_VALUE","Brunei Darussalam","Implicit fossil fuel subsidies","Electricity","USD at constant 2021 prices","Annual","Units","0","0","0","0","0","0","0","0","0","0","0","0","0","0","0","0","0","0","0","0","0"
"IMF.STA:FFS(1.0.2)","EGY.IM.ECY.USQ2021.A","OBS_VALUE","Egypt, Arab Republic of","Implicit fossil fuel subsidies","Electricity","USD at constant 2021 prices","Annual","Units","0","0","0","0","0","0","0","0","0","0","0","0","0","0","0","0","0","0","0","0","0"
"IMF.STA:FFS(1.0.2)","PAN.IM.ECY.USQ2021.A","OBS_VALUE","Panama","Implicit fossil fuel subsidies","Electricity","USD at constant 2021 prices","Annual","Units","0","0","0","0","0","0","0","0","0","0","0","0","0","0","0","0","0","0","0","0","0"
"IMF.STA:FFS(1.0.2)","YEM.IM.ECY.USQ2021.A","OBS_VALUE","Yemen, Republic of","Implicit fossil fuel subsidies","Electricity","USD at constant 2021 prices","Annual","Units","0","0","0","0","0","0","0","0","0","0","0","0","0","0","0","0","0","0","0","0","0"
"IMF.STA:FFS(1.0.2)","PRT.IM.ECY.USQ2021.A","OBS_VALUE","Portugal","Implicit fossil fuel subsidies","Electricity","USD at constant 2021 prices","Annual","Units","0","0","0","0","0","0","0","0","0","0","0","0","0","0","0","0","0","0","0","0","0"
"IMF.STA:FFS(1.0.2)","GAB.IM.ECY.USQ2021.A","OBS_VALUE","Gabon","Implicit fossil fuel subsidies","Electricity","USD at constant 2021 prices","Annual","Units","0","0","0","0","0","0","0","0","0","0","0","0","0","0","0","0","0","0","0","0","0"
"IMF.STA:FFS(1.0.2)","KOR.IM.ECY.USQ2021.A","OBS_VALUE","Korea, Republic of","Implicit fossil fuel subsidies","Electricity","USD at constant 2021 prices","Annual","Units","0","0","0","0","0","0","0","0","0","0","0","0","0","0","0","0","0","0","0","0","0"
"IMF.STA:FFS(1.0.2)","NPL.IM.ECY.USQ2021.A","OBS_VALUE","Nepal","Implicit fossil fuel subsidies","Electricity","USD at constant 2021 prices","Annual","Units","0","0","0","0","0","0","0","0","0","0","0","0","0","0","0","0","0","0","0","0","0"
"IMF.STA:FFS(1.0.2)","HUN.IM.ECY.USQ2021.A","OBS_VALUE","Hungary","Implicit fossil fuel subsidies","Electricity","USD at constant 2021 prices","Annual","Units","0","0","0","0","0","0","0","0","0","0","0","0","0","0","0","0","0","0","0","0","0"
"IMF.STA:FFS(1.0.2)","DOM.IM.ECY.USQ2021.A","OBS_VALUE","Dominican Republic","Implicit fossil fuel subsidies","Electricity","USD at constant 2021 prices","Annual","Units","0","0","0","0","0","0","0","0","0","0","0","0","0","0","0","0","0","0","0","0","0"
"IMF.STA:FFS(1.0.2)","TUN.IM.ECY.USQ2021.A","OBS_VALUE","Tunisia","Implicit fossil fuel subsidies","Electricity","USD at constant 2021 prices","Annual","Units","0","0","0","0","0","0","0","0","0","0","0","0","0","0","0","0","0","0","0","0","0"
"IMF.STA:FFS(1.0.2)","ARM.IM.ECY.USQ2021.A","OBS_VALUE","Armenia, Republic of","Implicit fossil fuel subsidies","Electricity","USD at constant 2021 prices","Annual","Units","0","0","0","0","0","0","0","0","0","0","0","0","0","0","0","0","0","0","0","0","0"
"IMF.STA:FFS(1.0.2)","TUR.IM.ECY.USQ2021.A","OBS_VALUE","Türkiye, Republic of","Implicit fossil fuel subsidies","Electricity","USD at constant 2021 prices","Annual","Units","0","0","0","0","0","0","0","0","0","0","0","0","0","0","0","0","0","0","0","0","0"
"IMF.STA:FFS(1.0.2)","KAZ.IM.ECY.USQ2021.A","OBS_VALUE","Kazakhstan, Republic of","Implicit fossil fuel subsidies","Electricity","USD at constant 2021 prices","Annual","Units","0","0","0","0","0","0","0","0","0","0","0","0","0","0","0","0","0","0","0","0","0"
"IMF.STA:FFS(1.0.2)","LVA.IM.ECY.USQ2021.A","OBS_VALUE","Latvia, Republic of","Implicit fossil fuel subsidies","Electricity","USD at constant 2021 prices","Annual","Units","0","0","0","0","0","0","0","0","0","0","0","0","0","0","0","0","0","0","0","0","0"
"IMF.STA:FFS(1.0.2)","LTU.IM.ECY.USQ2021.A","OBS_VALUE","Lithuania, Republic of","Implicit fossil fuel subsidies","Electricity","USD at constant 2021 prices","Annual","Units","0","0","0","0","0","0","0","0","0","0","0","0","0","0","0","0","0","0","0","0","0"
"IMF.STA:FFS(1.0.2)","FJI.IM.ECY.USQ2021.A","OBS_VALUE","Fiji, Republic of","Implicit fossil fuel subsidies","Electricity","USD at constant 2021 prices","Annual","Units","0","0","0","0","0","0","0","0","0","0","0","0","0","0","0","0","0","0","0","0","0"
"IMF.STA:FFS(1.0.2)","VNM.IM.ECY.USQ2021.A","OBS_VALUE","Vietnam","Implicit fossil fuel subsidies","Electricity","USD at constant 2021 prices","Annual","Units","0","0","0","0","0","0","0","0","0","0","0","0","0","0","0","0","0","0","0","0","0"
"IMF.STA:FFS(1.0.2)","MDA.IM.ECY.USQ2021.A","OBS_VALUE","Moldova, Republic of","Implicit fossil fuel subsidies","Electricity","USD at constant 2021 prices","Annual","Units","0","0","0","0","0","0","0","0","0","0","0","0","0","0","0","0","0","0","0","0","0"
"IMF.STA:FFS(1.0.2)","CMR.IM.ECY.USQ2021.A","OBS_VALUE","Cameroon","Implicit fossil fuel subsidies","Electricity","USD at constant 2021 prices","Annual","Units","0","0","0","0","0","0","0","0","0","0","0","0","0","0","0","0","0","0","0","0","0"
"IMF.STA:FFS(1.0.2)","MWI.IM.ECY.USQ2021.A","OBS_VALUE","Malawi","Implicit fossil fuel subsidies","Electricity","USD at constant 2021 prices","Annual","Units","0","0","0","0","0","0","0","0","0","0","0","0","0","0","0","0","0","0","0","0","0"
"IMF.STA:FFS(1.0.2)","CHE.IM.ECY.USQ2021.A","OBS_VALUE","Switzerland","Implicit fossil fuel subsidies","Electricity","USD at constant 2021 prices","Annual","Units","0","0","0","0","0","0","0","0","0","0","0","0","0","0","0","0","0","0","0","0","0"
"IMF.STA:FFS(1.0.2)","KWT.IM.ECY.USQ2021.A","OBS_VALUE","Kuwait","Implicit fossil fuel subsidies","Electricity","USD at constant 2021 prices","Annual","Units","0","0","0","0","0","0","0","0","0","0","0","0","0","0","0","0","0","0","0","0","0"
"IMF.STA:FFS(1.0.2)","TJK.IM.ECY.USQ2021.A","OBS_VALUE","Tajikistan, Republic of","Implicit fossil fuel subsidies","Electricity","USD at constant 2021 prices","Annual","Units","0","0","0","0","0","0","0","0","0","0","0","0","0","0","0","0","0","0","0","0","0"
"IMF.STA:FFS(1.0.2)","SLB.IM.ECY.USQ2021.A","OBS_VALUE","Solomon Islands","Implicit fossil fuel subsidies","Electricity","USD at constant 2021 prices","Annual","Units","0","0","0","0","0","0","0","0","0","0","0","0","0","0","0","0","0","0","0","0","0"
"IMF.STA:FFS(1.0.2)","COL.IM.ECY.USQ2021.A","OBS_VALUE","Colombia","Implicit fossil fuel subsidies","Electricity","USD at constant 2021 prices","Annual","Units","0","0","0","0","0","0","0","0","0","0","0","0","0","0","0","0","0","0","0","0","0"
"IMF.STA:FFS(1.0.2)","CAF.IM.ECY.USQ2021.A","OBS_VALUE","Central African Republic","Implicit fossil fuel subsidies","Electricity","USD at constant 2021 prices","Annual","Units","0","0","0","0","0","0","0","0","0","0","0","0","0","0","0","0","0","0","0","0","0"
"IMF.STA:FFS(1.0.2)","JOR.IM.ECY.USQ2021.A","OBS_VALUE","Jordan","Implicit fossil fuel subsidies","Electricity","USD at constant 2021 prices","Annual","Units","0","0","0","0","0","0","0","0","0","0","0","0","0","0","0","0","0","0","0","0","0"
"IMF.STA:FFS(1.0.2)","LBN.IM.ECY.USQ2021.A","OBS_VALUE","Lebanon","Implicit fossil fuel subsidies","Electricity","USD at constant 2021 prices","Annual","Units","0","0","0","0","0","0","0","0","0","0","0","0","0","0","0","0","0","0","0","0","0"
"IMF.STA:FFS(1.0.2)","BGD.IM.ECY.USQ2021.A","OBS_VALUE","Bangladesh","Implicit fossil fuel subsidies","Electricity","USD at constant 2021 prices","Annual","Units","0","0","0","0","0","0","0","0","0","0","0","0","0","0","0","0","0","0","0","0","0"
"IMF.STA:FFS(1.0.2)","DEU.IM.ECY.USQ2021.A","OBS_VALUE","Germany","Implicit fossil fuel subsidies","Electricity","USD at constant 2021 prices","Annual","Units","0","0","0","0","0","0","0","0","0","0","0","0","0","0","0","0","0","0","0","0","0"
"IMF.STA:FFS(1.0.2)","GNQ.IM.ECY.USQ2021.A","OBS_VALUE","Equatorial Guinea, Republic of","Implicit fossil fuel subsidies","Electricity","USD at constant 2021 prices","Annual","Units","0","0","0","0","0","0","0","0","0","0","0","0","0","0","0","0","0","0","0","0","0"
"IMF.STA:FFS(1.0.2)","MYS.IM.ECY.USQ2021.A","OBS_VALUE","Malaysia","Implicit fossil fuel subsidies","Electricity","USD at constant 2021 prices","Annual","Units","0","0","0","0","0","0","0","0","0","0","0","0","0","0","0","0","0","0","0","0","0"
"IMF.STA:FFS(1.0.2)","TKM.IM.ECY.USQ2021.A","OBS_VALUE","Turkmenistan","Implicit fossil fuel subsidies","Electricity","USD at constant 2021 prices","Annual","Units","0","0","0","0","0","0","0","0","0","0","0","0","0","0","0","0","0","0","0","0","0"
"IMF.STA:FFS(1.0.2)","ZAF.IM.ECY.USQ2021.A","OBS_VALUE","South Africa","Implicit fossil fuel subsidies","Electricity","USD at constant 2021 prices","Annual","Units","0","0","0","0","0","0","0","0","0","0","0","0","0","0","0","0","0","0","0","0","0"
"IMF.STA:FFS(1.0.2)","TZA.IM.ECY.USQ2021.A","OBS_VALUE","Tanzania, United Republic of","Implicit fossil fuel subsidies","Electricity","USD at constant 2021 prices","Annual","Units","0","0","0","0","0","0","0","0","0","0","0","0","0","0","0","0","0","0","0","0","0"
"IMF.STA:FFS(1.0.2)","MUS.IM.ECY.USQ2021.A","OBS_VALUE","Mauritius","Implicit fossil fuel subsidies","Electricity","USD at constant 2021 prices","Annual","Units","0","0","0","0","0","0","0","0","0","0","0","0","0","0","0","0","0","0","0","0","0"
"IMF.STA:FFS(1.0.2)","PNG.IM.ECY.USQ2021.A","OBS_VALUE","Papua New Guinea","Implicit fossil fuel subsidies","Electricity","USD at constant 2021 prices","Annual","Units","0","0","0","0","0","0","0","0","0","0","0","0","0","0","0","0","0","0","0","0","0"
"IMF.STA:FFS(1.0.2)","IRN.IM.ECY.USQ2021.A","OBS_VALUE","Iran, Islamic Republic of","Implicit fossil fuel subsidies","Electricity","USD at constant 2021 prices","Annual","Units","0","0","0","0","0","0","0","0","0","0","0","0","0","0","0","0","0","0","0","0","0"
"IMF.STA:FFS(1.0.2)","BTN.IM.ECY.USQ2021.A","OBS_VALUE","Bhutan","Implicit fossil fuel subsidies","Electricity","USD at constant 2021 prices","Annual","Units","0","0","0","0","0","0","0","0","0","0","0","0","0","0","0","0","0","0","0","0","0"
"IMF.STA:FFS(1.0.2)","FIN.IM.ECY.USQ2021.A","OBS_VALUE","Finland","Implicit fossil fuel subsidies","Electricity","USD at constant 2021 prices","Annual","Units","0","0","0","0","0","0","0","0","0","0","0","0","0","0","0","0","0","0","0","0","0"
"IMF.STA:FFS(1.0.2)","BLZ.IM.ECY.USQ2021.A","OBS_VALUE","Belize","Implicit fossil fuel subsidies","Electricity","USD at constant 2021 prices","Annual","Units","0","0","0","0","0","0","0","0","0","0","0","0","0","0","0","0","0","0","0","0","0"
"IMF.STA:FFS(1.0.2)","AZE.IM.ECY.USQ2021.A","OBS_VALUE","Azerbaijan, Republic of","Implicit fossil fuel subsidies","Electricity","USD at constant 2021 prices","Annual","Units","0","0","0","0","0","0","0","0","0","0","0","0","0","0","0","0","0","0","0","0","0"
"IMF.STA:FFS(1.0.2)","DJI.IM.ECY.USQ2021.A","OBS_VALUE","Djibouti","Implicit fossil fuel subsidies","Electricity","USD at constant 2021 prices","Annual","Units","0","0","0","0","0","0","0","0","0","0","0","0","0","0","0","0","0","0","0","0","0"
"IMF.STA:FFS(1.0.2)","ETH.IM.ECY.USQ2021.A","OBS_VALUE","Ethiopia, The Federal Democratic Republic of","Implicit fossil fuel subsidies","Electricity","USD at constant 2021 prices","Annual","Units","0","0","0","0","0","0","0","0","0","0","0","0","0","0","0","0","0","0","0","0","0"
"IMF.STA:FFS(1.0.2)","MDV.IM.ECY.USQ2021.A","OBS_VALUE","Maldives","Implicit fossil fuel subsidies","Electricity","USD at constant 2021 prices","Annual","Units","0","0","0","0","0","0","0","0","0","0","0","0","0","0","0","0","0","0","0","0","0"
"IMF.STA:FFS(1.0.2)","BIH.IM.ECY.USQ2021.A","OBS_VALUE","Bosnia and Herzegovina","Implicit fossil fuel subsidies","Electricity","USD at constant 2021 prices","Annual","Units","0","0","0","0","0","0","0","0","0","0","0","0","0","0","0","0","0","0","0","0","0"
"IMF.STA:FFS(1.0.2)","ARG.IM.ECY.USQ2021.A","OBS_VALUE","Argentina","Implicit fossil fuel subsidies","Electricity","USD at constant 2021 prices","Annual","Units","0","0","0","0","0","0","0","0","0","0","0","0","0","0","0","0","0","0","0","0","0"
"IMF.STA:FFS(1.0.2)","IRQ.IM.ECY.USQ2021.A","OBS_VALUE","Iraq","Implicit fossil fuel subsidies","Electricity","USD at constant 2021 prices","Annual","Units","0","0","0","0","0","0","0","0","0","0","0","0","0","0","0","0","0","0","0","0","0"
"IMF.STA:FFS(1.0.2)","NZL.IM.ECY.USQ2021.A","OBS_VALUE","New Zealand","Implicit fossil fuel subsidies","Electricity","USD at constant 2021 prices","Annual","Units","0","0","0","0","0","0","0","0","0","0","0","0","0","0","0","0","0","0","0","0","0"
"IMF.STA:FFS(1.0.2)","ARE.IM.ECY.USQ2021.A","OBS_VALUE","United Arab Emirates","Implicit fossil fuel subsidies","Electricity","USD at constant 2021 prices","Annual","Units","0","0","0","0","0","0","0","0","0","0","0","0","0","0","0","0","0","0","0","0","0"
"IMF.STA:FFS(1.0.2)","GBR.IM.ECY.USQ2021.A","OBS_VALUE","United Kingdom","Implicit fossil fuel subsidies","Electricity","USD at constant 2021 prices","Annual","Units","0","0","0","0","0","0","0","0","0","0","0","0","0","0","0","0","0","0","0","0","0"
"IMF.STA:FFS(1.0.2)","COM.IM.ECY.USQ2021.A","OBS_VALUE","Comoros, Union of the","Implicit fossil fuel subsidies","Electricity","USD at constant 2021 prices","Annual","Units","0","0","0","0","0","0","0","0","0","0","0","0","0","0","0","0","0","0","0","0","0"
"IMF.STA:FFS(1.0.2)","CAN.IM.ECY.USQ2021.A","OBS_VALUE","Canada","Implicit fossil fuel subsidies","Electricity","USD at constant 2021 prices","Annual","Units","0","0","0","0","0","0","0","0","0","0","0","0","0","0","0","0","0","0","0","0","0"
"IMF.STA:FFS(1.0.2)","COG.IM.ECY.USQ2021.A","OBS_VALUE","Congo, Republic of","Implicit fossil fuel subsidies","Electricity","USD at constant 2021 prices","Annual","Units","0","0","0","0","0","0","0","0","0","0","0","0","0","0","0","0","0","0","0","0","0"
"IMF.STA:FFS(1.0.2)","SWE.IM.ECY.USQ2021.A","OBS_VALUE","Sweden","Implicit fossil fuel subsidies","Electricity","USD at constant 2021 prices","Annual","Units","0","0","0","0","0","0","0","0","0","0","0","0","0","0","0","0","0","0","0","0","0"
"IMF.STA:FFS(1.0.2)","GMB.IM.ECY.USQ2021.A","OBS_VALUE","Gambia, The","Implicit fossil fuel subsidies","Electricity","USD at constant 2021 prices","Annual","Units","0","0","0","0","0","0","0","0","0","0","0","0","0","0","0","0","0","0","0","0","0"
"IMF.STA:FFS(1.0.2)","UKR.IM.ECY.USQ2021.A","OBS_VALUE","Ukraine","Implicit fossil fuel subsidies","Electricity","USD at constant 2021 prices","Annual","Units","0","0","0","0","0","0","0","0","0","0","0","0","0","0","0","0","0","0","0","0","0"
"IMF.STA:FFS(1.0.2)","BLR.IM.ECY.USQ2021.A","OBS_VALUE","Belarus, Republic of","Implicit fossil fuel subsidies","Electricity","USD at constant 2021 prices","Annual","Units","0","0","0","0","0","0","0","0","0","0","0","0","0","0","0","0","0","0","0","0","0"
"IMF.STA:FFS(1.0.2)","VEN.IM.ECY.USQ2021.A","OBS_VALUE","Venezuela, República Bolivariana de","Implicit fossil fuel subsidies","Electricity","USD at constant 2021 prices","Annual","Units","0","0","0","0","0","0","0","0","0","0","0","0","0","0","0","0","0","0","0","0","0"
"IMF.STA:FFS(1.0.2)","LKA.IM.ECY.USQ2021.A","OBS_VALUE","Sri Lanka","Implicit fossil fuel subsidies","Electricity","USD at constant 2021 prices","Annual","Units","0","0","0","0","0","0","0","0","0","0","0","0","0","0","0","0","0","0","0","0","0"
"IMF.STA:FFS(1.0.2)","EST.IM.ECY.USQ2021.A","OBS_VALUE","Estonia, Republic of","Implicit fossil fuel subsidies","Electricity","USD at constant 2021 prices","Annual","Units","0","0","0","0","0","0","0","0","0","0","0","0","0","0","0","0","0","0","0","0","0"
"IMF.STA:FFS(1.0.2)","ECU.IM.ECY.USQ2021.A","OBS_VALUE","Ecuador","Implicit fossil fuel subsidies","Electricity","USD at constant 2021 prices","Annual","Units","0","0","0","0","0","0","0","0","0","0","0","0","0","0","0","0","0","0","0","0","0"
"IMF.STA:FFS(1.0.2)","KEN.IM.ECY.USQ2021.A","OBS_VALUE","Kenya","Implicit fossil fuel subsidies","Electricity","USD at constant 2021 prices","Annual","Units","0","0","0","0","0","0","0","0","0","0","0","0","0","0","0","0","0","0","0","0","0"
"IMF.STA:FFS(1.0.2)","CZE.IM.ECY.USQ2021.A","OBS_VALUE","Czech Republic","Implicit fossil fuel subsidies","Electricity","USD at constant 2021 prices","Annual","Units","0","0","0","0","0","0","0","0","0","0","0","0","0","0","0","0","0","0","0","0","0"
"IMF.STA:FFS(1.0.2)","NLD.IM.ECY.USQ2021.A","OBS_VALUE","Netherlands, The","Implicit fossil fuel subsidies","Electricity","USD at constant 2021 prices","Annual","Units","0","0","0","0","0","0","0","0","0","0","0","0","0","0","0","0","0","0","0","0","0"
"IMF.STA:FFS(1.0.2)","ISR.IM.ECY.USQ2021.A","OBS_VALUE","Israel","Implicit fossil fuel subsidies","Electricity","USD at constant 2021 prices","Annual","Units","0","0","0","0","0","0","0","0","0","0","0","0","0","0","0","0","0","0","0","0","0"
"IMF.STA:FFS(1.0.2)","ZMB.IM.ECY.USQ2021.A","OBS_VALUE","Zambia","Implicit fossil fuel subsidies","Electricity","USD at constant 2021 prices","Annual","Units","0","0","0","0","0","0","0","0","0","0","0","0","0","0","0","0","0","0","0","0","0"
"IMF.STA:FFS(1.0.2)","JAM.IM.ECY.USQ2021.A","OBS_VALUE","Jamaica","Implicit fossil fuel subsidies","Electricity","USD at constant 2021 prices","Annual","Units","0","0","0","0","0","0","0","0","0","0","0","0","0","0","0","0","0","0","0","0","0"
"IMF.STA:FFS(1.0.2)","JPN.IM.ECY.USQ2021.A","OBS_VALUE","Japan","Implicit fossil fuel subsidies","Electricity","USD at constant 2021 prices","Annual","Units","0","0","0","0","0","0","0","0","0","0","0","0","0","0","0","0","0","0","0","0","0"
"IMF.STA:FFS(1.0.2)","BEL.IM.ECY.USQ2021.A","OBS_VALUE","Belgium","Implicit fossil fuel subsidies","Electricity","USD at constant 2021 prices","Annual","Units","0","0","0","0","0","0","0","0","0","0","0","0","0","0","0","0","0","0","0","0","0"
"IMF.STA:FFS(1.0.2)","MLT.IM.ECY.USQ2021.A","OBS_VALUE","Malta","Implicit fossil fuel subsidies","Electricity","USD at constant 2021 prices","Annual","Units","0","0","0","0","0","0","0","0","0","0","0","0","0","0","0","0","0","0","0","0","0"
"IMF.STA:FFS(1.0.2)","PHL.IM.ECY.USQ2021.A","OBS_VALUE","Philippines","Implicit fossil fuel subsidies","Electricity","USD at constant 2021 prices","Annual","Units","0","0","0","0","0","0","0","0","0","0","0","0","0","0","0","0","0","0","0","0","0"
"IMF.STA:FFS(1.0.2)","BHS.IM.ECY.USQ2021.A","OBS_VALUE","Bahamas, The","Implicit fossil fuel subsidies","Electricity","USD at constant 2021 prices","Annual","Units","0","0","0","0","0","0","0","0","0","0","0","0","0","0","0","0","0","0","0","0","0"
"IMF.STA:FFS(1.0.2)","SEN.IM.ECY.USQ2021.A","OBS_VALUE","Senegal","Implicit fossil fuel subsidies","Electricity","USD at constant 2021 prices","Annual","Units","0","0","0","0","0","0","0","0","0","0","0","0","0","0","0","0","0","0","0","0","0"
"IMF.STA:FFS(1.0.2)","GIN.IM.ECY.USQ2021.A","OBS_VALUE","Guinea","Implicit fossil fuel subsidies","Electricity","USD at constant 2021 prices","Annual","Units","0","0","0","0","0","0","0","0","0","0","0","0","0","0","0","0","0","0","0","0","0"
"IMF.STA:FFS(1.0.2)","BHR.IM.ECY.USQ2021.A","OBS_VALUE","Bahrain, Kingdom of","Implicit fossil fuel subsidies","Electricity","USD at constant 2021 prices","Annual","Units","0","0","0","0","0","0","0","0","0","0","0","0","0","0","0","0","0","0","0","0","0"
"IMF.STA:FFS(1.0.2)","DNK.IM.ECY.USQ2021.A","OBS_VALUE","Denmark","Implicit fossil fuel subsidies","Electricity","USD at constant 2021 prices","Annual","Units","0","0","0","0","0","0","0","0","0","0","0","0","0","0","0","0","0","0","0","0","0"
"IMF.STA:FFS(1.0.2)","LAO.IM.ECY.USQ2021.A","OBS_VALUE","Lao People's Democratic Republic","Implicit fossil fuel subsidies","Electricity","USD at constant 2021 prices","Annual","Units","0","0","0","0","0","0","0","0","0","0","0","0","0","0","0","0","0","0","0","0","0"
"IMF.STA:FFS(1.0.2)","HRV.IM.ECY.USQ2021.A","OBS_VALUE","Croatia, Republic of","Implicit fossil fuel subsidies","Electricity","USD at constant 2021 prices","Annual","Units","0","0","0","0","0","0","0","0","0","0","0","0","0","0","0","0","0","0","0","0","0"
"IMF.STA:FFS(1.0.2)","DZA.IM.ECY.USQ2021.A","OBS_VALUE","Algeria","Implicit fossil fuel subsidies","Electricity","USD at constant 2021 prices","Annual","Units","0","0","0","0","0","0","0","0","0","0","0","0","0","0","0","0","0","0","0","0","0"
"IMF.STA:FFS(1.0.2)","HTI.IM.ECY.USQ2021.A","OBS_VALUE","Haiti","Implicit fossil fuel subsidies","Electricity","USD at constant 2021 prices","Annual","Units","0","0","0","0","0","0","0","0","0","0","0","0","0","0","0","0","0","0","0","0","0"
"IMF.STA:FFS(1.0.2)","CHL.IM.ECY.USQ2021.A","OBS_VALUE","Chile","Implicit fossil fuel subsidies","Electricity","USD at constant 2021 prices","Annual","Units","0","0","0","0","0","0","0","0","0","0","0","0","0","0","0","0","0","0","0","0","0"
"IMF.STA:FFS(1.0.2)","HND.IM.ECY.USQ2021.A","OBS_VALUE","Honduras","Implicit fossil fuel subsidies","Electricity","USD at constant 2021 prices","Annual","Units","0","0","0","0","0","0","0","0","0","0","0","0","0","0","0","0","0","0","0","0","0"
"IMF.STA:FFS(1.0.2)","ZWE.IM.ECY.USQ2021.A","OBS_VALUE","Zimbabwe","Implicit fossil fuel subsidies","Electricity","USD at constant 2021 prices","Annual","Units","0","0","0","0","0","0","0","0","0","0","0","0","0","0","0","0","0","0","0","0","0"
"IMF.STA:FFS(1.0.2)","OMN.IM.ECY.USQ2021.A","OBS_VALUE","Oman","Implicit fossil fuel subsidies","Electricity","USD at constant 2021 prices","Annual","Units","0","0","0","0","0","0","0","0","0","0","0","0","0","0","0","0","0","0","0","0","0"
"IMF.STA:FFS(1.0.2)","LBY.IM.ECY.USQ2021.A","OBS_VALUE","Libya","Implicit fossil fuel subsidies","Electricity","USD at constant 2021 prices","Annual","Units","0","0","0","0","0","0","0","0","0","0","0","0","0","0","0","0","0","0","0","0","0"
"IMF.STA:FFS(1.0.2)","GHA.IM.ECY.USQ2021.A","OBS_VALUE","Ghana","Implicit fossil fuel subsidies","Electricity","USD at constant 2021 prices","Annual","Units","0","0","0","0","0","0","0","0","0","0","0","0","0","0","0","0","0","0","0","0","0"
"IMF.STA:FFS(1.0.2)","BOL.IM.ECY.USQ2021.A","OBS_VALUE","Bolivia","Implicit fossil fuel subsidies","Electricity","USD at constant 2021 prices","Annual","Units","0","0","0","0","0","0","0","0","0","0","0","0","0","0","0","0","0","0","0","0","0"
"IMF.STA:FFS(1.0.2)","SGP.IM.ECY.USQ2021.A","OBS_VALUE","Singapore","Implicit fossil fuel subsidies","Electricity","USD at constant 2021 prices","Annual","Units","0","0","0","0","0","0","0","0","0","0","0","0","0","0","0","0","0","0","0","0","0"
"IMF.STA:FFS(1.0.2)","GNB.IM.ECY.USQ2021.A","OBS_VALUE","Guinea-Bissau","Implicit fossil fuel subsidies","Electricity","USD at constant 2021 prices","Annual","Units","0","0","0","0","0","0","0","0","0","0","0","0","0","0","0","0","0","0","0","0","0"
"IMF.STA:FFS(1.0.2)","MAR.IM.ECY.USQ2021.A","OBS_VALUE","Morocco","Implicit fossil fuel subsidies","Electricity","USD at constant 2021 prices","Annual","Units","0","0","0","0","0","0","0","0","0","0","0","0","0","0","0","0","0","0","0","0","0"
"IMF.STA:FFS(1.0.2)","NAM.IM.ECY.USQ2021.A","OBS_VALUE","Namibia","Implicit fossil fuel subsidies","Electricity","USD at constant 2021 prices","Annual","Units","0","0","0","0","0","0","0","0","0","0","0","0","0","0","0","0","0","0","0","0","0"
"IMF.STA:FFS(1.0.2)","MRT.IM.ECY.USQ2021.A","OBS_VALUE","Mauritania, Islamic Republic of","Implicit fossil fuel subsidies","Electricity","USD at constant 2021 prices","Annual","Units","0","0","0","0","0","0","0","0","0","0","0","0","0","0","0","0","0","0","0","0","0"
"IMF.STA:FFS(1.0.2)","PER.IM.ECY.USQ2021.A","OBS_VALUE","Peru","Implicit fossil fuel subsidies","Electricity","USD at constant 2021 prices","Annual","Units","0","0","0","0","0","0","0","0","0","0","0","0","0","0","0","0","0","0","0","0","0"
"IMF.STA:FFS(1.0.2)","UGA.IM.ECY.USQ2021.A","OBS_VALUE","Uganda","Implicit fossil fuel subsidies","Electricity","USD at constant 2021 prices","Annual","Units","0","0","0","0","0","0","0","0","0","0","0","0","0","0","0","0","0","0","0","0","0"
"IMF.STA:FFS(1.0.2)","MNG.IM.ECY.USQ2021.A","OBS_VALUE","Mongolia","Implicit fossil fuel subsidies","Electricity","USD at constant 2021 prices","Annual","Units","0","0","0","0","0","0","0","0","0","0","0","0","0","0","0","0","0","0","0","0","0"
"IMF.STA:FFS(1.0.2)","PRY.IM.ECY.USQ2021.A","OBS_VALUE","Paraguay","Implicit fossil fuel subsidies","Electricity","USD at constant 2021 prices","Annual","Units","0","0","0","0","0","0","0","0","0","0","0","0","0","0","0","0","0","0","0","0","0"
"IMF.STA:FFS(1.0.2)","NER.IM.ECY.USQ2021.A","OBS_VALUE","Niger","Implicit fossil fuel subsidies","Electricity","USD at constant 2021 prices","Annual","Units","0","0","0","0","0","0","0","0","0","0","0","0","0","0","0","0","0","0","0","0","0"
"IMF.STA:FFS(1.0.2)","ROU.IM.ECY.USQ2021.A","OBS_VALUE","Romania","Implicit fossil fuel subsidies","Electricity","USD at constant 2021 prices","Annual","Units","0","0","0","0","0","0","0","0","0","0","0","0","0","0","0","0","0","0","0","0","0"
"IMF.STA:FFS(1.0.2)","USA.IM.ECY.USQ2021.A","OBS_VALUE","United States","Implicit fossil fuel subsidies","Electricity","USD at constant 2021 prices","Annual","Units","0","0","0","0","0","0","0","0","0","0","0","0","0","0","0","0","0","0","0","0","0"
"IMF.STA:FFS(1.0.2)","CYP.IM.ECY.USQ2021.A","OBS_VALUE","Cyprus","Implicit fossil fuel subsidies","Electricity","USD at constant 2021 prices","Annual","Units","0","0","0","0","0","0","0","0","0","0","0","0","0","0","0","0","0","0","0","0","0"
"IMF.STA:FFS(1.0.2)","STP.IM.ECY.USQ2021.A","OBS_VALUE","São Tomé and Príncipe, Democratic Republic of","Implicit fossil fuel subsidies","Electricity","USD at constant 2021 prices","Annual","Units","0","0","0","0","0","0","0","0","0","0","0","0","0","0","0","0","0","0","0","0","0"
"IMF.STA:FFS(1.0.2)","NOR.IM.ECY.USQ2021.A","OBS_VALUE","Norway","Implicit fossil fuel subsidies","Electricity","USD at constant 2021 prices","Annual","Units","0","0","0","0","0","0","0","0","0","0","0","0","0","0","0","0","0","0","0","0","0"
"IMF.STA:FFS(1.0.2)","BEN.IM.ECY.USQ2021.A","OBS_VALUE","Benin","Implicit fossil fuel subsidies","Electricity","USD at constant 2021 prices","Annual","Units","0","0","0","0","0","0","0","0","0","0","0","0","0","0","0","0","0","0","0","0","0"
"IMF.STA:FFS(1.0.2)","CRI.IM.ECY.USQ2021.A","OBS_VALUE","Costa Rica","Implicit fossil fuel subsidies","Electricity","USD at constant 2021 prices","Annual","Units","0","0","0","0","0","0","0","0","0","0","0","0","0","0","0","0","0","0","0","0","0"
"IMF.STA:FFS(1.0.2)","MDG.IM.ECY.USQ2021.A","OBS_VALUE","Madagascar, Republic of","Implicit fossil fuel subsidies","Electricity","USD at constant 2021 prices","Annual","Units","0","0","0","0","0","0","0","0","0","0","0","0","0","0","0","0","0","0","0","0","0"
"IMF.STA:FFS(1.0.2)","MEX.IM.ECY.USQ2021.A","OBS_VALUE","Mexico","Implicit fossil fuel subsidies","Electricity","USD at constant 2021 prices","Annual","Units","0","0","0","0","0","0","0","0","0","0","0","0","0","0","0","0","0","0","0","0","0"
"IMF.STA:FFS(1.0.2)","AUT.IM.ECY.USQ2021.A","OBS_VALUE","Austria","Implicit fossil fuel subsidies","Electricity","USD at constant 2021 prices","Annual","Units","0","0","0","0","0","0","0","0","0","0","0","0","0","0","0","0","0","0","0","0","0"
"IMF.STA:FFS(1.0.2)","POL.IM.ECY.USQ2021.A","OBS_VALUE","Poland, Republic of","Implicit fossil fuel subsidies","Electricity","USD at constant 2021 prices","Annual","Units","0","0","0","0","0","0","0","0","0","0","0","0","0","0","0","0","0","0","0","0","0"
"IMF.STA:FFS(1.0.2)","IND.IM.ECY.USQ2021.A","OBS_VALUE","India","Implicit fossil fuel subsidies","Electricity","USD at constant 2021 prices","Annual","Units","0","0","0","0","0","0","0","0","0","0","0","0","0","0","0","0","0","0","0","0","0"
"IMF.STA:FFS(1.0.2)","NGA.IM.ECY.USQ2021.A","OBS_VALUE","Nigeria","Implicit fossil fuel subsidies","Electricity","USD at constant 2021 prices","Annual","Units","0","0","0","0","0","0","0","0","0","0","0","0","0","0","0","0","0","0","0","0","0"
"IMF.STA:FFS(1.0.2)","GRC.IM.ECY.USQ2021.A","OBS_VALUE","Greece","Implicit fossil fuel subsidies","Electricity","USD at constant 2021 prices","Annual","Units","0","0","0","0","0","0","0","0","0","0","0","0","0","0","0","0","0","0","0","0","0"
"IMF.STA:FFS(1.0.2)","LUX.IM.NGA.USQ2021.A","OBS_VALUE","Luxembourg","Implicit fossil fuel subsidies","Natural Gas","USD at constant 2021 prices","Annual","Units","0.118937792","0.118309106","0.122783716","0.11572921","0.113322525","0.103089078","0.137636607","0.071229584","0.069917989","0.086306025","0.087342845","0.09494651","0.09890324","0.104548232","0.110397457","0.114609985","0.118842951","0.123097189","0.127372499","0.131668438","0.135985655"
"IMF.STA:FFS(1.0.2)","DEU.IM.NGA.USQ2021.A","OBS_VALUE","Germany","Implicit fossil fuel subsidies","Natural Gas","USD at constant 2021 prices","Annual","Units","6.298259596","7.415804005","7.854574109","7.281821792","6.911715977","6.571326577","17.35117454","18.9956862","0.15321374","0","0.088167264","0.351199715","0.617374411","0.889918891","1.164915361","1.4245233","1.681931242","1.937193994","2.191487712","2.44355606","2.693423782"
"IMF.STA:FFS(1.0.2)","KHM.IM.NGA.USQ2021.A","OBS_VALUE","Cambodia","Implicit fossil fuel subsidies","Natural Gas","USD at constant 2021 prices","Annual","Units","0","0","0","0","0","0","0","0","0","0","0","0","0","0","0","0","0","0","0","0","0"
"IMF.STA:FFS(1.0.2)","TKM.IM.NGA.USQ2021.A","OBS_VALUE","Turkmenistan","Implicit fossil fuel subsidies","Natural Gas","USD at constant 2021 prices","Annual","Units","3.2871164","3.376637667","3.737790816","4.158974331","4.056636974","4.41814155","6.154589079","6.533792121","6.400053753","6.57499498","6.877349125","7.070238332","7.300651371","7.550879183","7.806323719","8.069076226","8.320806946","8.550985933","8.785883947","9.025553205","9.269968436"
"IMF.STA:FFS(1.0.2)","THA.IM.NGA.USQ2021.A","OBS_VALUE","Thailand","Implicit fossil fuel subsidies","Natural Gas","USD at constant 2021 prices","Annual","Units","5.775160685","5.859586058","5.826324745","5.990671494","6.55052367","6.057939386","6.295040605","6.585606281","6.651176684","6.901072408","7.052716955","7.28247214","7.439303302","7.663231582","7.84545827","7.985476129","8.103327695","8.22098717","8.341273592","8.464217743","8.589250279"
"IMF.STA:FFS(1.0.2)","IDN.IM.NGA.USQ2021.A","OBS_VALUE","Indonesia","Implicit fossil fuel subsidies","Natural Gas","USD at constant 2021 prices","Annual","Units","4.182722618","5.725180856","3.68815728","2.375277691","1.989512072","1.532169692","4.123655926","7.256287069","8.781442364","10.01650096","11.04797746","12.18986738","13.3331515","14.48731333","15.5459257","16.628564","17.6380064","18.67177607","19.73664345","20.95248287","22.2158558"
"IMF.STA:FFS(1.0.2)","MKD.IM.NGA.USQ2021.A","OBS_VALUE","North Macedonia, Republic of","Implicit fossil fuel subsidies","Natural Gas","USD at constant 2021 prices","Annual","Units","0.01530394","0.027189403","0.037883708","0.03672486","0.043440585","0.051001304","0.068463002","0.122236278","0.029903909","0.106358277","0.118574497","0.112637216","0.104633601","0.100134188","0.077001584","0.057575086","0.048262148","0.042625751","0.043886065","0.045125672","0.046350037"
"IMF.STA:FFS(1.0.2)","TUR.IM.NGA.USQ2021.A","OBS_VALUE","Türkiye, Republic of","Implicit fossil fuel subsidies","Natural Gas","USD at constant 2021 prices","Annual","Units","7.81686473","7.736490815","9.315663159","8.840254978","8.515822759","9.145645035","11.7306821","11.63418242","13.29024249","16.23649124","16.65583038","18.20078003","19.76531689","20.9899319","21.9600338","22.81209574","23.61007216","24.41225239","25.2198751","26.03245927","26.84959525"
"IMF.STA:FFS(1.0.2)","BWA.IM.NGA.USQ2021.A","OBS_VALUE","Botswana","Implicit fossil fuel subsidies","Natural Gas","USD at constant 2021 prices","Annual","Units","0","0","0","0","0","0","0","0","0","0","0","0","0","0","0","0","0","0","0","0","0"
"IMF.STA:FFS(1.0.2)","MOZ.IM.NGA.USQ2021.A","OBS_VALUE","Mozambique, Republic of","Implicit fossil fuel subsidies","Natural Gas","USD at constant 2021 prices","Annual","Units","0.075566832","0.128836078","0.120186422","0.12241033","0.143838745","0.13531094","0.154136273","0.194701421","0.2308716","0.121358454","0.220867908","0.260894123","0.314435241","0.373098077","0.438296774","0.487099345","0.527408515","0.570213964","0.615588248","0.668015347","0.723664065"
"IMF.STA:FFS(1.0.2)","AGO.IM.NGA.USQ2021.A","OBS_VALUE","Angola","Implicit fossil fuel subsidies","Natural Gas","USD at constant 2021 prices","Annual","Units","0.100508667","0.106982302","0.11507414","0.162803484","0.186925877","0.181122528","0.179487511","0.218780955","0.212973728","0.301035084","0.295147742","0.330137856","0.373856654","0.410162096","0.434258551","0.458466375","0.482697777","0.508097017","0.534676952","0.5624926","0.591561692"
"IMF.STA:FFS(1.0.2)","QAT.IM.NGA.USQ2021.A","OBS_VALUE","Qatar","Implicit fossil fuel subsidies","Natural Gas","USD at constant 2021 prices","Annual","Units","4.562435493","4.732117776","4.917923309","5.058870465","5.405520975","5.390129951","5.594843577","5.512940616","5.835804665","5.994246256","6.122056539","6.400556363","6.737708032","6.94508735","7.086809265","7.273373549","7.507640998","7.795823803","8.144141399","8.56038406","9.054061732"
"IMF.STA:FFS(1.0.2)","VEN.IM.NGA.USQ2021.A","OBS_VALUE","Venezuela, República Bolivariana de","Implicit fossil fuel subsidies","Natural Gas","USD at constant 2021 prices","Annual","Units","3.263997269","3.295837572","3.382668843","2.996360739","2.507188518","1.914279249","2.02185865","2.829874117","2.920541114","3.750639403","3.397281865","3.980016003","4.351890469","4.557678942","4.769087284","4.984730893","5.198556859","5.416350322","5.641346255","5.87364606","6.113091693"
"IMF.STA:FFS(1.0.2)","PRT.IM.NGA.USQ2021.A","OBS_VALUE","Portugal","Implicit fossil fuel subsidies","Natural Gas","USD at constant 2021 prices","Annual","Units","0.57571368","0.633413046","0.79307213","0.705883169","0.6675889","0.593926076","0.975706807","0.187735573","0.042697685","0.068842056","0.083059116","0.099234501","0.116753692","0.138034888","0.159188026","0.178728941","0.197616067","0.216146703","0.234496288","0.252680223","0.270713508"
"IMF.STA:FFS(1.0.2)","LBR.IM.NGA.USQ2021.A","OBS_VALUE","Liberia","Implicit fossil fuel subsidies","Natural Gas","USD at constant 2021 prices","Annual","Units","0","0","0","0","0","0","0","0","0","0","0","0","0","0","0","0","0","0","0","0","0"
"IMF.STA:FFS(1.0.2)","PAK.IM.NGA.USQ2021.A","OBS_VALUE","Pakistan","Implicit fossil fuel subsidies","Natural Gas","USD at constant 2021 prices","Annual","Units","2.313830613","2.234696165","2.902152379","3.28644257","2.953287653","2.93691688","3.16603585","3.827642364","3.986613134","2.106509942","2.009996539","2.18244437","2.324594393","2.460898163","2.635930682","2.817237609","2.994992922","3.183043607","3.381596232","3.59079747","3.810603523"
"IMF.STA:FFS(1.0.2)","UZB.IM.NGA.USQ2021.A","OBS_VALUE","Uzbekistan, Republic of","Implicit fossil fuel subsidies","Natural Gas","USD at constant 2021 prices","Annual","Units","6.343386621","6.884050306","7.480251913","6.850758792","7.280206033","7.805890901","8.954480038","8.607468755","8.599786278","8.779778153","9.170314239","9.599295113","10.07328696","10.57023595","11.0985602","11.69575983","12.31650418","12.98135974","13.69356352","14.45662967","15.27432364"
"IMF.STA:FFS(1.0.2)","ITA.IM.NGA.USQ2021.A","OBS_VALUE","Italy","Implicit fossil fuel subsidies","Natural Gas","USD at constant 2021 prices","Annual","Units","5.11241812","5.6080771","6.36875404","5.731424129","4.564054551","4.10134818","15.23065615","15.42506004","4.638145376","3.107236485","3.345616546","3.720853694","4.011071883","4.32832609","4.673303438","4.953860682","5.226703375","5.494403802","5.757880768","6.016893074","6.271453361"
"IMF.STA:FFS(1.0.2)","URY.IM.NGA.USQ2021.A","OBS_VALUE","Uruguay","Implicit fossil fuel subsidies","Natural Gas","USD at constant 2021 prices","Annual","Units","0","0","0","0","0","0","0","0","0","0","0","0","0","0","0","0","0","0","0","0","0"
"IMF.STA:FFS(1.0.2)","ETH.IM.NGA.USQ2021.A","OBS_VALUE","Ethiopia, The Federal Democratic Republic of","Implicit fossil fuel subsidies","Natural Gas","USD at constant 2021 prices","Annual","Units","0","0","0","0","0","0","0","0","0","0","0","0","0","0","0","0","0","0","0","0","0"
"IMF.STA:FFS(1.0.2)","BGR.IM.NGA.USQ2021.A","OBS_VALUE","Bulgaria","Implicit fossil fuel subsidies","Natural Gas","USD at constant 2021 prices","Annual","Units","0.401821845","0.416251284","0.440267964","0.405626599","0.341708396","0.336275436","0.547298747","0.884296977","0.096442591","0.402599676","0.434575914","0.488407856","0.526038344","0.56329562","0.600348383","0.631110134","0.661121424","0.691177491","0.721360538","0.75165607","0.781883002"
"IMF.STA:FFS(1.0.2)","SWE.IM.NGA.USQ2021.A","OBS_VALUE","Sweden","Implicit fossil fuel subsidies","Natural Gas","USD at constant 2021 prices","Annual","Units","0.007340679","0.009572233","0","0","0","0","0","0.022430187","0","0","0","0","0","0","0","0","0","0","0","0","0"
"IMF.STA:FFS(1.0.2)","TON.IM.NGA.USQ2021.A","OBS_VALUE","Tonga","Implicit fossil fuel subsidies","Natural Gas","USD at constant 2021 prices","Annual","Units","0","0","0","0","0","0","0","0","0","0","0","0","0","0","0","0","0","0","0","0","0"
"IMF.STA:FFS(1.0.2)","KGZ.IM.NGA.USQ2021.A","OBS_VALUE","Kyrgyz Republic","Implicit fossil fuel subsidies","Natural Gas","USD at constant 2021 prices","Annual","Units","0.034542784","0.039377877","0.041728576","0.044971062","0.046127304","0.0500962","0.060447619","0.059287008","0.074584824","0.073993548","0.113417583","0.138143429","0.160089588","0.191197763","0.21298323","0.23915669","0.261145298","0.282775495","0.303851927","0.323302243","0.341881947"
"IMF.STA:FFS(1.0.2)","ARE.IM.NGA.USQ2021.A","OBS_VALUE","United Arab Emirates","Implicit fossil fuel subsidies","Natural Gas","USD at constant 2021 prices","Annual","Units","9.902853778","10.28815158","9.576978725","8.624166792","9.998251682","10.28846958","10.37279307","10.89360658","11.3383948","12.09268767","12.35856213","12.75973516","13.15602328","13.56176159","13.96846797","14.38167784","14.78975319","15.21152515","15.64674481","16.09560409","16.55811061"
"IMF.STA:FFS(1.0.2)","GUY.IM.NGA.USQ2021.A","OBS_VALUE","Guyana","Implicit fossil fuel subsidies","Natural Gas","USD at constant 2021 prices","Annual","Units","0","0","0","0.00000686","0.0000593","0.000191651","0.000184995","0","0","0","0","0","0","0","0","0","0","0","0","0","0"
"IMF.STA:FFS(1.0.2)","GEO.IM.NGA.USQ2021.A","OBS_VALUE","Georgia","Implicit fossil fuel subsidies","Natural Gas","USD at constant 2021 prices","Annual","Units","0.230590427","0.226100333","0.259227974","0.262031773","0.263844005","0.315099633","0.446775497","0.418590756","0.369025423","0.41588685","0.432920404","0.458397426","0.482540974","0.508632654","0.533982469","0.557725568","0.581885327","0.60655743","0.631721314","0.657355109","0.683436"
"IMF.STA:FFS(1.0.2)","CIV.IM.NGA.USQ2021.A","OBS_VALUE","Côte d'Ivoire","Implicit fossil fuel subsidies","Natural Gas","USD at constant 2021 prices","Annual","Units","0.278816247","0.249589164","0.324957285","0.284010374","0.310208182","0.325621051","0.371717128","0.397279844","0.412420188","0.433769263","0.445044121","0.479726006","0.506333941","0.535498569","0.568695981","0.600629913","0.633503088","0.668416203","0.705350409","0.744312589","0.785273582"
"IMF.STA:FFS(1.0.2)","LBN.IM.NGA.USQ2021.A","OBS_VALUE","Lebanon","Implicit fossil fuel subsidies","Natural Gas","USD at constant 2021 prices","Annual","Units","","","","","","","0","0","0","0","0","0","0","0","0","0","0","0","0","0","0"
"IMF.STA:FFS(1.0.2)","ESP.IM.NGA.USQ2021.A","OBS_VALUE","Spain","Implicit fossil fuel subsidies","Natural Gas","USD at constant 2021 prices","Annual","Units","4.097293031","4.310890859","4.80959759","4.57126668","4.125644873","3.663758368","6.418423155","6.164353663","1.774069645","2.767105959","2.852710588","3.162062548","3.362494369","3.57469831","3.779275362","3.949992521","4.111985068","4.271684878","4.430888698","4.589537814","4.74756833"
"IMF.STA:FFS(1.0.2)","BIH.IM.NGA.USQ2021.A","OBS_VALUE","Bosnia and Herzegovina","Implicit fossil fuel subsidies","Natural Gas","USD at constant 2021 prices","Annual","Units","0.013207806","0.013753484","0.039124428","0.03838224","0.037438248","0.035219989","0.043788159","0.047055018","0.049248408","0.052966595","0.054344433","0.05932971","0.062493436","0.065923337","0.06930466","0.071758523","0.074248271","0.076766104","0.07929718","0.081876582","0.084487805"
"IMF.STA:FFS(1.0.2)","KWT.IM.NGA.USQ2021.A","OBS_VALUE","Kuwait","Implicit fossil fuel subsidies","Natural Gas","USD at constant 2021 prices","Annual","Units","2.778798185","3.001409147","3.124253129","3.388321866","3.542650025","3.449263707","3.609285173","4.983307987","5.5134607","5.663616817","5.606847952","5.592044146","5.553379465","5.552452763","5.744552516","5.861186721","5.964822493","6.074142722","6.187005826","6.302486717","6.420074404"
"IMF.STA:FFS(1.0.2)","TGO.IM.NGA.USQ2021.A","OBS_VALUE","Togo","Implicit fossil fuel subsidies","Natural Gas","USD at constant 2021 prices","Annual","Units","0.003125916","0.001281566","0.005330436","0.006300514","0.016290575","0.017088313","0.022917397","0.024546709","0.026119321","0.026716256","0.027026939","0.028212119","0.028769287","0.029333916","0.029931638","0.030658881","0.031395581","0.032257816","0.033183201","0.034162745","0.035207675"
"IMF.STA:FFS(1.0.2)","GIN.IM.NGA.USQ2021.A","OBS_VALUE","Guinea","Implicit fossil fuel subsidies","Natural Gas","USD at constant 2021 prices","Annual","Units","0","0","0","0","0","0","0","0","0","0","0","0","0","0","0","0","0","0","0","0","0"
"IMF.STA:FFS(1.0.2)","SLB.IM.NGA.USQ2021.A","OBS_VALUE","Solomon Islands","Implicit fossil fuel subsidies","Natural Gas","USD at constant 2021 prices","Annual","Units","0","0","0","0","0","0","0","0","0","0","0","0","0","0","0","0","0","0","0","0","0"
"IMF.STA:FFS(1.0.2)","JAM.IM.NGA.USQ2021.A","OBS_VALUE","Jamaica","Implicit fossil fuel subsidies","Natural Gas","USD at constant 2021 prices","Annual","Units","0","0.004274844","0.027496038","0.033896396","0.040620986","0.101172004","0.108061181","0.042818202","0.044742395","0.049188405","0.064550547","0.058198602","0.051547332","0.051935539","0.053926093","0.055563334","0.056534149","0.056906003","0.057275055","0.057638695","0.057996367"
"IMF.STA:FFS(1.0.2)","GTM.IM.NGA.USQ2021.A","OBS_VALUE","Guatemala","Implicit fossil fuel subsidies","Natural Gas","USD at constant 2021 prices","Annual","Units","0","0","0","0","0","0.000198409","0.000495737","0","0","0","0","0","0","0","0","0","0","0","0","0","0"
"IMF.STA:FFS(1.0.2)","FJI.IM.NGA.USQ2021.A","OBS_VALUE","Fiji, Republic of","Implicit fossil fuel subsidies","Natural Gas","USD at constant 2021 prices","Annual","Units","0","0","0","0","0","0","0","0","0","0","0","0","0","0","0","0","0","0","0","0","0"
"IMF.STA:FFS(1.0.2)","YEM.IM.NGA.USQ2021.A","OBS_VALUE","Yemen, Republic of","Implicit fossil fuel subsidies","Natural Gas","USD at constant 2021 prices","Annual","Units","0.113489672","0.07041841","0.002885359","0.002955831","0.003028038","0.00310146","0.003177036","0.082459408","0.0824594","0.107983754","0.086408216","0.104119781","0.111357171","0.110859716","0.111904639","0.11363844","0.115618586","0.117717007","0.119781495","0.121909405","0.124130413"
"IMF.STA:FFS(1.0.2)","LSO.IM.NGA.USQ2021.A","OBS_VALUE","Lesotho, Kingdom of","Implicit fossil fuel subsidies","Natural Gas","USD at constant 2021 prices","Annual","Units","0","0","0","0","0","0","0","0","0","0","0","0","0","0","0","0","0","0","0","0","0"
"IMF.STA:FFS(1.0.2)","BFA.IM.NGA.USQ2021.A","OBS_VALUE","Burkina Faso","Implicit fossil fuel subsidies","Natural Gas","USD at constant 2021 prices","Annual","Units","0","0","0","0","0","0","0","0","0","0","0","0","0","0","0","0","0","0","0","0","0"
"IMF.STA:FFS(1.0.2)","AFG.IM.NGA.USQ2021.A","OBS_VALUE","Afghanistan, Islamic Republic of","Implicit fossil fuel subsidies","Natural Gas","USD at constant 2021 prices","Annual","Units","0.019844905","0.022988358","0.022232568","0.022366553","0.019227843","0.012222728","0.012717978","0.013163512","0.013479217","0.013725495","0.013282339","0.014327215","0.014896224","0.015537306","0.016112612","0.016366472","0.016617972","0.016867051","0.017113772","0.017358067","0.017599929"
"IMF.STA:FFS(1.0.2)","BRN.IM.NGA.USQ2021.A","OBS_VALUE","Brunei Darussalam","Implicit fossil fuel subsidies","Natural Gas","USD at constant 2021 prices","Annual","Units","0.091442063","0.109560115","0.058171176","0.002758975","0.174549068","0.279346404","0.308330229","0.35158691","0.35857665","0.3650479","0.366184626","0.375543258","0.384973971","0.395602043","0.406214865","0.416059099","0.42592111","0.435898424","0.44597125","0.456137034","0.466389367"
"IMF.STA:FFS(1.0.2)","LKA.IM.NGA.USQ2021.A","OBS_VALUE","Sri Lanka","Implicit fossil fuel subsidies","Natural Gas","USD at constant 2021 prices","Annual","Units","0","0","0","0","0","0","0","0","0","0","0","0","0","0","0","0","0","0","0","0","0"
"IMF.STA:FFS(1.0.2)","GNB.IM.NGA.USQ2021.A","OBS_VALUE","Guinea-Bissau","Implicit fossil fuel subsidies","Natural Gas","USD at constant 2021 prices","Annual","Units","0","0","0","0","0","0","0","0","0","0","0","0","0","0","0","0","0","0","0","0","0"
"IMF.STA:FFS(1.0.2)","BRA.IM.NGA.USQ2021.A","OBS_VALUE","Brazil","Implicit fossil fuel subsidies","Natural Gas","USD at constant 2021 prices","Annual","Units","5.714290719","5.000521338","5.48281697","5.380369893","5.332372463","5.013034315","6.42390678","3.83671489","3.880331315","4.290338789","3.580694045","3.510054034","3.5663029","3.728948581","3.919094528","4.052606699","4.149655098","4.241561453","4.334788185","4.429590459","4.52549465"
"IMF.STA:FFS(1.0.2)","SLV.IM.NGA.USQ2021.A","OBS_VALUE","El Salvador","Implicit fossil fuel subsidies","Natural Gas","USD at constant 2021 prices","Annual","Units","0","0","0","0","0","0","0.0000238","0","0","0","0","0","0","0","0","0","0","0","0","0","0"
"IMF.STA:FFS(1.0.2)","ISL.IM.NGA.USQ2021.A","OBS_VALUE","Iceland","Implicit fossil fuel subsidies","Natural Gas","USD at constant 2021 prices","Annual","Units","0","0","0","0","0","0","0","0","0","0","0","0","0","0","0","0","0","0","0","0","0"
"IMF.STA:FFS(1.0.2)","BOL.IM.NGA.USQ2021.A","OBS_VALUE","Bolivia","Implicit fossil fuel subsidies","Natural Gas","USD at constant 2021 prices","Annual","Units","0.515867009","0.47711345","0.596665977","0.621938568","0.6054768","0.508344574","0.590551555","0.632198706","0.638407685","0.717585906","0.741845222","0.76947546","0.796855211","0.824491863","0.852421523","0.880773627","0.908037618","0.935835139","0.964121996","0.992953353","1.022310573"
"IMF.STA:FFS(1.0.2)","MDA.IM.NGA.USQ2021.A","OBS_VALUE","Moldova, Republic of","Implicit fossil fuel subsidies","Natural Gas","USD at constant 2021 prices","Annual","Units","0.356933293","0.362692438","0.333710047","0.386887191","0.407968307","0.414735795","0.467507307","0.44442612","0.433456038","0.533445088","0.565826461","0.607652346","0.632300584","0.664468768","0.691180902","0.709827987","0.728683082","0.747986805","0.76780648","0.788120771","0.808905138"
"IMF.STA:FFS(1.0.2)","HND.IM.NGA.USQ2021.A","OBS_VALUE","Honduras","Implicit fossil fuel subsidies","Natural Gas","USD at constant 2021 prices","Annual","Units","0","0","0","0","0","0","0","0","0","0","0","0","0","0","0","0","0","0","0","0","0"
"IMF.STA:FFS(1.0.2)","ZMB.IM.NGA.USQ2021.A","OBS_VALUE","Zambia","Implicit fossil fuel subsidies","Natural Gas","USD at constant 2021 prices","Annual","Units","0","0","0","0","0","0","0","0","0","0","0","0","0","0","0","0","0","0","0","0","0"
"IMF.STA:FFS(1.0.2)","KAZ.IM.NGA.USQ2021.A","OBS_VALUE","Kazakhstan, Republic of","Implicit fossil fuel subsidies","Natural Gas","USD at constant 2021 prices","Annual","Units","2.02669596","2.257037971","2.55623158","2.602997814","2.573042056","2.806865386","3.334296295","5.381870925","5.852203796","5.817659256","5.904603165","5.94544268","6.013058513","6.064838249","6.496904266","6.878194001","7.243138878","7.618061024","8.003236883","8.39035377","8.787208194"
"IMF.STA:FFS(1.0.2)","JPN.IM.NGA.USQ2021.A","OBS_VALUE","Japan","Implicit fossil fuel subsidies","Natural Gas","USD at constant 2021 prices","Annual","Units","17.57163072","16.56839985","18.76645096","16.67553475","16.1640125","18.57919224","12.01079419","13.66050727","13.24293955","14.04756634","13.39840887","14.00242135","13.82012955","13.98242567","13.79911886","13.24899883","13.39983935","13.49882724","13.59421157","13.68600999","13.78318331"
"IMF.STA:FFS(1.0.2)","LVA.IM.NGA.USQ2021.A","OBS_VALUE","Latvia, Republic of","Implicit fossil fuel subsidies","Natural Gas","USD at constant 2021 prices","Annual","Units","0.158668489","0.167782398","0.164510709","0.187344597","0.173574158","0.149952018","0.198826694","0.174647777","0.068980673","0.10234459","0.106432221","0.116916383","0.124068961","0.131274219","0.13817043","0.143249022","0.148312919","0.153370496","0.158423574","0.163478034","0.168536197"
"IMF.STA:FFS(1.0.2)","DNK.IM.NGA.USQ2021.A","OBS_VALUE","Denmark","Implicit fossil fuel subsidies","Natural Gas","USD at constant 2021 prices","Annual","Units","0","0","0.03599884","0.010156395","0.010088102","0","0.298715535","0.126414706","0","0","0","0","0","0","0","0","0","0","0.003233784","0.009568047","0.015932274"
"IMF.STA:FFS(1.0.2)","TCD.IM.NGA.USQ2021.A","OBS_VALUE","Chad","Implicit fossil fuel subsidies","Natural Gas","USD at constant 2021 prices","Annual","Units","0","0","0","0","0","0","0","0","0","0","0","0","0","0","0","0","0","0","0","0","0"
"IMF.STA:FFS(1.0.2)","CAF.IM.NGA.USQ2021.A","OBS_VALUE","Central African Republic","Implicit fossil fuel subsidies","Natural Gas","USD at constant 2021 prices","Annual","Units","0","0","0","0","0","0","0","0","0","0","0","0","0","0","0","0","0","0","0","0","0"
"IMF.STA:FFS(1.0.2)","TUN.IM.NGA.USQ2021.A","OBS_VALUE","Tunisia","Implicit fossil fuel subsidies","Natural Gas","USD at constant 2021 prices","Annual","Units","0.589977012","0.283858164","0.780135059","0.978443744","0.211729271","0.114453664","0.787653414","0.989278751","0.99718217","1.025816526","1.033383271","1.086008992","1.125434956","1.169318388","1.211629782","1.251498301","1.293452913","1.332840119","1.367207274","1.391572929","1.411051925"
"IMF.STA:FFS(1.0.2)","ARM.IM.NGA.USQ2021.A","OBS_VALUE","Armenia, Republic of","Implicit fossil fuel subsidies","Natural Gas","USD at constant 2021 prices","Annual","Units","0.313431428","0.308827901","0.338693226","0.366787558","0.4041594","0.405702258","0.412449358","0.431572762","0.374392066","0.431419823","0.450220677","0.477201152","0.501835116","0.52938758","0.554114599","0.575384297","0.596403256","0.617595634","0.638920511","0.66034419","0.681824469"
"IMF.STA:FFS(1.0.2)","NPL.IM.NGA.USQ2021.A","OBS_VALUE","Nepal","Implicit fossil fuel subsidies","Natural Gas","USD at constant 2021 prices","Annual","Units","0","0","0","0","0","0","0","0","0","0","0","0","0","0","0","0","0","0","0","0","0"
"IMF.STA:FFS(1.0.2)","CHE.IM.NGA.USQ2021.A","OBS_VALUE","Switzerland","Implicit fossil fuel subsidies","Natural Gas","USD at constant 2021 prices","Annual","Units","0.234795116","0.309213213","0.359780053","0.273764248","0.444468798","0.073248978","0.668880944","0.670483854","0.459793906","0.070770385","0.073416147","0.082462509","0.087905371","0.094621357","0.100752655","0.105888434","0.111040768","0.116205143","0.131659266","0.149861783","0.171807646"
"IMF.STA:FFS(1.0.2)","LTU.IM.NGA.USQ2021.A","OBS_VALUE","Lithuania, Republic of","Implicit fossil fuel subsidies","Natural Gas","USD at constant 2021 prices","Annual","Units","0.194740673","0.180783423","0.146475583","0.134329083","0.128863803","0.167006609","0.095854159","0.095350759","0.092333707","0.189794711","0.196318196","0.215017967","0.226195373","0.238286509","0.249939932","0.258031385","0.266124307","0.274236597","0.282385297","0.290576487","0.298805419"
"IMF.STA:FFS(1.0.2)","CPV.IM.NGA.USQ2021.A","OBS_VALUE","Cabo Verde","Implicit fossil fuel subsidies","Natural Gas","USD at constant 2021 prices","Annual","Units","0","0","0","0","0","0","0","0","0","0","0","0","0","0","0","0","0","0","0","0","0"
"IMF.STA:FFS(1.0.2)","GNQ.IM.NGA.USQ2021.A","OBS_VALUE","Equatorial Guinea, Republic of","Implicit fossil fuel subsidies","Natural Gas","USD at constant 2021 prices","Annual","Units","0.16479803","0.182346559","0.185752181","0.177935592","0.175745369","0.169021258","0.184658591","0.171943536","0.170780025","0.17458648","0.167225576","0.165619783","0.171961747","0.175127962","0.184377882","0.197933381","0.215855208","0.241306089","0.276156782","0.323157312","0.383840427"
"IMF.STA:FFS(1.0.2)","MYS.IM.NGA.USQ2021.A","OBS_VALUE","Malaysia","Implicit fossil fuel subsidies","Natural Gas","USD at constant 2021 prices","Annual","Units","4.996858606","4.430445837","2.994150828","4.133995967","0.698182092","0.003048538","5.661855964","7.250486711","7.113886341","7.143821502","7.124762508","7.560368468","8.006012931","8.432469773","8.865045604","9.324121743","9.742234714","10.16314982","10.59152929","10.94743592","11.30490477"
"IMF.STA:FFS(1.0.2)","CMR.IM.NGA.USQ2021.A","OBS_VALUE","Cameroon","Implicit fossil fuel subsidies","Natural Gas","USD at constant 2021 prices","Annual","Units","0.065036102","0.07129011","0.081143494","0.108059273","0.10449627","0.137182399","0.114273989","0.04404343","0.070045463","0.08926331","0.110062835","0.149842214","0.148869274","0.148132582","0.147495762","0.146988125","0.146386262","0.14592321","0.145521104","0.145178682","0.144883066"
"IMF.STA:FFS(1.0.2)","TTO.IM.NGA.USQ2021.A","OBS_VALUE","Trinidad and Tobago","Implicit fossil fuel subsidies","Natural Gas","USD at constant 2021 prices","Annual","Units","1.112845496","0.963809959","0.978847813","1.01436468","1.001041483","0.925716697","0.816234523","0.816624593","0.814688317","0.8390334","0.844146869","0.851126443","0.863716701","0.878996735","0.894309363","0.909383072","0.924576022","0.939970998","0.955580488","0.971413573","0.987489389"
"IMF.STA:FFS(1.0.2)","OMN.IM.NGA.USQ2021.A","OBS_VALUE","Oman","Implicit fossil fuel subsidies","Natural Gas","USD at constant 2021 prices","Annual","Units","3.207425224","3.336058976","3.437015424","3.803835484","3.914343028","3.946215437","4.428650262","4.742349316","5.007904352","5.259489382","5.273225053","5.522110868","5.716600811","5.869880643","6.041946847","6.225392078","6.414151015","6.609462638","6.811916713","7.021829209","7.239522169"
"IMF.STA:FFS(1.0.2)","BTN.IM.NGA.USQ2021.A","OBS_VALUE","Bhutan","Implicit fossil fuel subsidies","Natural Gas","USD at constant 2021 prices","Annual","Units","0","0","0","0","0","0","0","0","0","0","0","0","0","0","0","0","0","0","0","0","0"
"IMF.STA:FFS(1.0.2)","PNG.IM.NGA.USQ2021.A","OBS_VALUE","Papua New Guinea","Implicit fossil fuel subsidies","Natural Gas","USD at constant 2021 prices","Annual","Units","0.066179508","0.077269082","0.082334007","0.064457231","0.077092795","0.142652567","0.146559837","0.197408836","0.223101285","0.255822926","0.269185824","0.292211559","0.306776592","0.322171468","0.337619612","0.349285209","0.360495756","0.371999268","0.383863695","0.396112739","0.408776882"
"IMF.STA:FFS(1.0.2)","SYC.IM.NGA.USQ2021.A","OBS_VALUE","Seychelles","Implicit fossil fuel subsidies","Natural Gas","USD at constant 2021 prices","Annual","Units","","","","","","","0","0","0","0","0","0","0","0","0","0","0","0","0","0","0"
"IMF.STA:FFS(1.0.2)","MUS.IM.NGA.USQ2021.A","OBS_VALUE","Mauritius","Implicit fossil fuel subsidies","Natural Gas","USD at constant 2021 prices","Annual","Units","0","0","0","0","0","0","0","0","0","0","0","0","0","0","0","0","0","0","0","0","0"
"IMF.STA:FFS(1.0.2)","RWA.IM.NGA.USQ2021.A","OBS_VALUE","Rwanda","Implicit fossil fuel subsidies","Natural Gas","USD at constant 2021 prices","Annual","Units","0.000822624","0.003862323","0.004112097","0.006940697","0.008347027","0.008331959","0.009095812","0.00978136","0.01068966","0.013465712","0.01654687","0.018274157","0.020077205","0.022706755","0.024714471","0.02682493","0.029019685","0.031471178","0.034762713","0.038853135","0.043296185"
"IMF.STA:FFS(1.0.2)","ALB.IM.NGA.USQ2021.A","OBS_VALUE","Albania","Implicit fossil fuel subsidies","Natural Gas","USD at constant 2021 prices","Annual","Units","0.00502173","0.006509394","0.007174628","0.006411924","0.011422467","0.008401111","0.00928159","0.009890045","0.009473558","0.00989566","0.01031976","0.010981598","0.011532924","0.012108202","0.01268789","0.013223828","0.013769921","0.014325935","0.014891271","0.015465444","0.01604838"
"IMF.STA:FFS(1.0.2)","AUS.IM.NGA.USQ2021.A","OBS_VALUE","Australia","Implicit fossil fuel subsidies","Natural Gas","USD at constant 2021 prices","Annual","Units","4.719026876","4.897674196","5.225118646","5.52518223","5.868301978","6.184658032","6.08041405","10.12682542","11.59814973","8.523269938","8.887004896","9.179732981","9.277889321","9.429236487","9.408265273","9.176696878","9.359040297","9.485130423","9.662069978","9.768505534","9.868888898"
"IMF.STA:FFS(1.0.2)","LBY.IM.NGA.USQ2021.A","OBS_VALUE","Libya","Implicit fossil fuel subsidies","Natural Gas","USD at constant 2021 prices","Annual","Units","1.024085597","1.087231599","1.149522496","1.158557768","1.218231211","1.05498006","1.438401179","1.184682765","1.222355432","1.292221451","1.360611968","1.416298759","1.455490069","1.495670621","1.567633908","1.654637945","1.741233414","1.828485197","1.916305208","2.004645538","2.093395829"
"IMF.STA:FFS(1.0.2)","MDG.IM.NGA.USQ2021.A","OBS_VALUE","Madagascar, Republic of","Implicit fossil fuel subsidies","Natural Gas","USD at constant 2021 prices","Annual","Units","0","0","0","0","0","0","0","0","0","0","0","0","0","0","0","0","0","0","0","0","0"
"IMF.STA:FFS(1.0.2)","DZA.IM.NGA.USQ2021.A","OBS_VALUE","Algeria","Implicit fossil fuel subsidies","Natural Gas","USD at constant 2021 prices","Annual","Units","5.305955813","5.424274414","5.816661659","6.447247359","6.877309356","6.924602663","7.633677283","7.597101251","7.683839107","8.07457387","8.360590936","8.684770853","8.998729169","9.312413422","9.58216903","9.856289012","10.13158749","10.41112384","10.69488486","10.98293059","11.27520817"
"IMF.STA:FFS(1.0.2)","CAN.IM.NGA.USQ2021.A","OBS_VALUE","Canada","Implicit fossil fuel subsidies","Natural Gas","USD at constant 2021 prices","Annual","Units","13.36696646","14.06426044","14.71331283","17.32924638","17.78538247","16.44014782","19.08279629","15.52320483","10.70141383","9.445564193","9.038976005","9.280882209","9.740995144","10.26252464","10.78968575","11.21897529","11.63495975","12.05141038","12.50187291","12.95191343","13.40150311"
"IMF.STA:FFS(1.0.2)","COD.IM.NGA.USQ2021.A","OBS_VALUE","Congo, Democratic Republic of the","Implicit fossil fuel subsidies","Natural Gas","USD at constant 2021 prices","Annual","Units","-0.000157662","-0.0000491","-0.0000445","-0.0000456","0","0","0","0","0","0","0","0","0","0","0","0","0","0","0","0","0"
"IMF.STA:FFS(1.0.2)","SLE.IM.NGA.USQ2021.A","OBS_VALUE","Sierra Leone","Implicit fossil fuel subsidies","Natural Gas","USD at constant 2021 prices","Annual","Units","0","0","0","0","0","0","0","0","0","0","0","0","0","0","0","0","0","0","0","0","0"
"IMF.STA:FFS(1.0.2)","ARG.IM.NGA.USQ2021.A","OBS_VALUE","Argentina","Implicit fossil fuel subsidies","Natural Gas","USD at constant 2021 prices","Annual","Units","7.107524533","7.342036829","7.559049033","7.70375562","7.557117728","7.222420454","7.2698455","8.35107958","7.330018576","7.397724911","7.684053749","7.819849715","8.037160365","8.278561084","8.476158365","8.658830122","8.82918977","9.002388682","9.175727961","9.349166342","9.522599473"
"IMF.STA:FFS(1.0.2)","BHS.IM.NGA.USQ2021.A","OBS_VALUE","Bahamas, The","Implicit fossil fuel subsidies","Natural Gas","USD at constant 2021 prices","Annual","Units","0","0","0","0","0","0","0","0","0","0","0","0","0","0","0","0","0","0","0","0","0"
"IMF.STA:FFS(1.0.2)","PAN.IM.NGA.USQ2021.A","OBS_VALUE","Panama","Implicit fossil fuel subsidies","Natural Gas","USD at constant 2021 prices","Annual","Units","0","0","0","0.038240616","0.12177952","0.067213111","0.082248985","0.106190942","0.087643572","0.085049636","0.048064638","0.036424469","0.028984833","0.030207879","0.03266093","0.034978283","0.03599897","0.036537086","0.037063392","0.038098172","0.039154312"
"IMF.STA:FFS(1.0.2)","CZE.IM.NGA.USQ2021.A","OBS_VALUE","Czech Republic","Implicit fossil fuel subsidies","Natural Gas","USD at constant 2021 prices","Annual","Units","1.120634596","1.252871593","1.315157859","1.21396189","1.212274237","1.21322192","1.648247782","1.845131939","0.749270145","1.344326454","1.371226569","1.501013426","1.577769452","1.662622571","1.743319882","1.795313349","1.852088568","1.910287069","1.971167296","2.030956596","2.091474807"
"IMF.STA:FFS(1.0.2)","DJI.IM.NGA.USQ2021.A","OBS_VALUE","Djibouti","Implicit fossil fuel subsidies","Natural Gas","USD at constant 2021 prices","Annual","Units","0","0","0","0","0","0","0","0","0","0","0","0","0","0","0","0","0","0","0","0","0"
"IMF.STA:FFS(1.0.2)","MRT.IM.NGA.USQ2021.A","OBS_VALUE","Mauritania, Islamic Republic of","Implicit fossil fuel subsidies","Natural Gas","USD at constant 2021 prices","Annual","Units","0","0","0","0","0","0","0","0","0","0","0","0","0","0","0","0","0","0","0","0","0"
"IMF.STA:FFS(1.0.2)","SDN.IM.NGA.USQ2021.A","OBS_VALUE","Sudan","Implicit fossil fuel subsidies","Natural Gas","USD at constant 2021 prices","Annual","Units","0","0","0","0","0","0","0","0","0","0","0","0","0","0","0","0","0","0","0","0","0"
"IMF.STA:FFS(1.0.2)","FRA.IM.NGA.USQ2021.A","OBS_VALUE","France","Implicit fossil fuel subsidies","Natural Gas","USD at constant 2021 prices","Annual","Units","4.460998132","3.925243033","3.189907122","1.560743481","1.404546433","1.235238961","8.155555332","8.046061156","2.115571348","0","0","0","0","0","0","0","0","0.004985002","0.133598913","0.261327235","0.398109232"
"IMF.STA:FFS(1.0.2)","AZE.IM.NGA.USQ2021.A","OBS_VALUE","Azerbaijan, Republic of","Implicit fossil fuel subsidies","Natural Gas","USD at constant 2021 prices","Annual","Units","1.559250215","1.622116344","1.592896941","1.67953787","1.764880058","1.83879196","2.067487766","2.064984275","2.168169579","2.281301621","2.324127467","2.410971973","2.494199113","2.573253223","2.6475739","2.722041899","2.788166758","2.855085426","2.922741489","2.991103607","3.060115921"
"IMF.STA:FFS(1.0.2)","NZL.IM.NGA.USQ2021.A","OBS_VALUE","New Zealand","Implicit fossil fuel subsidies","Natural Gas","USD at constant 2021 prices","Annual","Units","0.470978216","0.403906769","0.446631668","0.384017803","0.423670974","0.379031242","0.202000259","0.503292925","0.512640438","0.342948106","0.35102413","0.382761352","0.403368913","0.424951505","0.4454259","0.461163844","0.475839032","0.490439176","0.505070539","0.519758551","0.534522282"
"IMF.STA:FFS(1.0.2)","IRQ.IM.NGA.USQ2021.A","OBS_VALUE","Iraq","Implicit fossil fuel subsidies","Natural Gas","USD at constant 2021 prices","Annual","Units","0.71967272","1.1642101","1.581720075","2.265181339","2.529998514","2.003299074","3.18510853","4.049484398","5.643883303","5.678219782","5.121451508","5.809457448","5.825255865","5.837434177","5.860918365","5.919048122","5.963743681","6.060726942","6.213966125","6.396026083","6.585716681"
"IMF.STA:FFS(1.0.2)","COM.IM.NGA.USQ2021.A","OBS_VALUE","Comoros, Union of the","Implicit fossil fuel subsidies","Natural Gas","USD at constant 2021 prices","Annual","Units","0","0","0","0","0","0","0","0","0","0","0","0","0","0","0","0","0","0","0","0","0"
"IMF.STA:FFS(1.0.2)","DOM.IM.NGA.USQ2021.A","OBS_VALUE","Dominican Republic","Implicit fossil fuel subsidies","Natural Gas","USD at constant 2021 prices","Annual","Units","0.005716182","0.00587948","0.005915189","0.00642604","0.006667879","0.006855857","0.005931662","0.006415451","0.0066669","0.007391936","0.00714747","0.007386682","0.007811322","0.008308839","0.008831729","0.009296861","0.009776803","0.010271331","0.010780625","0.011304921","0.011844535"
"IMF.STA:FFS(1.0.2)","GHA.IM.NGA.USQ2021.A","OBS_VALUE","Ghana","Implicit fossil fuel subsidies","Natural Gas","USD at constant 2021 prices","Annual","Units","0","0.00999511","0.135493706","0.08281917","0.142480943","0.251314472","0.282368277","0.267266187","0.360952769","0.317828114","0.361796871","0.385010399","0.396425155","0.420745824","0.438496735","0.457308544","0.475943811","0.495838236","0.516986923","0.539377607","0.562968171"
"IMF.STA:FFS(1.0.2)","UKR.IM.NGA.USQ2021.A","OBS_VALUE","Ukraine","Implicit fossil fuel subsidies","Natural Gas","USD at constant 2021 prices","Annual","Units","2.470207588","3.86499543","3.417489762","3.064742973","3.702781154","4.38864018","4.140785763","2.106445283","3.837884923","4.418914891","4.792910535","5.155869653","5.393170456","5.755299714","6.066921261","6.349010085","6.64436897","6.942612475","7.243591629","7.546611362","7.851018513"
"IMF.STA:FFS(1.0.2)","GMB.IM.NGA.USQ2021.A","OBS_VALUE","Gambia, The","Implicit fossil fuel subsidies","Natural Gas","USD at constant 2021 prices","Annual","Units","0","0","0","0","0","0","0","0","0","0","0","0","0","0","0","0","0","0","0","0","0"
"IMF.STA:FFS(1.0.2)","NGA.IM.NGA.USQ2021.A","OBS_VALUE","Nigeria","Implicit fossil fuel subsidies","Natural Gas","USD at constant 2021 prices","Annual","Units","2.518564404","2.7862053","2.221013624","2.382100139","2.450178023","2.500153742","2.591328266","2.618429388","2.578000195","2.94165359","2.824311047","3.122534862","3.345874594","3.525464298","3.694354217","3.831603651","3.972374877","4.118803286","4.270776137","4.4282574","4.591113853"
"IMF.STA:FFS(1.0.2)","COG.IM.NGA.USQ2021.A","OBS_VALUE","Congo, Republic of","Implicit fossil fuel subsidies","Natural Gas","USD at constant 2021 prices","Annual","Units","0.068451348","0.080303966","0.086494921","0.100660097","0.144684657","0.154767496","0.163825501","0.186926855","0.191661136","0.194149814","0.195165652","0.199090333","0.201640409","0.204752366","0.208323795","0.211897113","0.214811143","0.217822824","0.22094659","0.224152302","0.227419116"
"IMF.STA:FFS(1.0.2)","GRC.IM.NGA.USQ2021.A","OBS_VALUE","Greece","Implicit fossil fuel subsidies","Natural Gas","USD at constant 2021 prices","Annual","Units","0.201950438","0.297533725","0.446503969","0.483621516","0.495318162","0.57868373","1.088513765","0.946761242","0.127361175","0.417761619","0.426674334","0.465141829","0.487095747","0.507827882","0.52776863","0.541598691","0.555911091","0.569531653","0.582577845","0.595069207","0.606985224"
"IMF.STA:FFS(1.0.2)","BEL.IM.NGA.USQ2021.A","OBS_VALUE","Belgium","Implicit fossil fuel subsidies","Natural Gas","USD at constant 2021 prices","Annual","Units","1.792122325","1.710335202","2.087288356","1.975248611","2.04512302","1.934648662","2.971193198","2.844359873","0.108138283","0.994390836","1.061998227","1.182229876","1.2740788","1.371062275","1.464602851","1.544013573","1.621506783","1.698585411","1.775292275","1.851636102","1.927630118"
"IMF.STA:FFS(1.0.2)","NAM.IM.NGA.USQ2021.A","OBS_VALUE","Namibia","Implicit fossil fuel subsidies","Natural Gas","USD at constant 2021 prices","Annual","Units","0","0","0","0","0","0","0","0","0","0","0","0","0","0","0","0","0","0","0","0","0"
"IMF.STA:FFS(1.0.2)","RUS.IM.NGA.USQ2021.A","OBS_VALUE","Russian Federation","Implicit fossil fuel subsidies","Natural Gas","USD at constant 2021 prices","Annual","Units","65.37292101","66.58300221","68.8755335","74.37248882","73.17006198","72.49554709","83.53054754","81.14681128","85.48087807","91.7335523","90.34991157","87.05326092","86.05560209","84.02039377","82.78206105","82.52559243","83.00551996","83.47160224","83.9242694","84.3090559","84.6791196"
"IMF.STA:FFS(1.0.2)","HUN.IM.NGA.USQ2021.A","OBS_VALUE","Hungary","Implicit fossil fuel subsidies","Natural Gas","USD at constant 2021 prices","Annual","Units","1.283196453","1.394023795","1.494438428","1.477356593","1.479817325","1.571133402","1.936446717","1.879497959","1.238429069","1.567519743","1.612192325","1.717973704","1.794107092","1.874929551","1.953619884","2.016118755","2.082256369","2.149106403","2.216710108","2.285104012","2.354323234"
"IMF.STA:FFS(1.0.2)","SGP.IM.NGA.USQ2021.A","OBS_VALUE","Singapore","Implicit fossil fuel subsidies","Natural Gas","USD at constant 2021 prices","Annual","Units","1.496225598","1.560677424","1.624875756","1.689928676","1.779764239","1.793079415","1.927412005","1.827024135","1.709490782","1.835382178","1.832032774","1.860301983","1.869870846","1.881496351","1.891945295","1.893850629","1.896028146","1.897762616","1.899347181","1.900852095","1.902285156"
"IMF.STA:FFS(1.0.2)","CYP.IM.NGA.USQ2021.A","OBS_VALUE","Cyprus","Implicit fossil fuel subsidies","Natural Gas","USD at constant 2021 prices","Annual","Units","0","0","0","0","0","0","0","0","0","0","0","0","0","0","0","0","0","0","0","0","0"
"IMF.STA:FFS(1.0.2)","CHN.IM.NGA.USQ2021.A","OBS_VALUE","China, People's Republic of","Implicit fossil fuel subsidies","Natural Gas","USD at constant 2021 prices","Annual","Units","36.61047143","41.12704909","49.94404213","60.98136598","69.22020717","75.78706097","92.40907905","88.98151976","93.60437839","93.13680507","95.94898901","103.761316","108.3958133","113.5676584","117.9838808","120.4924622","124.1997402","127.8044874","131.3737237","134.9014146","138.3874143"
"IMF.STA:FFS(1.0.2)","MLT.IM.NGA.USQ2021.A","OBS_VALUE","Malta","Implicit fossil fuel subsidies","Natural Gas","USD at constant 2021 prices","Annual","Units","0","0","0.035576012","0.039152402","0.036352755","0.034910101","0.037300469","0","0","0.014880095","0.016361901","0.017690985","0.018882777","0.020048208","0.021162614","0.022240677","0.02327848","0.024285953","0.025267414","0.026224199","0.027157477"
"IMF.STA:FFS(1.0.2)","MNG.IM.NGA.USQ2021.A","OBS_VALUE","Mongolia","Implicit fossil fuel subsidies","Natural Gas","USD at constant 2021 prices","Annual","Units","0","0","0","0","0","0","0","0","0","0","0","0","0","0","0","0","0","0","0","0","0"
"IMF.STA:FFS(1.0.2)","ROU.IM.NGA.USQ2021.A","OBS_VALUE","Romania","Implicit fossil fuel subsidies","Natural Gas","USD at constant 2021 prices","Annual","Units","0.905189963","0.911756486","1.840528636","1.909982105","1.706641756","1.779201888","2.146603358","0","1.32515111","1.921190679","1.968359315","2.153505197","2.268513122","2.387123922","2.503949516","2.576960303","2.658523751","2.73907309","2.820375488","2.9041717","2.987449301"
"IMF.STA:FFS(1.0.2)","SEN.IM.NGA.USQ2021.A","OBS_VALUE","Senegal","Implicit fossil fuel subsidies","Natural Gas","USD at constant 2021 prices","Annual","Units","0.003242208","0.003082552","0.003419643","0.001824794","0.002653786","0.002510351","0.001118832","0.20341168","0.204849633","0.211449694","0.18574736","0.183513905","0.180955783","0.186130767","0.190371789","0.195888214","0.207118732","0.221183197","0.236163913","0.25198053","0.268581176"
"IMF.STA:FFS(1.0.2)","SVN.IM.NGA.USQ2021.A","OBS_VALUE","Slovenia, Republic of","Implicit fossil fuel subsidies","Natural Gas","USD at constant 2021 prices","Annual","Units","0.050713846","0.057040425","0.06594534","0.063599662","0.059301063","0.044764511","0.067100437","0.164529312","0.045670658","0.029180664","0.030088802","0.03308803","0.038479264","0.044304777","0.050260958","0.055827386","0.061661241","0.067869456","0.072410382","0.078174797","0.084035155"
"IMF.STA:FFS(1.0.2)","LAO.IM.NGA.USQ2021.A","OBS_VALUE","Lao People's Democratic Republic","Implicit fossil fuel subsidies","Natural Gas","USD at constant 2021 prices","Annual","Units","0","0","0","0","0","0","0","0","0","0","0","0","0","0","0","0","0","0","0","0","0"
"IMF.STA:FFS(1.0.2)","SRB.IM.NGA.USQ2021.A","OBS_VALUE","Serbia, Republic of","Implicit fossil fuel subsidies","Natural Gas","USD at constant 2021 prices","Annual","Units","0.38358847","0.397454848","0.463474573","0.490850437","0.45862697","0.457627173","0.591441097","0.630922299","0.677267462","0.66119301","0.682110227","0.755166763","0.802663049","0.856849565","0.907518649","0.946662203","0.985305701","1.024096264","1.063559124","1.103729838","1.144635857"
"IMF.STA:FFS(1.0.2)","LCA.IM.NGA.USQ2021.A","OBS_VALUE","St. Lucia","Implicit fossil fuel subsidies","Natural Gas","USD at constant 2021 prices","Annual","Units","0","0","0","0","0","0","0","0","0","0","0","0","0","0","0","0","0","0","0","0","0"
"IMF.STA:FFS(1.0.2)","USA.IM.NGA.USQ2021.A","OBS_VALUE","United States","Implicit fossil fuel subsidies","Natural Gas","USD at constant 2021 prices","Annual","Units","114.9664856","116.6926467","118.2667105","134.6198988","139.1758072","144.1385831","147.4159478","157.1683215","161.5858431","180.5616072","172.4224647","171.0291842","173.2338512","177.4443927","182.6866494","186.3800458","190.8472269","194.7548015","198.681498","202.6185453","206.5585299"
"IMF.STA:FFS(1.0.2)","MWI.IM.NGA.USQ2021.A","OBS_VALUE","Malawi","Implicit fossil fuel subsidies","Natural Gas","USD at constant 2021 prices","Annual","Units","0","0","0","0","0","0","0","0","0","0","0","0","0","0","0","0","0","0","0","0","0"
"IMF.STA:FFS(1.0.2)","NIC.IM.NGA.USQ2021.A","OBS_VALUE","Nicaragua","Implicit fossil fuel subsidies","Natural Gas","USD at constant 2021 prices","Annual","Units","0","0","0","0","0","0","0","0","0","0","0","0","0","0","0","0","0","0","0","0","0"
"IMF.STA:FFS(1.0.2)","BDI.IM.NGA.USQ2021.A","OBS_VALUE","Burundi","Implicit fossil fuel subsidies","Natural Gas","USD at constant 2021 prices","Annual","Units","0","0","0","0","0","0","0","0","0","0","0","0","0","0","0","0","0","0","0","0","0"
"IMF.STA:FFS(1.0.2)","MMR.IM.NGA.USQ2021.A","OBS_VALUE","Myanmar","Implicit fossil fuel subsidies","Natural Gas","USD at constant 2021 prices","Annual","Units","0.445646866","0.572669179","0.598754834","0.560557462","0.504126601","0.569782062","0.622144976","0.608149656","0.635129842","0.629174762","0.599260628","0.632305136","0.640857444","0.64522236","0.65024378","0.653674251","0.66271709","0.671021713","0.678166003","0.684419701","0.691220661"
"IMF.STA:FFS(1.0.2)","ZAF.IM.NGA.USQ2021.A","OBS_VALUE","South Africa","Implicit fossil fuel subsidies","Natural Gas","USD at constant 2021 prices","Annual","Units","0.28176984","0.280365643","0.313337571","0.289372393","0.302186645","0.300824214","0.264822588","0.273511318","0.273663904","0.303912029","0.303780646","0.325399066","0.340507046","0.35683925","0.372486171","0.383958219","0.395584733","0.407363064","0.41929258","0.431375497","0.44361385"
"IMF.STA:FFS(1.0.2)","TZA.IM.NGA.USQ2021.A","OBS_VALUE","Tanzania, United Republic of","Implicit fossil fuel subsidies","Natural Gas","USD at constant 2021 prices","Annual","Units","0","0.000218825","0.00269616","0","0.046874618","0.081664104","0","0","0.122973836","0.133277417","0.140672163","0.15465061","0.171203759","0.188585357","0.205478954","0.223655087","0.241881541","0.261701141","0.283213898","0.306529448","0.331737243"
"IMF.STA:FFS(1.0.2)","IND.IM.NGA.USQ2021.A","OBS_VALUE","India","Implicit fossil fuel subsidies","Natural Gas","USD at constant 2021 prices","Annual","Units","5.310664609","5.998798564","6.623921094","6.845352539","7.594122981","7.313246775","8.38716117","19.3808233","22.7219372","21.01216119","22.27289998","22.37532056","21.7864016","20.79269919","18.79322998","16.63228959","17.94314726","19.3597481","20.87971965","22.51094503","24.25840653"
"IMF.STA:FFS(1.0.2)","IRL.IM.NGA.USQ2021.A","OBS_VALUE","Ireland","Implicit fossil fuel subsidies","Natural Gas","USD at constant 2021 prices","Annual","Units","0.375329369","0.453325132","0.494279657","0.436957502","0.435770448","0.373685138","0.852497049","0.95203185","0","0.169171812","0.177003376","0.19657098","0.210227109","0.224781111","0.239186804","0.250695106","0.26231027","0.274035386","0.290191303","0.306866022","0.323698267"
"IMF.STA:FFS(1.0.2)","BEN.IM.NGA.USQ2021.A","OBS_VALUE","Benin","Implicit fossil fuel subsidies","Natural Gas","USD at constant 2021 prices","Annual","Units","0.00415139","0.000266883","0.005491001","0.00276505","0.008281456","0.024970053","0.028393623","0.036412475","0.038203076","0.039466777","0.039539542","0.041820976","0.043257935","0.044787217","0.046528773","0.048469335","0.050573907","0.052836229","0.055240507","0.05775811","0.060426635"
"IMF.STA:FFS(1.0.2)","HRV.IM.NGA.USQ2021.A","OBS_VALUE","Croatia, Republic of","Implicit fossil fuel subsidies","Natural Gas","USD at constant 2021 prices","Annual","Units","0.305911855","0.330793382","0.390602572","0.36844286","0.369191376","0.388356687","0.460297703","0.493405593","0.2723599","0.380447718","0.391187767","0.419060621","0.438154549","0.458284381","0.477981376","0.493140681","0.508298663","0.523527245","0.53884936","0.554267788","0.569771976"
"IMF.STA:FFS(1.0.2)","KOR.IM.NGA.USQ2021.A","OBS_VALUE","Korea, Republic of","Implicit fossil fuel subsidies","Natural Gas","USD at constant 2021 prices","Annual","Units","6.119156724","6.45172258","6.713401667","5.492282333","5.960218433","7.137195588","10.11615311","8.951744642","7.368739916","9.692611167","10.68327821","11.37424637","11.52954401","11.93366814","12.22371654","12.34445926","12.67289212","12.9544349","13.23493269","13.50961111","13.77814398"
"IMF.STA:FFS(1.0.2)","GAB.IM.NGA.USQ2021.A","OBS_VALUE","Gabon","Implicit fossil fuel subsidies","Natural Gas","USD at constant 2021 prices","Annual","Units","0.048780623","0.056441909","0.071319976","0.063870393","0.064092435","0.06901789","0.074027714","0.095774876","0.097255458","0.098294221","0.098766087","0.101745532","0.103451885","0.105286077","0.107126702","0.108902286","0.110620054","0.112394711","0.114234467","0.116140385","0.118110398"
"IMF.STA:FFS(1.0.2)","JOR.IM.NGA.USQ2021.A","OBS_VALUE","Jordan","Implicit fossil fuel subsidies","Natural Gas","USD at constant 2021 prices","Annual","Units","0.0689028","0","0","0","0","0","0.576436987","0.624477027","0.662699452","0.690592207","0.705088314","0.738703291","0.76494925","0.793864183","0.816038629","0.83799982","0.859219408","0.880821715","0.90274905","0.924905678","0.947185463"
"IMF.STA:FFS(1.0.2)","BHR.IM.NGA.USQ2021.A","OBS_VALUE","Bahrain, Kingdom of","Implicit fossil fuel subsidies","Natural Gas","USD at constant 2021 prices","Annual","Units","1.587381759","1.483413425","1.41202648","1.366671453","1.427396097","1.34620176","1.536972009","1.616261604","1.820009524","1.947763989","1.976909255","2.033439384","2.08100435","2.126431325","2.169465302","2.209802827","2.249830945","2.29077136","2.332668506","2.375600358","2.419579678"
"IMF.STA:FFS(1.0.2)","FIN.IM.NGA.USQ2021.A","OBS_VALUE","Finland","Implicit fossil fuel subsidies","Natural Gas","USD at constant 2021 prices","Annual","Units","0.002478727","0.000969219","0","0","0","0","0.091002837","0","0","0","0","0","0","0","0","0","0","0","0","0","0"
"IMF.STA:FFS(1.0.2)","IRN.IM.NGA.USQ2021.A","OBS_VALUE","Iran, Islamic Republic of","Implicit fossil fuel subsidies","Natural Gas","USD at constant 2021 prices","Annual","Units","26.41072003","29.21182079","31.80860441","31.56182166","35.12433885","38.75974645","41.11727933","45.32235294","48.22002661","49.91948629","49.8091429","51.59367124","53.10471949","54.55748539","56.42814488","58.36017461","60.29824215","62.28106566","64.30218248","66.36255407","68.46237679"
"IMF.STA:FFS(1.0.2)","ZWE.IM.NGA.USQ2021.A","OBS_VALUE","Zimbabwe","Implicit fossil fuel subsidies","Natural Gas","USD at constant 2021 prices","Annual","Units","0","0","0","0","0","0","0","0","0","0","0","0","0","0","0","0","0","0","0","0","0"
"IMF.STA:FFS(1.0.2)","LTU.IM.OIL.USQ2021.A","OBS_VALUE","Lithuania, Republic of","Implicit fossil fuel subsidies","Petroleum","USD at constant 2021 prices","Annual","Units","0.332316446","0.39033392","0.345613573","0.462039864","0.612439396","0.179841492","0.715803771","0.759832216","0.872369054","0.89894209","0.921725001","0.957786164","0.989358108","1.022647225","1.057920675","1.090755906","1.12432757","1.158660152","1.193816971","1.2300002","1.266709876"
"IMF.STA:FFS(1.0.2)","BGR.IM.OIL.USQ2021.A","OBS_VALUE","Bulgaria","Implicit fossil fuel subsidies","Petroleum","USD at constant 2021 prices","Annual","Units","1.38752799","1.614208104","1.839252826","2.011167945","2.088560291","1.495735488","2.902353165","4.112538126","3.774609897","3.974790701","4.268758064","4.502458081","4.619133066","4.745220015","4.867595363","4.972897465","5.079029518","5.185895892","5.292138283","5.395313598","5.498410206"
"IMF.STA:FFS(1.0.2)","GBR.IM.OIL.USQ2021.A","OBS_VALUE","United Kingdom","Implicit fossil fuel subsidies","Petroleum","USD at constant 2021 prices","Annual","Units","5.311490593","5.560988404","6.222836424","5.887554061","5.158602641","4.616503696","4.765755085","3.644737857","4.214459816","5.223455726","5.836991176","6.497357997","7.137289525","7.756140346","8.344899619","8.908221553","9.429826728","9.907033176","10.36640335","10.82685574","11.49012605"
"IMF.STA:FFS(1.0.2)","KHM.IM.OIL.USQ2021.A","OBS_VALUE","Cambodia","Implicit fossil fuel subsidies","Petroleum","USD at constant 2021 prices","Annual","Units","0.027576001","0.189131435","0.239298442","0.417080187","0.699108485","0.695911558","1.008545923","1.43137345","1.534592121","1.828525757","2.11211168","2.370594816","2.614826606","2.871496624","3.140438488","3.435992762","3.744438746","4.064273124","4.393725194","4.730811494","5.073350943"
"IMF.STA:FFS(1.0.2)","BWA.IM.OIL.USQ2021.A","OBS_VALUE","Botswana","Implicit fossil fuel subsidies","Petroleum","USD at constant 2021 prices","Annual","Units","0.175414675","0.278043406","0.315683607","0.382430402","0.314404136","0.062033699","0.184814721","0.428845433","0.442201469","0.41565424","0.464766055","0.505018409","0.540897689","0.578123447","0.616729479","0.663391684","0.712177023","0.763289483","0.816838242","0.872920324","0.931641252"
"IMF.STA:FFS(1.0.2)","BLZ.IM.NGA.USQ2021.A","OBS_VALUE","Belize","Implicit fossil fuel subsidies","Natural Gas","USD at constant 2021 prices","Annual","Units","-0.000205293","-0.0002103","-0.000135984","-0.0000671","-0.0000235","-0.0000286","0","0","0","0","0","0","0","0","0","0","0","0","0","0","0"
"IMF.STA:FFS(1.0.2)","URY.IM.OIL.USQ2021.A","OBS_VALUE","Uruguay","Implicit fossil fuel subsidies","Petroleum","USD at constant 2021 prices","Annual","Units","0.030026213","0.064269394","0.070862315","0.330378624","0.642584727","0.45047488","1.218482771","1.473386656","0.848244544","1.115382013","1.187397159","1.255534224","1.319436678","1.382727601","1.445775199","1.510141691","1.573876633","1.636799779","1.698721637","1.759438681","1.818757158"
"IMF.STA:FFS(1.0.2)","NPL.IM.OIL.USQ2021.A","OBS_VALUE","Nepal","Implicit fossil fuel subsidies","Petroleum","USD at constant 2021 prices","Annual","Units","0.878429142","1.162131463","1.47608642","1.794699075","1.615704309","1.540079678","2.035133023","2.4221301","2.105811108","2.492649466","2.834657714","3.13582987","3.418821478","3.728950738","4.083433823","4.547756963","5.061163616","5.62949199","6.25946758","6.955519006","7.724205866"
"IMF.STA:FFS(1.0.2)","VEN.IM.OIL.USQ2021.A","OBS_VALUE","Venezuela, República Bolivariana de","Implicit fossil fuel subsidies","Petroleum","USD at constant 2021 prices","Annual","Units","17.71595096","15.01658745","12.91984411","10.68994627","7.72392715","4.021110398","2.985727877","3.74281072","3.256839412","3.447696584","3.595354508","3.753692746","3.903342699","4.056530658","4.214336058","4.416738377","4.62110518","4.840950352","5.071017863","5.311687522","5.563625824"
"IMF.STA:FFS(1.0.2)","GAB.IM.OIL.USQ2021.A","OBS_VALUE","Gabon","Implicit fossil fuel subsidies","Petroleum","USD at constant 2021 prices","Annual","Units","1.007730687","0.860436242","0.434927446","0.439932346","0.449620455","0.209340922","0.056683768","0.19213345","0.162407737","0.161260175","0.181129238","0.193896721","0.202076891","0.209895915","0.217962311","0.227418476","0.237246374","0.247520757","0.258264733","0.269507432","0.281279354"
"IMF.STA:FFS(1.0.2)","ISR.IM.NGA.USQ2021.A","OBS_VALUE","Israel","Implicit fossil fuel subsidies","Natural Gas","USD at constant 2021 prices","Annual","Units","1.189687268","1.380600351","1.517189356","1.414831636","1.47240393","1.561211997","1.670001221","1.59079913","1.726022796","2.179196324","2.023489536","2.24071841","2.38228626","2.451335904","2.469973451","2.532987682","2.592150479","2.651753497","2.711756234","2.772192249","2.833016894"
"IMF.STA:FFS(1.0.2)","ZMB.IM.OIL.USQ2021.A","OBS_VALUE","Zambia","Implicit fossil fuel subsidies","Petroleum","USD at constant 2021 prices","Annual","Units","0.000712792","0.000215013","0.000457612","0.000560881","0.00076931","0.001088034","0.314783905","0.145242245","0.066807987","0.269909685","0.297663951","0.332858205","0.369924652","0.409809325","0.452270459","0.508682784","0.570077989","0.636925976","0.709746809","0.789113222","0.875659558"
"IMF.STA:FFS(1.0.2)","NIC.IM.OIL.USQ2021.A","OBS_VALUE","Nicaragua","Implicit fossil fuel subsidies","Petroleum","USD at constant 2021 prices","Annual","Units","0.232825899","0.258429818","0.159338211","0.300431281","0.336008474","0.176034059","0.344810012","0.537708175","0.27896794","0.327579691","0.358233618","0.391050434","0.424056203","0.458824581","0.495678682","0.538057064","0.583120685","0.631065389","0.682075225","0.736342596","0.794076934"
"IMF.STA:FFS(1.0.2)","CMR.IM.OIL.USQ2021.A","OBS_VALUE","Cameroon","Implicit fossil fuel subsidies","Petroleum","USD at constant 2021 prices","Annual","Units","0.270993306","0.21695682","0.367630882","0.571521709","0.613096334","0.161734297","0.342746772","0.903461417","0.532922301","0.290308651","0.322247077","0.358460407","0.396541445","0.43780974","0.481769785","0.541477904","0.606624517","0.677700247","0.755261667","0.839904932","0.932280643"
"IMF.STA:FFS(1.0.2)","CPV.IM.OIL.USQ2021.A","OBS_VALUE","Cabo Verde","Implicit fossil fuel subsidies","Petroleum","USD at constant 2021 prices","Annual","Units","0.032936144","0.065202015","0.060348105","0.06032619","0.106145981","0.033569942","0.02385098","0.03984093","0.041602778","0.0547601","0.059279157","0.06401099","0.068673008","0.073483329","0.078571638","0.084518153","0.090865808","0.097641017","0.104874309","0.112601093","0.120854516"
"IMF.STA:FFS(1.0.2)","COD.IM.OIL.USQ2021.A","OBS_VALUE","Congo, Democratic Republic of the","Implicit fossil fuel subsidies","Petroleum","USD at constant 2021 prices","Annual","Units","0.000031","0.0000619","0.000595787","0.000331006","0.000115309","0","0.251851731","0.271886998","0.160110128","0.255249123","0.278119278","0.305620494","0.339398573","0.366480318","0.392726929","0.433446038","0.474326263","0.514954266","0.554906675","0.593917457","0.634529406"
"IMF.STA:FFS(1.0.2)","SRB.IM.OIL.USQ2021.A","OBS_VALUE","Serbia, Republic of","Implicit fossil fuel subsidies","Petroleum","USD at constant 2021 prices","Annual","Units","0.567054842","0.603608047","0.553292695","0.565395561","0.541004719","0.415309684","1.214153478","2.755266811","2.239650706","2.127632416","2.385146787","2.611783366","2.802904788","2.994885698","3.165550422","3.352854908","3.544650206","3.74259819","3.947297161","4.159161137","4.378695181"
"IMF.STA:FFS(1.0.2)","THA.IM.OIL.USQ2021.A","OBS_VALUE","Thailand","Implicit fossil fuel subsidies","Petroleum","USD at constant 2021 prices","Annual","Units","11.57019296","13.32955207","14.7729478","15.86266431","17.00790462","15.99724673","21.29029431","29.53375843","27.15887692","27.43207146","30.25531033","32.15186473","33.46348186","34.75111148","36.07127236","37.36735032","38.70913285","40.08478006","41.49548057","42.94205968","44.4253065"
"IMF.STA:FFS(1.0.2)","PAK.IM.OIL.USQ2021.A","OBS_VALUE","Pakistan","Implicit fossil fuel subsidies","Petroleum","USD at constant 2021 prices","Annual","Units","8.295039928","10.0017418","11.45219962","12.37112505","11.98576244","10.43347101","15.55922713","17.48648753","17.38262355","18.43623387","20.80813111","22.77179199","24.51570331","26.35298162","28.33990343","30.78824702","33.47762923","36.43316881","39.68264509","43.2561548","47.18651839"
"IMF.STA:FFS(1.0.2)","EGY.IM.NGA.USQ2021.A","OBS_VALUE","Egypt, Arab Republic of","Implicit fossil fuel subsidies","Natural Gas","USD at constant 2021 prices","Annual","Units","5.916518333","6.714038134","8.186204137","8.621731317","7.355190242","8.063908063","8.84608345","10.17732601","10.57002566","11.24911614","11.08222629","12.00150027","12.85959663","13.68669478","14.44159993","15.22210294","15.98748794","16.78360312","17.61032848","18.46774622","19.35607833"
"IMF.STA:FFS(1.0.2)","TCD.IM.OIL.USQ2021.A","OBS_VALUE","Chad","Implicit fossil fuel subsidies","Petroleum","USD at constant 2021 prices","Annual","Units","0.149482332","0.118392532","0.080695537","0.071807047","0.103012872","0.085410112","0.114854766","0.161435194","0.112341905","0.046677397","0.048393135","0.050122169","0.051501165","0.052864177","0.054200494","0.056214239","0.063358581","0.071020109","0.078943808","0.087145602","0.095641948"
"IMF.STA:FFS(1.0.2)","TON.IM.OIL.USQ2021.A","OBS_VALUE","Tonga","Implicit fossil fuel subsidies","Petroleum","USD at constant 2021 prices","Annual","Units","0.023437437","0.023597479","0.017580085","0.024714498","0.0305862","0.023741582","0.023249759","0.022066401","0.024098233","0.025879912","0.028505615","0.02995004","0.030728329","0.031443853","0.032169763","0.03284531","0.033531805","0.034228024","0.034935305","0.035656567","0.036387801"
"IMF.STA:FFS(1.0.2)","ARE.IM.OIL.USQ2021.A","OBS_VALUE","United Arab Emirates","Implicit fossil fuel subsidies","Petroleum","USD at constant 2021 prices","Annual","Units","8.041220321","8.876887828","8.905833631","9.355807447","8.835502179","5.371963415","8.243186986","8.461940512","8.918721161","9.773923654","11.0006063","11.84415422","12.48348114","13.13590216","13.83083166","14.55324609","15.31477848","16.12153738","16.97820515","17.88844136","18.85616219"
"IMF.STA:FFS(1.0.2)","LCA.IM.OIL.USQ2021.A","OBS_VALUE","St. Lucia","Implicit fossil fuel subsidies","Petroleum","USD at constant 2021 prices","Annual","Units","0.017883916","0.018636333","0.016300753","0.019225377","0.021793885","0.020398878","0.026992137","0.03785293","0.026671351","0.026875031","0.026898712","0.027483762","0.028295603","0.029125947","0.029971801","0.031050393","0.032404046","0.033779848","0.035175977","0.036595632","0.038042207"
"IMF.STA:FFS(1.0.2)","GBR.IM.NGA.USQ2021.A","OBS_VALUE","United Kingdom","Implicit fossil fuel subsidies","Natural Gas","USD at constant 2021 prices","Annual","Units","10.28868535","11.98707146","11.82350706","10.82880383","9.965491623","9.151632882","14.65001407","14.91698004","3.245991653","13.57777896","13.58725089","14.4583675","14.93688327","15.4527019","15.92378488","16.17485257","16.41100138","16.63310086","16.84928472","17.06193639","17.27119082"
"IMF.STA:FFS(1.0.2)","MLI.IM.NGA.USQ2021.A","OBS_VALUE","Mali","Implicit fossil fuel subsidies","Natural Gas","USD at constant 2021 prices","Annual","Units","0","0","0","0","0","0","0","0","0","0","0","0","0","0","0","0","0","0","0","0","0"
"IMF.STA:FFS(1.0.2)","PAN.IM.OIL.USQ2021.A","OBS_VALUE","Panama","Implicit fossil fuel subsidies","Petroleum","USD at constant 2021 prices","Annual","Units","1.965203601","2.01865465","2.114886613","2.190691767","2.209107151","1.234266908","1.742717028","2.333776231","2.17243874","2.479109085","2.707785325","2.909169183","3.08309119","3.257251836","3.435342979","3.631493314","3.835738565","4.052023359","4.280916466","4.525027307","4.783549285"
"IMF.STA:FFS(1.0.2)","AGO.IM.OIL.USQ2021.A","OBS_VALUE","Angola","Implicit fossil fuel subsidies","Petroleum","USD at constant 2021 prices","Annual","Units","2.699960261","1.516453028","2.20378572","3.229698499","3.529789797","1.887087759","2.891099668","3.094414502","2.776382797","2.971219922","3.093378344","3.22597221","3.366953701","3.511499591","3.66639665","3.872036954","4.090114178","4.317659261","4.552133608","4.800049801","5.062207429"
"IMF.STA:FFS(1.0.2)","BLR.IM.NGA.USQ2021.A","OBS_VALUE","Belarus, Republic of","Implicit fossil fuel subsidies","Natural Gas","USD at constant 2021 prices","Annual","Units","2.93909203","2.879649388","3.030990557","3.376416884","3.143865953","2.234536473","2.820243378","3.017879727","3.302059516","3.219806084","3.377114995","3.443022019","3.473499373","3.543186592","3.58591353","3.621270522","3.639994766","3.655640093","3.671880808","3.687784918","3.703330533"
"IMF.STA:FFS(1.0.2)","CHL.IM.NGA.USQ2021.A","OBS_VALUE","Chile","Implicit fossil fuel subsidies","Natural Gas","USD at constant 2021 prices","Annual","Units","0.530091478","0.58322422","0.586046207","0.589910926","0.720032977","0.731407957","0.712429645","0.560325161","0.689121674","0.628449651","0.491356827","0.402416372","0.369673788","0.36760742","0.372941587","0.377191904","0.387312615","0.397482895","0.407782057","0.418216079","0.428791103"
"IMF.STA:FFS(1.0.2)","IDN.IM.OIL.USQ2021.A","OBS_VALUE","Indonesia","Implicit fossil fuel subsidies","Petroleum","USD at constant 2021 prices","Annual","Units","46.26602195","48.20356659","50.87143147","54.31121807","57.47440575","50.41272989","55.69383026","68.44832563","73.85613755","80.07865184","84.88329462","90.21278984","96.16332026","102.421355","109.0078192","116.4338544","124.2564207","132.5726327","141.3911426","150.6150962","160.3170392"
"IMF.STA:FFS(1.0.2)","KAZ.IM.OIL.USQ2021.A","OBS_VALUE","Kazakhstan, Republic of","Implicit fossil fuel subsidies","Petroleum","USD at constant 2021 prices","Annual","Units","23.43164862","24.71934489","21.97608324","21.39732132","19.51340156","19.67476323","20.48822027","20.72081713","22.00627671","23.09303683","26.30739768","27.62450046","28.71374444","29.35478737","30.00874414","30.77175698","31.56216511","32.38328484","33.23850457","34.12506553","35.04659577"
"IMF.STA:FFS(1.0.2)","BFA.IM.OIL.USQ2021.A","OBS_VALUE","Burkina Faso","Implicit fossil fuel subsidies","Petroleum","USD at constant 2021 prices","Annual","Units","0.02696884","0.038482982","0.059963854","0.024208378","0.07890156","0.034184853","0.2274256","0.745442397","0.293499218","0.267450143","0.298003122","0.334810982","0.375265969","0.419163576","0.466769764","0.535104439","0.610273318","0.693003429","0.784076803","0.884336248","0.994713034"
"IMF.STA:FFS(1.0.2)","PRY.IM.NGA.USQ2021.A","OBS_VALUE","Paraguay","Implicit fossil fuel subsidies","Natural Gas","USD at constant 2021 prices","Annual","Units","0","0","0","0","0","0","0","0","0","0","0","0","0","0","0","0","0","0","0","0","0"
"IMF.STA:FFS(1.0.2)","SAU.IM.NGA.USQ2021.A","OBS_VALUE","Saudi Arabia","Implicit fossil fuel subsidies","Natural Gas","USD at constant 2021 prices","Annual","Units","10.86202132","11.52791604","12.44395663","12.92897054","13.47369008","13.83295472","14.56049256","19.12514608","21.27082003","22.96776118","24.6786438","25.64601873","26.73765513","27.67738757","28.43696226","29.25069755","30.12246744","31.08093201","32.13642537","33.29973063","34.58118052"
"IMF.STA:FFS(1.0.2)","PER.IM.NGA.USQ2021.A","OBS_VALUE","Peru","Implicit fossil fuel subsidies","Natural Gas","USD at constant 2021 prices","Annual","Units","1.282395869","1.384707912","1.264092189","1.325705276","1.439530996","1.210571898","1.489358519","1.736094839","1.40538784","1.744304652","1.742251742","1.783307289","1.870379971","1.942601405","1.992640084","2.039569675","2.081365431","2.123159607","2.165199394","2.207461585","2.249925521"
"IMF.STA:FFS(1.0.2)","NER.IM.NGA.USQ2021.A","OBS_VALUE","Niger","Implicit fossil fuel subsidies","Natural Gas","USD at constant 2021 prices","Annual","Units","0","0","0","0.004977984","0.005449784","0.005582706","0.004462289","0.024644686","0.024922102","0.024304647","0.021720258","0.018496975","0.013463504","0.007756543","0.003178461","0.001615532","0.001740894","0.001877042","0.00202309","0.002179283","0.002346087"
"IMF.STA:FFS(1.0.2)","TJK.IM.NGA.USQ2021.A","OBS_VALUE","Tajikistan, Republic of","Implicit fossil fuel subsidies","Natural Gas","USD at constant 2021 prices","Annual","Units","0.000535723","0.000429235","0.000162562","0.008184261","0.034177726","0.034981474","0.037458968","0.021559855","0.02348558","0.028120811","0.035170131","0.058645183","0.084957872","0.111670214","0.136487597","0.166501956","0.19879126","0.241193055","0.300049029","0.368838428","0.431994727"
"IMF.STA:FFS(1.0.2)","COL.IM.NGA.USQ2021.A","OBS_VALUE","Colombia","Implicit fossil fuel subsidies","Natural Gas","USD at constant 2021 prices","Annual","Units","1.451516879","1.528486284","1.436779067","1.525828385","1.269544336","1.428942126","1.445583381","1.015779005","1.003683555","1.010787679","0.875164461","0.871003763","0.906065054","0.954422353","1.005795001","1.042633986","1.08028151","1.118715322","1.157897479","1.197809179","1.23849558"
"IMF.STA:FFS(1.0.2)","MAR.IM.NGA.USQ2021.A","OBS_VALUE","Morocco","Implicit fossil fuel subsidies","Natural Gas","USD at constant 2021 prices","Annual","Units","0.156180518","0.165939018","0.167866082","0.153420252","0.15131132","0.122005541","0.116740865","0.429058291","0.548329176","0.646541411","0.653021229","0.73354491","0.829234699","0.91359562","1.006743945","1.091993744","1.164021953","1.236133317","1.309022674","1.382749361","1.46195847"
"IMF.STA:FFS(1.0.2)","HTI.IM.NGA.USQ2021.A","OBS_VALUE","Haiti","Implicit fossil fuel subsidies","Natural Gas","USD at constant 2021 prices","Annual","Units","0","0","0","0","0","0","0","0","0","0","0","0","0","0","0","0","0","0","0","0","0"
"IMF.STA:FFS(1.0.2)","PHL.IM.NGA.USQ2021.A","OBS_VALUE","Philippines","Implicit fossil fuel subsidies","Natural Gas","USD at constant 2021 prices","Annual","Units","0.232657237","0.282397846","0.168324366","0.007135868","0.041887098","0.258512252","0.239137102","0.502652","0.555771052","0.681925874","0.656659945","0.707685749","0.767849594","0.856907891","0.955382241","1.049377355","1.12316989","1.197972926","1.274999795","1.354094985","1.435076705"
"IMF.STA:FFS(1.0.2)","POL.IM.NGA.USQ2021.A","OBS_VALUE","Poland, Republic of","Implicit fossil fuel subsidies","Natural Gas","USD at constant 2021 prices","Annual","Units","1.730733008","1.969008687","2.069556225","1.977440179","2.029644215","2.078537603","3.239579554","3.428691139","1.847443112","2.480646042","2.551000806","2.935670746","3.139942049","3.372648909","3.622757812","3.789202039","3.95739463","4.126432961","4.303661414","4.482644152","4.643232096"
"IMF.STA:FFS(1.0.2)","BRB.IM.NGA.USQ2021.A","OBS_VALUE","Barbados","Implicit fossil fuel subsidies","Natural Gas","USD at constant 2021 prices","Annual","Units","0","0","0","0","0","0","0.000112103","0.001834002","0.0000947","0.000233193","0.000259822","0.000297471","0.00034051","0.000386339","0.000433338","0.00047782","0.000522696","0.000567973","0.000613654","0.000659746","0.000706254"
"IMF.STA:FFS(1.0.2)","BGD.IM.NGA.USQ2021.A","OBS_VALUE","Bangladesh","Implicit fossil fuel subsidies","Natural Gas","USD at constant 2021 prices","Annual","Units","3.242345393","3.701535029","3.859177339","4.007134071","4.236568462","4.19165477","4.478245234","5.758766191","5.501804093","6.416001842","5.296351113","5.932884814","6.435843061","6.9478391","7.673394954","8.437052761","9.227721967","10.06620152","10.95056154","11.87956098","12.85361819"
"IMF.STA:FFS(1.0.2)","SVK.IM.NGA.USQ2021.A","OBS_VALUE","Slovak Republic","Implicit fossil fuel subsidies","Natural Gas","USD at constant 2021 prices","Annual","Units","0.571776381","0.600219686","0.652162802","0.627674483","0.621027606","0.613813608","0.837527385","0.788515801","0.506360741","0.682322348","0.6968802","0.745325743","0.777447595","0.814667171","0.851379705","0.879325232","0.907491594","0.935975777","0.964825427","0.994045777","1.023642517"
"IMF.STA:FFS(1.0.2)","NLD.IM.NGA.USQ2021.A","OBS_VALUE","Netherlands, The","Implicit fossil fuel subsidies","Natural Gas","USD at constant 2021 prices","Annual","Units","0.029336313","0","0","0","0","0","5.520671276","5.780705618","0","0","0","0","0","0","0","0","0","0","0","0","0"
"IMF.STA:FFS(1.0.2)","MEX.IM.NGA.USQ2021.A","OBS_VALUE","Mexico","Implicit fossil fuel subsidies","Natural Gas","USD at constant 2021 prices","Annual","Units","10.55282839","10.96078187","11.3232863","11.69352625","11.84159505","11.30717688","12.53568742","9.763897838","9.111185151","11.33224128","9.2535177","8.937178259","8.838267448","9.138493519","9.489498154","9.786728985","10.06181905","10.32672992","10.59927624","10.87520794","11.15458528"
"IMF.STA:FFS(1.0.2)","CRI.IM.NGA.USQ2021.A","OBS_VALUE","Costa Rica","Implicit fossil fuel subsidies","Natural Gas","USD at constant 2021 prices","Annual","Units","0","0","0","0","0","0","0","0","0","0","0","0","0","0","0","0","0","0","0","0","0"
"IMF.STA:FFS(1.0.2)","ECU.IM.NGA.USQ2021.A","OBS_VALUE","Ecuador","Implicit fossil fuel subsidies","Natural Gas","USD at constant 2021 prices","Annual","Units","0.023539439","0.0000309","0.070610018","0.081072552","0.073548741","0.063374096","0.067936611","0.100573704","0.096300797","0.099433285","0.0948652","0.095422183","0.092681452","0.092630604","0.093460413","0.094412987","0.094813595","0.095125307","0.096521734","0.097900984","0.099258304"
"IMF.STA:FFS(1.0.2)","KEN.IM.NGA.USQ2021.A","OBS_VALUE","Kenya","Implicit fossil fuel subsidies","Natural Gas","USD at constant 2021 prices","Annual","Units","0","0","0","0","0","0","0","0","0","0","0","0","0","0","0","0","0","0","0","0","0"
"IMF.STA:FFS(1.0.2)","NOR.IM.NGA.USQ2021.A","OBS_VALUE","Norway","Implicit fossil fuel subsidies","Natural Gas","USD at constant 2021 prices","Annual","Units","0.710082939","0.725540377","0.730678471","0.619223224","0.62468538","0.547405911","0.54106448","0.009730178","0.010140216","0.010404359","0.010956113","0.011666043","0.012281702","0.012895589","0.013509335","0.014091394","0.014679014","0.015272478","0.015872075","0.016478115","0.024656662"
"IMF.STA:FFS(1.0.2)","EST.IM.NGA.USQ2021.A","OBS_VALUE","Estonia, Republic of","Implicit fossil fuel subsidies","Natural Gas","USD at constant 2021 prices","Annual","Units","0.058554517","0.064486127","0.057643246","0.052770563","0.047478361","0.049992816","0.041799611","0.048701423","0.043179551","0.058459741","0.060078765","0.066775328","0.070862309","0.075334124","0.079718637","0.082800568","0.085911499","0.089047477","0.092166792","0.095306973","0.0984747"
"IMF.STA:FFS(1.0.2)","CIV.IM.OIL.USQ2021.A","OBS_VALUE","Côte d'Ivoire","Implicit fossil fuel subsidies","Petroleum","USD at constant 2021 prices","Annual","Units","0.287583707","0.455759565","0.762615173","0.806204538","0.82881889","0.441393147","1.039553636","2.09793061","1.245159394","1.008403186","1.169389185","1.348096864","1.537395979","1.742369271","1.967995882","2.283494766","2.638113333","3.036520758","3.483867946","3.985907264","4.548874508"
"IMF.STA:FFS(1.0.2)","AFG.IM.OIL.USQ2021.A","OBS_VALUE","Afghanistan, Islamic Republic of","Implicit fossil fuel subsidies","Petroleum","USD at constant 2021 prices","Annual","Units","0.414342644","0.400422721","0.490818679","0.653433267","0.755998555","0.662178954","1.138098914","1.068141202","1.016366976","1.061374998","1.129665826","1.166542975","1.185607145","1.202958727","1.220226267","1.235916081","1.251557559","1.267121953","1.282589446","1.297965041","1.313227444"
"IMF.STA:FFS(1.0.2)","PHL.IM.OIL.USQ2021.A","OBS_VALUE","Philippines","Implicit fossil fuel subsidies","Petroleum","USD at constant 2021 prices","Annual","Units","8.922035387","10.53365352","11.6341448","12.07779351","12.58197609","8.938993738","11.11622491","13.90674499","15.23111509","18.06981044","21.03679921","23.65184546","26.15301328","28.87566098","31.91564271","35.40449475","39.29879979","43.37095094","47.84571316","52.75985859","58.15442667"
"IMF.STA:FFS(1.0.2)","BRB.IM.OIL.USQ2021.A","OBS_VALUE","Barbados","Implicit fossil fuel subsidies","Petroleum","USD at constant 2021 prices","Annual","Units","0.0000266","0.00006","0.0000416","0.003361208","0.004523403","0.0000958","0.004971856","0.005990396","0.003287591","0.003475276","0.005054128","0.006411367","0.007670378","0.008859519","0.010010343","0.011127075","0.012213876","0.013272874","0.014305052","0.015312205","0.016298828"
"IMF.STA:FFS(1.0.2)","PER.IM.OIL.USQ2021.A","OBS_VALUE","Peru","Implicit fossil fuel subsidies","Petroleum","USD at constant 2021 prices","Annual","Units","5.333502764","6.892060605","7.109468221","7.278971437","6.373787949","2.83346698","7.531522933","9.431440335","7.62868866","8.737934394","9.506683192","10.08933115","10.55655337","11.02429966","11.50434946","12.0499796","12.5804229","13.10370579","13.64160324","14.19468881","14.76320911"
"IMF.STA:FFS(1.0.2)","AUS.IM.OIL.USQ2021.A","OBS_VALUE","Australia","Implicit fossil fuel subsidies","Petroleum","USD at constant 2021 prices","Annual","Units","13.14364848","15.29813359","12.73201235","14.24589832","19.67263735","11.6530337","15.25844784","22.12686756","24.32916759","26.27616208","27.78576842","29.24731976","30.53245921","31.53047086","32.56646837","33.67418281","35.14091776","36.65032177","38.23526507","39.82002298","41.44848394"
"IMF.STA:FFS(1.0.2)","ARG.IM.OIL.USQ2021.A","OBS_VALUE","Argentina","Implicit fossil fuel subsidies","Petroleum","USD at constant 2021 prices","Annual","Units","8.837488002","10.9917253","12.91790944","17.05983618","18.10098005","12.61806976","20.78460703","25.05503462","21.54026298","17.61886748","19.44296654","20.87753445","21.80360132","22.44957705","22.8682524","23.2695063","23.66448678","24.05978006","24.45675063","24.85574431","25.25639044"
"IMF.STA:FFS(1.0.2)","KGZ.IM.OIL.USQ2021.A","OBS_VALUE","Kyrgyz Republic","Implicit fossil fuel subsidies","Petroleum","USD at constant 2021 prices","Annual","Units","0.724951124","0.755170666","0.860724892","1.043047368","0.924009208","0.5598959","0.788518235","0.778200225","0.873219288","0.902770652","1.033339918","1.124077632","1.18960182","1.256369703","1.326302351","1.411575434","1.497583757","1.588856316","1.685966627","1.789377394","1.899428942"
"IMF.STA:FFS(1.0.2)","GTM.IM.OIL.USQ2021.A","OBS_VALUE","Guatemala","Implicit fossil fuel subsidies","Petroleum","USD at constant 2021 prices","Annual","Units","1.25441736","1.357669329","1.235644418","1.643384216","1.783931086","0.917699727","2.28502403","2.34438434","1.868369419","2.460033508","2.710845466","2.941540864","3.145123017","3.358995109","3.591570406","3.853788087","4.135011384","4.435238645","4.75560608","5.097749662","5.463211648"
"IMF.STA:FFS(1.0.2)","SDN.IM.OIL.USQ2021.A","OBS_VALUE","Sudan","Implicit fossil fuel subsidies","Petroleum","USD at constant 2021 prices","Annual","Units","1.573373987","2.263901194","3.188945458","3.171719249","3.259586989","2.927197025","3.562631846","2.92283905","2.812898234","2.964257333","3.21298814","3.580827185","3.944549479","4.166243875","4.344638378","4.538287794","4.721441093","4.901266193","5.088768815","5.284569673","5.489107579"
"IMF.STA:FFS(1.0.2)","IND.IM.OIL.USQ2021.A","OBS_VALUE","India","Implicit fossil fuel subsidies","Petroleum","USD at constant 2021 prices","Annual","Units","46.92713011","64.34645984","57.1515337","58.87980259","60.40813601","28.41607006","57.19874727","93.64640288","131.2728883","167.2488182","197.3527725","226.2974761","254.1767773","284.2594338","317.1304594","355.236131","397.1987547","443.1464369","493.2453346","548.1649423","608.1991689"
"IMF.STA:FFS(1.0.2)","MOZ.IM.OIL.USQ2021.A","OBS_VALUE","Mozambique, Republic of","Implicit fossil fuel subsidies","Petroleum","USD at constant 2021 prices","Annual","Units","0","0","0","0.001905234","0.002748616","0.003321211","0.22039606","0.307617382","0.004992757","0.003884952","0.00391446","0.00418333","0.004825973","0.005548069","0.006235471","0.006835714","0.00747151","0.008145581","0.019769029","0.039282419","0.059905178"
"IMF.STA:FFS(1.0.2)","LAO.IM.OIL.USQ2021.A","OBS_VALUE","Lao People's Democratic Republic","Implicit fossil fuel subsidies","Petroleum","USD at constant 2021 prices","Annual","Units","0.166420724","0.269654201","0.245388141","0.265159306","0.217453937","0.297208818","0.335677046","0.270349242","0.305401056","0.359600741","0.403236528","0.445982125","0.489458756","0.530929187","0.575099275","0.626249472","0.681232254","0.740297234","0.803718132","0.871776301","0.944792563"
"IMF.STA:FFS(1.0.2)","SEN.IM.OIL.USQ2021.A","OBS_VALUE","Senegal","Implicit fossil fuel subsidies","Petroleum","USD at constant 2021 prices","Annual","Units","0","0.325935443","0.17385656","0.212018282","0.17490332","0.122746903","0.391907881","1.131882263","0.63871882","0.929734746","1.112900781","1.224708692","1.324652725","1.432628923","1.521666277","1.666371481","1.825800922","2.000289037","2.191495815","2.400861151","2.630190945"
"IMF.STA:FFS(1.0.2)","ISL.IM.OIL.USQ2021.A","OBS_VALUE","Iceland","Implicit fossil fuel subsidies","Petroleum","USD at constant 2021 prices","Annual","Units","0.075330173","0.069801121","0.044274928","0.045162635","0.059053261","0.011200951","0.03044027","0.047073328","0.043500445","0.048472746","0.056885812","0.065663432","0.075606948","0.08657809","0.098175898","0.110595166","0.123628753","0.13732661","0.151670872","0.166709539","0.182457587"
"IMF.STA:FFS(1.0.2)","SLV.IM.OIL.USQ2021.A","OBS_VALUE","El Salvador","Implicit fossil fuel subsidies","Petroleum","USD at constant 2021 prices","Annual","Units","0.885456991","1.012685081","0.987187783","1.015578844","1.196798915","0.927108268","1.29906024","1.810284307","1.440084201","1.824846588","1.956013245","2.08611361","2.189962875","2.283130351","2.378821016","2.475304934","2.574973784","2.677970584","2.784494199","2.894756754","3.008795996"
"IMF.STA:FFS(1.0.2)","BHR.IM.OIL.USQ2021.A","OBS_VALUE","Bahrain, Kingdom of","Implicit fossil fuel subsidies","Petroleum","USD at constant 2021 prices","Annual","Units","0.787848013","0.812957153","0.840329422","0.848115852","0.867862068","0.668725072","0.914198814","1.11213515","1.114283308","1.160571722","1.21237693","1.254880155","1.298118262","1.342288602","1.38852289","1.443205247","1.50116221","1.563156869","1.629783372","1.701487089","1.778764923"
"IMF.STA:FFS(1.0.2)","EST.IM.OIL.USQ2021.A","OBS_VALUE","Estonia, Republic of","Implicit fossil fuel subsidies","Petroleum","USD at constant 2021 prices","Annual","Units","0.102275177","0.137875473","0.085247028","0.085174297","0.110215224","0.016555205","0.045603","0.145796973","0.103115947","0.140984423","0.141351521","0.158972339","0.178917347","0.201958067","0.226042189","0.250660043","0.275890279","0.301798891","0.32779215","0.354488281","0.381997513"
"IMF.STA:FFS(1.0.2)","ETH.IM.OIL.USQ2021.A","OBS_VALUE","Ethiopia, The Federal Democratic Republic of","Implicit fossil fuel subsidies","Petroleum","USD at constant 2021 prices","Annual","Units","0.175197671","0.331890841","0.675524152","1.330294595","1.353882809","0.982459514","1.80179878","1.860712327","0.338063405","1.674973173","1.908446263","2.114887277","2.306678871","2.518456625","2.752341158","3.025966567","3.330778203","3.67082887","4.050776633","4.47583633","4.951952334"
"IMF.STA:FFS(1.0.2)","IRL.IM.OIL.USQ2021.A","OBS_VALUE","Ireland","Implicit fossil fuel subsidies","Petroleum","USD at constant 2021 prices","Annual","Units","0.294100145","0.422075283","0.548291568","0.604081816","0.858229278","0.441694565","0.336582977","2.495568598","2.467237242","2.010517318","2.150682572","2.401946777","2.676871136","2.963354494","3.263220387","3.586792751","3.921792954","4.269343274","4.631603203","5.008698242","5.401075695"
"IMF.STA:FFS(1.0.2)","GMB.IM.OIL.USQ2021.A","OBS_VALUE","Gambia, The","Implicit fossil fuel subsidies","Petroleum","USD at constant 2021 prices","Annual","Units","0.049203784","0.049151883","0.061206143","0.064200368","0.070582026","0.067738454","0.067029117","0.074814226","0.071176454","0.076933027","0.084099033","0.089174514","0.093524508","0.098192739","0.103378181","0.110669681","0.118455134","0.126982591","0.136611608","0.147253097","0.15895448"
"IMF.STA:FFS(1.0.2)","SWE.IM.OIL.USQ2021.A","OBS_VALUE","Sweden","Implicit fossil fuel subsidies","Petroleum","USD at constant 2021 prices","Annual","Units","0","0","0","0","0","0","0","0","0.173948297","0.6093801","0.665386757","0.764081346","0.883580826","1.073213845","1.26798711","1.474071847","1.685859489","1.903137622","2.126299366","2.356194389","2.592591259"
"IMF.STA:FFS(1.0.2)","GUY.IM.OIL.USQ2021.A","OBS_VALUE","Guyana","Implicit fossil fuel subsidies","Petroleum","USD at constant 2021 prices","Annual","Units","0.125643576","0.165526842","0.153846995","0.139259124","0.156239136","0.296647157","0.2132292","0.185758854","0.458117369","0.717960098","0.979815413","1.283376316","1.653133259","1.989358327","2.337520554","2.698816255","3.076936141","3.506543518","4.00314014","4.578015634","5.243671821"
"IMF.STA:FFS(1.0.2)","BDI.IM.OIL.USQ2021.A","OBS_VALUE","Burundi","Implicit fossil fuel subsidies","Petroleum","USD at constant 2021 prices","Annual","Units","0.006704768","0.007583333","0.006022537","0.005749869","0.004515221","0.01606326","0.007440535","0.007123853","0.007030634","0.007378947","0.006712013","0.007379114","0.007363805","0.007342831","0.007320046","0.007293265","0.007261954","0.007228305","0.00719122","0.007152449","0.007111924"
"IMF.STA:FFS(1.0.2)","ITA.IM.OIL.USQ2021.A","OBS_VALUE","Italy","Implicit fossil fuel subsidies","Petroleum","USD at constant 2021 prices","Annual","Units","8.782755195","8.33566201","10.02654898","8.826461427","9.436677658","5.636040694","7.187866465","24.71461783","17.15069869","19.54939354","19.60472588","19.84445904","20.01070669","20.36732918","20.78819299","21.11453911","21.43155344","21.74899206","22.06977792","22.39423392","22.7192937"
"IMF.STA:FFS(1.0.2)","SVN.IM.OIL.USQ2021.A","OBS_VALUE","Slovenia, Republic of","Implicit fossil fuel subsidies","Petroleum","USD at constant 2021 prices","Annual","Units","0","0","0","0","0.004263148","0","0.03148471","0.633611502","0.376567777","0.299659151","0.300470523","0.348480198","0.405236211","0.464506527","0.525803952","0.589281116","0.654940268","0.722962076","0.793233569","0.865968058","0.94139019"
"IMF.STA:FFS(1.0.2)","ESP.IM.OIL.USQ2021.A","OBS_VALUE","Spain","Implicit fossil fuel subsidies","Petroleum","USD at constant 2021 prices","Annual","Units","0.2771327","0.68772512","0.702414917","0.085796013","0","0.350562454","1.352502735","2.091687889","3.209728456","5.176526883","5.022628775","5.503583124","6.038206424","6.588239027","7.15179325","7.786822701","8.429139602","9.076120222","9.731772748","10.39770224","11.07397076"
"IMF.STA:FFS(1.0.2)","GHA.IM.OIL.USQ2021.A","OBS_VALUE","Ghana","Implicit fossil fuel subsidies","Petroleum","USD at constant 2021 prices","Annual","Units","0.653388108","0.044663731","0.140510593","0.075446899","0.056895066","0.071922046","0.820119984","0.720742018","1.201369751","0.750624905","0.835926372","0.978262031","1.130422807","1.293234628","1.469611934","1.698929459","1.95140584","2.228973649","2.533866594","2.868372995","3.235065477"
"IMF.STA:FFS(1.0.2)","CHN.IM.OIL.USQ2021.A","OBS_VALUE","China, People's Republic of","Implicit fossil fuel subsidies","Petroleum","USD at constant 2021 prices","Annual","Units","440.1817248","462.6240006","514.1517634","612.6033653","619.9407744","562.4866493","666.9068538","694.0520115","777.5010218","845.3031992","941.3251892","1002.417597","1043.254892","1080.486924","1114.817601","1143.427659","1171.646003","1199.109419","1225.766026","1251.543465","1276.463709"
"IMF.STA:FFS(1.0.2)","TZA.IM.OIL.USQ2021.A","OBS_VALUE","Tanzania, United Republic of","Implicit fossil fuel subsidies","Petroleum","USD at constant 2021 prices","Annual","Units","0.01852572","0.028609379","0.03312798","0.101766469","0.047857287","0.057394055","0.521039572","1.528668975","0.104346887","0.40556799","0.419847791","0.480006173","0.569103979","0.670717672","0.781539986","0.920368853","1.076372208","1.25179126","1.449159272","1.67127101","1.921489228"
"IMF.STA:FFS(1.0.2)","HTI.IM.OIL.USQ2021.A","OBS_VALUE","Haiti","Implicit fossil fuel subsidies","Petroleum","USD at constant 2021 prices","Annual","Units","0.006919481","0.09743644","0.122797836","0.241411161","0.357135001","0.235945364","0.392916018","0.416180625","0.391444865","0.387723974","0.421937202","0.44250859","0.455174211","0.467255278","0.479527161","0.495017201","0.51087955","0.527124545","0.5437542","0.560769423","0.578194212"
"IMF.STA:FFS(1.0.2)","JOR.IM.OIL.USQ2021.A","OBS_VALUE","Jordan","Implicit fossil fuel subsidies","Petroleum","USD at constant 2021 prices","Annual","Units","1.864223881","1.664339884","1.556543237","1.458307855","1.023187244","0.781042905","1.183776939","1.496928945","1.203012036","1.40641588","1.592986849","1.75215836","1.912218424","2.085080654","2.254418254","2.437089474","2.628057478","2.829525468","3.042554162","3.266415799","3.502300941"
"IMF.STA:FFS(1.0.2)","BRA.IM.OIL.USQ2021.A","OBS_VALUE","Brazil","Implicit fossil fuel subsidies","Petroleum","USD at constant 2021 prices","Annual","Units","23.42438339","16.77024948","20.2969537","25.36247905","29.99495867","30.18680976","50.31119455","50.66326941","40.61349278","47.46264807","51.33499659","53.83202447","55.52559829","57.04838959","58.52618477","60.04760021","61.45816691","62.92603015","64.40586325","65.90358038","67.41461598"
"IMF.STA:FFS(1.0.2)","BHS.IM.OIL.USQ2021.A","OBS_VALUE","Bahamas, The","Implicit fossil fuel subsidies","Petroleum","USD at constant 2021 prices","Annual","Units","0.169408712","0.19456541","0.327062039","0.256306403","0.23326077","0.102537294","0.294321388","0.406136023","0.379883259","0.381448613","0.415809626","0.435913395","0.454644406","0.473491409","0.492795051","0.513613217","0.534899449","0.556751435","0.57910206","0.601967202","0.625435798"
"IMF.STA:FFS(1.0.2)","JAM.IM.OIL.USQ2021.A","OBS_VALUE","Jamaica","Implicit fossil fuel subsidies","Petroleum","USD at constant 2021 prices","Annual","Units","0.529801614","0.608611116","0.489696032","0.716242381","0.641915077","0.267723689","0.470758601","0.667824913","0.655764131","0.754754277","0.746367259","0.790978839","0.834312317","0.862351702","0.887652124","0.91389433","0.941265171","0.97054692","1.000427801","1.030887597","1.061948578"
"IMF.STA:FFS(1.0.2)","TGO.IM.OIL.USQ2021.A","OBS_VALUE","Togo","Implicit fossil fuel subsidies","Petroleum","USD at constant 2021 prices","Annual","Units","0.044728094","0.080314359","0.082086054","0.132966907","0.101626085","0.092205005","0.21653475","0.279405817","0.143466069","0.152631713","0.172510219","0.193565183","0.214630648","0.23738736","0.262198597","0.294834713","0.331076984","0.371354881","0.415787358","0.464756857","0.519106156"
"IMF.STA:FFS(1.0.2)","CAF.IM.OIL.USQ2021.A","OBS_VALUE","Central African Republic","Implicit fossil fuel subsidies","Petroleum","USD at constant 2021 prices","Annual","Units","0.000660839","0.000531473","0.000693461","0.000714651","0.000988039","0.000718269","0.00080855","0.025616943","0.000692879","0.000720624","0.000825359","0.000886669","0.000921699","0.000955996","0.000992234","0.001025281","0.001058892","0.001093075","0.001127839","0.001163197","0.001199161"
"IMF.STA:FFS(1.0.2)","GIN.IM.OIL.USQ2021.A","OBS_VALUE","Guinea","Implicit fossil fuel subsidies","Petroleum","USD at constant 2021 prices","Annual","Units","0.021593052","0.063005745","0.104784706","0.187116521","0.078410312","0.114624504","0.152965756","0.236072372","0.185370146","0.199312618","0.230200849","0.265054148","0.301836659","0.346242108","0.402073655","0.48679895","0.575001662","0.674011334","0.785107545","0.909737708","1.049469679"
"IMF.STA:FFS(1.0.2)","MLT.IM.OIL.USQ2021.A","OBS_VALUE","Malta","Implicit fossil fuel subsidies","Petroleum","USD at constant 2021 prices","Annual","Units","0.006750117","0.006373878","0.007389799","0.011160805","0.008327577","0.006863009","0.008475977","0.175233013","0.134436886","0.135103435","0.150163169","0.165372447","0.180159383","0.195278584","0.211265778","0.228311505","0.246361064","0.265463446","0.285729251","0.307253095","0.329977453"
"IMF.STA:FFS(1.0.2)","MMR.IM.OIL.USQ2021.A","OBS_VALUE","Myanmar","Implicit fossil fuel subsidies","Petroleum","USD at constant 2021 prices","Annual","Units","1.206630681","1.748368036","3.076212125","3.351339404","3.983056354","3.95354012","3.805086728","3.801692048","1.514391812","2.554226499","3.049321581","3.418299412","3.695850513","3.950695188","4.17003175","4.407183675","4.65378718","4.909606945","5.180984904","5.501750728","5.834357392"
"IMF.STA:FFS(1.0.2)","BEL.IM.OIL.USQ2021.A","OBS_VALUE","Belgium","Implicit fossil fuel subsidies","Petroleum","USD at constant 2021 prices","Annual","Units","0.622776453","0.734696777","0.735155717","0.651201224","0.99534997","0.644709166","0.974790597","1.324023414","1.101345445","1.311816401","1.406388202","1.507033911","1.604210669","1.707632991","1.810577674","1.92065808","2.033807361","2.148677228","2.26551062","2.457374925","2.695119636"
"IMF.STA:FFS(1.0.2)","MWI.IM.OIL.USQ2021.A","OBS_VALUE","Malawi","Implicit fossil fuel subsidies","Petroleum","USD at constant 2021 prices","Annual","Units","0","0","0","0.003408471","0.005652049","0","0.017775958","0","0","0.003855643","0.005652232","0.010319963","0.016633553","0.023686503","0.031277406","0.044920292","0.059975387","0.076576913","0.094878104","0.115057952","0.137306624"
"IMF.STA:FFS(1.0.2)","MAR.IM.OIL.USQ2021.A","OBS_VALUE","Morocco","Implicit fossil fuel subsidies","Petroleum","USD at constant 2021 prices","Annual","Units","3.260907829","2.290108075","3.78244843","4.639426292","4.210432592","3.540554308","6.041069311","7.471348541","5.843510082","5.882101193","6.428764928","6.919692289","7.366166181","7.820943368","8.29999957","8.846103665","9.422341023","10.03059958","10.6727187","11.35065359","12.06650251"
"IMF.STA:FFS(1.0.2)","ZAF.IM.OIL.USQ2021.A","OBS_VALUE","South Africa","Implicit fossil fuel subsidies","Petroleum","USD at constant 2021 prices","Annual","Units","11.88555773","12.87708038","11.40384959","10.52728241","11.46935673","9.835504724","11.6681774","14.26050603","14.42962489","13.44478971","14.02862623","14.43547112","14.73991471","15.03479873","15.33324114","15.75623906","16.18165755","16.60565304","17.0275574","17.44966982","17.87400562"
"IMF.STA:FFS(1.0.2)","USA.IM.OIL.USQ2021.A","OBS_VALUE","United States","Implicit fossil fuel subsidies","Petroleum","USD at constant 2021 prices","Annual","Units","532.5738117","598.9187278","639.6901196","651.4195187","619.3084862","412.3626433","638.9459078","660.0726899","705.9780366","818.1227207","885.1486864","931.5007892","969.7547202","1008.558967","1048.817597","1090.491905","1133.640663","1178.356195","1224.708727","1272.760998","1322.624428"
"IMF.STA:FFS(1.0.2)","TJK.IM.OIL.USQ2021.A","OBS_VALUE","Tajikistan, Republic of","Implicit fossil fuel subsidies","Petroleum","USD at constant 2021 prices","Annual","Units","0.173069489","0.228656658","0.248570145","0.284161341","0.308744322","0.336956305","0.415021437","0.558835266","0.469328616","0.514623767","0.573983619","0.618727816","0.654115666","0.690548401","0.729255871","0.774225965","0.822368015","0.873994472","0.929404986","0.988916806","1.052880315"
"IMF.STA:FFS(1.0.2)","MNG.IM.OIL.USQ2021.A","OBS_VALUE","Mongolia","Implicit fossil fuel subsidies","Petroleum","USD at constant 2021 prices","Annual","Units","1.615971445","1.637110189","1.370361204","1.304073026","0.9950493","0.683157795","0.917975434","1.244237941","1.118754044","1.258096547","1.508552636","1.701172575","1.865173582","2.029975469","2.200615106","2.394160014","2.601512512","2.826808846","3.07114404","3.336366724","3.624193829"
"IMF.STA:FFS(1.0.2)","TTO.IM.OIL.USQ2021.A","OBS_VALUE","Trinidad and Tobago","Implicit fossil fuel subsidies","Petroleum","USD at constant 2021 prices","Annual","Units","0.608626549","0.542996313","0.515148036","0.453738629","0.499665719","0.417008243","0.460559569","0.507708747","0.478735514","0.504349566","0.536710604","0.554153618","0.570152946","0.588460713","0.606937407","0.62610172","0.645641975","0.66563745","0.686086002","0.70700251","0.728410156"
"IMF.STA:FFS(1.0.2)","FRA.IM.OIL.USQ2021.A","OBS_VALUE","France","Implicit fossil fuel subsidies","Petroleum","USD at constant 2021 prices","Annual","Units","2.34845181","3.22213078","3.577363126","2.094140952","3.562808835","0.248280244","3.060768426","16.31481128","5.645866066","9.264281232","9.094693933","10.11122902","11.32781395","12.56309565","13.7718169","14.98743053","16.16197581","17.28583988","18.35634765","19.36951868","20.33158444"
"IMF.STA:FFS(1.0.2)","CHE.IM.OIL.USQ2021.A","OBS_VALUE","Switzerland","Implicit fossil fuel subsidies","Petroleum","USD at constant 2021 prices","Annual","Units","4.216388485","5.889696242","5.571036986","5.358673758","5.522669653","3.187765153","3.424054049","3.828667598","3.518663144","3.984328312","4.250785052","4.525133014","4.755959049","5.0292682","5.331406884","5.730183497","6.167677193","6.619375197","7.08371226","7.57028152","8.063737393"
"IMF.STA:FFS(1.0.2)","TUR.IM.OIL.USQ2021.A","OBS_VALUE","Türkiye, Republic of","Implicit fossil fuel subsidies","Petroleum","USD at constant 2021 prices","Annual","Units","0","0","1.493972962","11.03530693","13.50915395","16.07678098","36.02928667","39.18167713","40.78092958","35.82769424","38.27226797","40.12863265","41.61152646","43.05332825","44.54622536","46.26930353","48.0453648","49.85452929","51.69737331","53.57525377","55.48936146"
"IMF.STA:FFS(1.0.2)","CRI.IM.OIL.USQ2021.A","OBS_VALUE","Costa Rica","Implicit fossil fuel subsidies","Petroleum","USD at constant 2021 prices","Annual","Units","0.811897151","1.08148006","1.299539997","1.280612273","1.290807465","0.724917819","1.55184705","1.705764105","1.380909965","1.422188115","1.56887717","1.691951781","1.802880834","1.917174038","2.036882098","2.169635575","2.308744942","2.454551026","2.607624977","2.768315962","2.937035277"
"IMF.STA:FFS(1.0.2)","KOR.IM.OIL.USQ2021.A","OBS_VALUE","Korea, Republic of","Implicit fossil fuel subsidies","Petroleum","USD at constant 2021 prices","Annual","Units","5.88554391","10.79194411","11.56020227","12.38536512","18.2574289","11.67357859","24.51205267","43.65069639","51.31318289","58.32063099","62.56448835","65.07879055","66.87467371","68.09528486","69.22571454","70.31914815","71.9388078","73.56586283","75.16551488","76.73610215","78.2749153"
"IMF.STA:FFS(1.0.2)","UGA.IM.NGA.USQ2021.A","OBS_VALUE","Uganda","Implicit fossil fuel subsidies","Natural Gas","USD at constant 2021 prices","Annual","Units","0","0","0","0","0","0","0","0","0","0","0","0","0","0","0","0","0","0","0","0","0"
"IMF.STA:FFS(1.0.2)","UZB.IM.OIL.USQ2021.A","OBS_VALUE","Uzbekistan, Republic of","Implicit fossil fuel subsidies","Petroleum","USD at constant 2021 prices","Annual","Units","2.519792265","2.693257611","3.493903293","3.706928155","4.015979513","3.598602503","4.187321041","4.28517592","4.368101385","4.993902612","5.793315505","6.417865789","6.924107096","7.448610391","8.007092057","8.704501649","9.456706699","10.27218936","11.15634299","12.11494855","13.1543594"
"IMF.STA:FFS(1.0.2)","LKA.IM.OIL.USQ2021.A","OBS_VALUE","Sri Lanka","Implicit fossil fuel subsidies","Petroleum","USD at constant 2021 prices","Annual","Units","2.317398684","2.61452173","3.470825856","4.469612059","4.120232565","2.364016953","3.953101349","2.96842714","2.582454221","2.630090929","2.779150972","2.863410219","2.914023257","2.963590436","3.010681045","3.053642389","3.095231225","3.136755245","3.17796087","3.218572724","3.258851977"
"IMF.STA:FFS(1.0.2)","PRT.IM.OIL.USQ2021.A","OBS_VALUE","Portugal","Implicit fossil fuel subsidies","Petroleum","USD at constant 2021 prices","Annual","Units","0.039468629","0.037898473","0.043503719","0.008036285","0.047566196","0","0","0.854449298","0.845784975","0.609450086","0.544660661","0.650087422","0.778524991","0.910031112","1.042838303","1.176605617","1.313297509","1.452970607","1.59521516","1.740262016","1.88833042"
"IMF.STA:FFS(1.0.2)","AUT.IM.NGA.USQ2021.A","OBS_VALUE","Austria","Implicit fossil fuel subsidies","Natural Gas","USD at constant 2021 prices","Annual","Units","0.192951594","0.322593615","0.519315803","0.396943453","0.422712593","0.382582339","1.535929153","1.466069602","0","0.258686483","0.286109154","0.330294991","0.367329952","0.410379299","0.45299436","0.490653172","0.527934679","0.564896011","0.601595109","0.638049953","0.67429197"
"IMF.STA:FFS(1.0.2)","DZA.IM.OIL.USQ2021.A","OBS_VALUE","Algeria","Implicit fossil fuel subsidies","Petroleum","USD at constant 2021 prices","Annual","Units","14.86936715","15.16386867","15.30002841","15.81813287","16.48823366","14.3518188","17.51644455","17.62703378","17.33793035","18.39595482","19.13989186","19.76283842","20.30341656","20.8492326","21.40515132","22.09021889","22.79372121","23.51737292","24.26230768","25.02906818","25.81981901"
"IMF.STA:FFS(1.0.2)","LSO.IM.OIL.USQ2021.A","OBS_VALUE","Lesotho, Kingdom of","Implicit fossil fuel subsidies","Petroleum","USD at constant 2021 prices","Annual","Units","0.060017057","0.050552521","0.057134063","0.032288082","0.039260123","0.036126018","0.046750957","0.039648452","0.043604969","0.043691874","0.047739013","0.051813424","0.055305863","0.05883609","0.062442264","0.066672571","0.071013434","0.075466617","0.080033566","0.084715485","0.089513683"
"IMF.STA:FFS(1.0.2)","DEU.IM.OIL.USQ2021.A","OBS_VALUE","Germany","Implicit fossil fuel subsidies","Petroleum","USD at constant 2021 prices","Annual","Units","58.57242161","60.67495337","58.15522914","53.03467938","55.80853119","33.02886918","25.7669346","41.01273087","38.75877601","42.27706723","42.43865858","43.17690628","43.54729411","43.69795995","43.64816584","43.44265205","43.2282818","43.01762727","42.82000235","42.63118126","42.44650655"
"IMF.STA:FFS(1.0.2)","LUX.IM.OIL.USQ2021.A","OBS_VALUE","Luxembourg","Implicit fossil fuel subsidies","Petroleum","USD at constant 2021 prices","Annual","Units","0.351681119","0.635845155","0.710985698","0.745668137","1.095945622","0.460226101","0.611053513","0.848422747","0.696282999","0.704735868","0.765917029","0.845282441","0.925407888","1.007103947","1.092169771","1.182060509","1.274578928","1.369678379","1.468131531","1.57010305","1.674925046"
"IMF.STA:FFS(1.0.2)","TKM.IM.OIL.USQ2021.A","OBS_VALUE","Turkmenistan","Implicit fossil fuel subsidies","Petroleum","USD at constant 2021 prices","Annual","Units","3.397500875","3.166412158","3.458830533","3.377904605","3.409662166","3.179268854","3.255774771","3.525925982","3.600115137","3.709491709","3.916055162","4.058659796","4.167192206","4.273599493","4.381450895","4.497264261","4.614574107","4.733757777","4.85523942","4.979191246","5.105763836"
"IMF.STA:FFS(1.0.2)","MYS.IM.OIL.USQ2021.A","OBS_VALUE","Malaysia","Implicit fossil fuel subsidies","Petroleum","USD at constant 2021 prices","Annual","Units","23.26835003","24.97561751","26.46725603","27.72734904","32.11070221","21.82004699","23.29266529","27.02422151","28.2672641","28.17692771","29.7151673","31.28046164","32.78419577","34.33100647","35.94092077","37.79127146","39.70708742","41.71642137","43.8227703","46.01321648","48.3165829"
"IMF.STA:FFS(1.0.2)","MKD.IM.OIL.USQ2021.A","OBS_VALUE","North Macedonia, Republic of","Implicit fossil fuel subsidies","Petroleum","USD at constant 2021 prices","Annual","Units","0.126426889","0.161529707","0.16498233","0.095749452","0.118036008","0.047205536","0.243685474","0.448337235","0.460783731","0.49938011","0.534012026","0.572596355","0.607704984","0.643162866","0.677827345","0.705453865","0.731073157","0.753901115","0.774903512","0.793369108","0.811179865"
"IMF.STA:FFS(1.0.2)","VNM.IM.NGA.USQ2021.A","OBS_VALUE","Vietnam","Implicit fossil fuel subsidies","Natural Gas","USD at constant 2021 prices","Annual","Units","1.167590458","1.393204224","1.297444847","1.323300851","1.40945804","1.23730448","1.011910641","1.739955993","2.325329959","2.946106511","3.591590674","4.2757772","5.00911522","5.779600006","6.562931386","7.347126903","8.036783709","8.534366159","9.03413374","9.534284394","10.03235482"
"IMF.STA:FFS(1.0.2)","MDV.IM.NGA.USQ2021.A","OBS_VALUE","Maldives","Implicit fossil fuel subsidies","Natural Gas","USD at constant 2021 prices","Annual","Units","0","0","0","0","0","0","0","0","0","0","0","0","0","0","0","0","0","0","0","0","0"
"IMF.STA:FFS(1.0.2)","CYP.IM.OIL.USQ2021.A","OBS_VALUE","Cyprus","Implicit fossil fuel subsidies","Petroleum","USD at constant 2021 prices","Annual","Units","0.019872072","0.019771323","0.02150778","0.021344533","0.046253048","0.021533304","0.021963635","0.138689743","0.123934007","0.127772129","0.142070477","0.166120663","0.193607382","0.222655363","0.252604503","0.284145671","0.316261271","0.348864204","0.381873209","0.415315547","0.449057797"
"IMF.STA:FFS(1.0.2)","FJI.IM.OIL.USQ2021.A","OBS_VALUE","Fiji, Republic of","Implicit fossil fuel subsidies","Petroleum","USD at constant 2021 prices","Annual","Units","0.088379553","0.088830535","0.118105005","0.134069934","0.142273482","0.056267663","0.069249063","0.105417506","0.103396868","0.119986292","0.13111443","0.140701396","0.148967192","0.157444405","0.166099185","0.174966619","0.183917747","0.192907515","0.201891798","0.210844008","0.21972137"
"IMF.STA:FFS(1.0.2)","ARM.IM.OIL.USQ2021.A","OBS_VALUE","Armenia, Republic of","Implicit fossil fuel subsidies","Petroleum","USD at constant 2021 prices","Annual","Units","0.332316444","0.331546366","0.403021667","0.402610066","0.466857606","0.521928424","0.636494401","0.680125717","0.633667088","0.612118497","0.682379751","0.732194201","0.773700466","0.816131368","0.860366904","0.905545195","0.952630416","1.00171345","1.052879625","1.106160072","1.16160989"
"IMF.STA:FFS(1.0.2)","EGY.IM.OIL.USQ2021.A","OBS_VALUE","Egypt, Arab Republic of","Implicit fossil fuel subsidies","Petroleum","USD at constant 2021 prices","Annual","Units","29.2121721","31.77940693","30.66146158","32.7636159","31.5487208","34.24650861","39.45588897","41.61880223","41.6657912","47.95627507","50.97851012","54.06362244","57.32084562","61.0647762","65.14738584","70.18270423","75.60357701","81.43943076","87.72039957","94.48005868","101.7492438"
"IMF.STA:FFS(1.0.2)","COL.IM.OIL.USQ2021.A","OBS_VALUE","Colombia","Implicit fossil fuel subsidies","Petroleum","USD at constant 2021 prices","Annual","Units","9.260565414","11.10408942","11.21558469","12.28865867","13.67078875","9.915927202","17.12534507","18.81382745","17.58216181","14.73050147","16.38323777","17.49048492","18.20375084","18.89445974","19.60293323","20.3798413","21.1804229","22.00519584","22.8499153","23.71399772","24.6050313"
"IMF.STA:FFS(1.0.2)","PRY.IM.OIL.USQ2021.A","OBS_VALUE","Paraguay","Implicit fossil fuel subsidies","Petroleum","USD at constant 2021 prices","Annual","Units","0.235331405","0.395900427","0.806296837","0.989912781","0.971697914","0.622318347","1.549974717","1.681733558","1.293413727","1.772118888","1.97232962","2.122105258","2.247617161","2.375970756","2.510321084","2.659459188","2.810260165","2.968233755","3.133800213","3.307336433","3.489218072"
"IMF.STA:FFS(1.0.2)","ROU.IM.OIL.USQ2021.A","OBS_VALUE","Romania","Implicit fossil fuel subsidies","Petroleum","USD at constant 2021 prices","Annual","Units","2.224603576","2.884356307","4.846476599","4.612431282","4.909852521","4.567296047","6.230451359","8.208972405","9.345619863","9.070560211","9.702054641","10.34592561","10.95926961","11.55686915","12.15789271","12.75017641","13.34023999","13.93238011","14.5237596","15.11145449","15.69762958"
"IMF.STA:FFS(1.0.2)","YEM.IM.OIL.USQ2021.A","OBS_VALUE","Yemen, Republic of","Implicit fossil fuel subsidies","Petroleum","USD at constant 2021 prices","Annual","Units","0.971695956","0.408762063","0.630973951","0.815427746","0.862543881","0.697671737","0.772045743","0.656539066","0.666939144","0.69252894","0.757993135","0.856397023","0.94595401","1.032659144","1.117144593","1.213841826","1.309917566","1.404238772","1.495345747","1.586601562","1.682650231"
"IMF.STA:FFS(1.0.2)","MDV.IM.OIL.USQ2021.A","OBS_VALUE","Maldives","Implicit fossil fuel subsidies","Petroleum","USD at constant 2021 prices","Annual","Units","0.176157893","0.124434046","0.191912743","0.204921369","0.185132819","0.120494883","0.257645343","0.301045553","0.249776387","0.294698189","0.312577514","0.334891085","0.352563118","0.36763039","0.388554063","0.412387817","0.43897443","0.466511017","0.492892645","0.51815601","0.545470463"
"IMF.STA:FFS(1.0.2)","MRT.IM.OIL.USQ2021.A","OBS_VALUE","Mauritania, Islamic Republic of","Implicit fossil fuel subsidies","Petroleum","USD at constant 2021 prices","Annual","Units","0.030823146","0.032473419","0.047348797","0.126790209","0.119149817","0.043020682","0.21758774","0.575828486","0.277245799","0.373846109","0.395071351","0.417767981","0.449267852","0.481270764","0.509565036","0.546888788","0.587636811","0.627492692","0.664846462","0.703648678","0.75029028"
"IMF.STA:FFS(1.0.2)","SVK.IM.OIL.USQ2021.A","OBS_VALUE","Slovak Republic","Implicit fossil fuel subsidies","Petroleum","USD at constant 2021 prices","Annual","Units","0.396673064","0.476476942","0.555703553","0.719379616","0.734966124","0.369442643","0.895229014","1.342085086","1.213076165","1.404628408","1.471040989","1.555457029","1.639234889","1.726255401","1.816126677","1.905748888","1.997207125","2.091252653","2.187922677","2.287363854","2.389760242"
"IMF.STA:FFS(1.0.2)","ZWE.IM.OIL.USQ2021.A","OBS_VALUE","Zimbabwe","Implicit fossil fuel subsidies","Petroleum","USD at constant 2021 prices","Annual","Units","0.486101885","0.467651116","0.519360877","0.603405641","0.602289181","0.020524008","0.033460268","0.119018065","0.627063062","0.623205621","0.653946833","0.684496139","0.715083903","0.746423958","0.778724895","0.818592621","0.860335696","0.904035808","0.949792011","0.997713787","1.047883733"
"IMF.STA:FFS(1.0.2)","CZE.IM.OIL.USQ2021.A","OBS_VALUE","Czech Republic","Implicit fossil fuel subsidies","Petroleum","USD at constant 2021 prices","Annual","Units","0.536241839","0.843153461","0.937194155","1.013217921","1.079887337","0.224715629","1.786103159","2.978836379","3.572655336","3.970975002","4.055263339","4.230776952","4.418705214","4.638545893","4.8675781","5.088489373","5.312819497","5.542976756","5.779262364","6.021939415","6.271514146"
"IMF.STA:FFS(1.0.2)","KEN.IM.OIL.USQ2021.A","OBS_VALUE","Kenya","Implicit fossil fuel subsidies","Petroleum","USD at constant 2021 prices","Annual","Units","0","0","0","0","0","0","0.252976871","0","0.157957112","0.282267688","0.303215233","0.350922949","0.406012458","0.526197455","0.675371718","0.864711262","1.074076139","1.305236362","1.560219265","1.837010601","2.135107175"
"IMF.STA:FFS(1.0.2)","NZL.IM.OIL.USQ2021.A","OBS_VALUE","New Zealand","Implicit fossil fuel subsidies","Petroleum","USD at constant 2021 prices","Annual","Units","1.14109822","2.13613528","2.188411632","1.580804661","1.605602937","0.873387818","1.516967752","2.112089308","2.486246103","2.513055805","2.675938296","2.896006074","3.124666328","3.362393353","3.607203519","3.870351087","4.144663488","4.430102302","4.726891136","5.035822153","5.357323974"
"IMF.STA:FFS(1.0.2)","BGD.IM.OIL.USQ2021.A","OBS_VALUE","Bangladesh","Implicit fossil fuel subsidies","Petroleum","USD at constant 2021 prices","Annual","Units","5.468518842","6.547057425","7.828827695","10.59425556","10.85612073","10.06522033","9.299598375","13.35281644","12.14325753","14.28635045","16.89545321","19.38579567","21.84910243","24.53133962","27.51650076","31.10422541","35.13076206","39.65463076","44.78418759","50.5401476","56.99107829"
"IMF.STA:FFS(1.0.2)","MEX.IM.OIL.USQ2021.A","OBS_VALUE","Mexico","Implicit fossil fuel subsidies","Petroleum","USD at constant 2021 prices","Annual","Units","47.22859484","55.37165522","47.60174346","44.97916901","38.18293257","23.81753576","32.06120094","55.0915324","30.56281683","32.21897657","35.07797716","37.22737592","38.79686378","40.35013582","41.9297678","43.59842255","45.30282525","47.04208387","48.8045574","50.59998442","52.431109"
"IMF.STA:FFS(1.0.2)","IRN.IM.OIL.USQ2021.A","OBS_VALUE","Iran, Islamic Republic of","Implicit fossil fuel subsidies","Petroleum","USD at constant 2021 prices","Annual","Units","46.41404264","45.74439092","49.08517389","51.43351518","50.74862224","48.25726093","53.21366001","47.82377549","51.55650472","54.97055223","57.76971269","60.07937139","61.95015679","63.55162288","65.16499429","67.08357547","69.04567724","71.05436924","73.11135169","75.21906945","77.37923386"
"IMF.STA:FFS(1.0.2)","LBR.IM.OIL.USQ2021.A","OBS_VALUE","Liberia","Implicit fossil fuel subsidies","Petroleum","USD at constant 2021 prices","Annual","Units","0.007275572","0.004638015","0.008158398","0.011861649","0.021053484","0.014153279","0.017390209","0.01944785","0.040217913","0.046788223","0.050581959","0.054696934","0.059241671","0.064954761","0.070433656","0.078516771","0.087725851","0.098573368","0.112070008","0.127487782","0.145146228"
"IMF.STA:FFS(1.0.2)","PNG.IM.OIL.USQ2021.A","OBS_VALUE","Papua New Guinea","Implicit fossil fuel subsidies","Petroleum","USD at constant 2021 prices","Annual","Units","0.000901983","0.000981532","0.001037455","0.001224149","0.001171727","0.001264215","0.033675627","0.194711778","0.019079929","0.042993598","0.04779218","0.056562126","0.06670683","0.077338918","0.090680805","0.105168274","0.120277134","0.136036885","0.152477672","0.169634665","0.187549275"
"IMF.STA:FFS(1.0.2)","BLZ.IM.OIL.USQ2021.A","OBS_VALUE","Belize","Implicit fossil fuel subsidies","Petroleum","USD at constant 2021 prices","Annual","Units","0.004655074","0.005335489","0.005974726","0.006496756","0.006423009","0.006428819","0.006652974","0.037573118","0.020525544","0.069797915","0.077179759","0.082792096","0.087518926","0.092310666","0.09726617","0.102957145","0.108863037","0.114988944","0.121350683","0.127958298","0.134831431"
"IMF.STA:FFS(1.0.2)","UKR.IM.OIL.USQ2021.A","OBS_VALUE","Ukraine","Implicit fossil fuel subsidies","Petroleum","USD at constant 2021 prices","Annual","Units","9.16512309","8.623757851","8.470266331","9.459384939","9.031665547","7.857883927","10.60982887","8.920328512","7.842887456","7.747402613","8.941693724","9.855819714","10.45096142","11.13528023","11.91766947","12.69598648","13.48321024","14.28848892","15.11024601","15.94645876","16.79515153"
"IMF.STA:FFS(1.0.2)","LVA.IM.OIL.USQ2021.A","OBS_VALUE","Latvia, Republic of","Implicit fossil fuel subsidies","Petroleum","USD at constant 2021 prices","Annual","Units","0.142003918","0.15180228","0.087783812","0.126801646","0.111478546","0.008792312","0.200249806","0.339938199","0.31338375","0.275128033","0.267529331","0.282049113","0.299178852","0.316983646","0.335032235","0.352394209","0.370019334","0.387983791","0.406295866","0.425003545","0.444127363"
"IMF.STA:FFS(1.0.2)","OMN.IM.OIL.USQ2021.A","OBS_VALUE","Oman","Implicit fossil fuel subsidies","Petroleum","USD at constant 2021 prices","Annual","Units","3.092395777","2.854735207","3.004776718","3.087656164","2.728957872","1.473330728","2.578979643","3.474979114","3.245357893","3.30594484","3.59612288","3.806369848","3.956752402","4.098431277","4.243036439","4.413235319","4.591809656","4.780215847","4.980376149","5.193364739","5.420373988"
"IMF.STA:FFS(1.0.2)","COG.IM.OIL.USQ2021.A","OBS_VALUE","Congo, Republic of","Implicit fossil fuel subsidies","Petroleum","USD at constant 2021 prices","Annual","Units","0.180739265","0.104164554","0.132545226","0.211998203","0.226638332","0.020106503","0.145487437","0.276731551","0.230558989","0.162127049","0.174316194","0.189238779","0.203423918","0.217382544","0.231902527","0.24997301","0.269262288","0.289928292","0.312067385","0.335258923","0.359722027"
"IMF.STA:FFS(1.0.2)","LBY.IM.OIL.USQ2021.A","OBS_VALUE","Libya","Implicit fossil fuel subsidies","Petroleum","USD at constant 2021 prices","Annual","Units","4.538709146","5.09680315","5.558061443","5.980975458","5.587652714","4.600145834","6.133317279","7.41341417","7.45215303","8.084147413","8.798564581","9.317708914","9.619908059","9.91879223","10.19516859","10.46265705","10.73638414","11.02069495","11.31334664","11.61499846","11.92938989"
"IMF.STA:FFS(1.0.2)","CAN.IM.OIL.USQ2021.A","OBS_VALUE","Canada","Implicit fossil fuel subsidies","Petroleum","USD at constant 2021 prices","Annual","Units","14.59259374","16.93471268","14.45292542","13.9245606","18.20801144","6.460940852","9.433014057","10.96147911","13.83009175","14.71774214","16.14479798","17.637749","19.12467498","20.61869431","22.1449082","23.74526145","25.36894327","27.02336079","28.7111452","30.41855743","32.15582121"
"IMF.STA:FFS(1.0.2)","MUS.IM.OIL.USQ2021.A","OBS_VALUE","Mauritius","Implicit fossil fuel subsidies","Petroleum","USD at constant 2021 prices","Annual","Units","0.208168372","0.128903899","0.122485487","0.11904897","0.159596277","0.129330039","0.194937809","0.191555868","0.177454576","0.202079454","0.214167514","0.229804358","0.243818297","0.257803746","0.272227007","0.286861479","0.302039378","0.317773301","0.334054741","0.350909664","0.368368657"
"IMF.STA:FFS(1.0.2)","BTN.IM.OIL.USQ2021.A","OBS_VALUE","Bhutan","Implicit fossil fuel subsidies","Petroleum","USD at constant 2021 prices","Annual","Units","0.013995627","0.022706226","0.016393045","0.032674793","0.03301316","0.036345323","0.017447712","0.037914756","0.033548203","0.037663019","0.042087955","0.046543091","0.049742658","0.053359792","0.058310239","0.062990726","0.067961681","0.073250707","0.078875411","0.084853603","0.091201704"
"IMF.STA:FFS(1.0.2)","SAU.IM.OIL.USQ2021.A","OBS_VALUE","Saudi Arabia","Implicit fossil fuel subsidies","Petroleum","USD at constant 2021 prices","Annual","Units","63.63809126","66.13214019","69.00333751","70.63964064","74.21781204","62.31418551","68.9807191","66.17010171","65.59399563","58.13432897","60.28774415","62.0712379","63.88478374","65.59211011","67.70411165","70.77384214","74.36238433","78.54330849","83.40934872","89.07030328","95.6629469"
"IMF.STA:FFS(1.0.2)","SGP.IM.OIL.USQ2021.A","OBS_VALUE","Singapore","Implicit fossil fuel subsidies","Petroleum","USD at constant 2021 prices","Annual","Units","2.849988314","3.396210205","2.831569234","2.618798026","2.48040752","1.435800842","5.286629526","5.229500445","5.400348716","5.064603719","5.603716856","5.961888989","6.221272555","6.483420164","6.768714202","7.074085708","7.391997593","7.719194338","8.058342989","8.410460704","8.776177198"
"IMF.STA:FFS(1.0.2)","MLI.IM.OIL.USQ2021.A","OBS_VALUE","Mali","Implicit fossil fuel subsidies","Petroleum","USD at constant 2021 prices","Annual","Units","0.0031384","0.003715571","0.003484425","0.004659487","0.0037845","0.004539758","0.033373442","0.761754309","0.027600772","0.02811567","0.024537804","0.033952917","0.046715947","0.060486243","0.075087726","0.093734995","0.127452524","0.184616898","0.247603507","0.316999292","0.393476418"
"IMF.STA:FFS(1.0.2)","AUT.IM.OIL.USQ2021.A","OBS_VALUE","Austria","Implicit fossil fuel subsidies","Petroleum","USD at constant 2021 prices","Annual","Units","0.171559001","0.374850058","0.327295052","0.141423695","0.40604923","0.084891668","0.249004958","0.730083241","0.377617455","0.450075362","0.381248071","0.478369621","0.590549915","0.696250839","0.803000622","0.91870171","1.036156471","1.155770004","1.277720797","1.40252962","1.530199802"
"IMF.STA:FFS(1.0.2)","VNM.IM.OIL.USQ2021.A","OBS_VALUE","Vietnam","Implicit fossil fuel subsidies","Petroleum","USD at constant 2021 prices","Annual","Units","10.2170033","12.2274635","13.63177422","15.21505368","16.86722934","14.5462122","12.49215845","17.90604619","14.95542534","17.15764459","20.29765584","22.80151638","24.95140499","27.17472038","29.55815169","32.20947635","35.00225016","37.97130977","41.17705098","44.63671064","48.36861559"
"IMF.STA:FFS(1.0.2)","RUS.IM.OIL.USQ2021.A","OBS_VALUE","Russian Federation","Implicit fossil fuel subsidies","Petroleum","USD at constant 2021 prices","Annual","Units","112.0496764","104.4273625","113.1317994","123.6255517","125.9069851","120.8245867","144.1105904","142.0254809","152.7683259","167.3574354","187.3101604","196.0462833","198.5407142","200.8070692","203.2316052","204.8623612","206.6458079","208.4257335","210.2317677","212.0593996","213.9138658"
"IMF.STA:FFS(1.0.2)","IRQ.IM.OIL.USQ2021.A","OBS_VALUE","Iraq","Implicit fossil fuel subsidies","Petroleum","USD at constant 2021 prices","Annual","Units","13.92177589","13.79058806","15.6887534","19.65771875","21.87339631","18.49145116","22.50935689","20.06679498","20.03927325","21.01267975","22.86762785","24.40372448","25.75684144","27.05647064","28.32872804","29.849444","31.42955669","33.04483722","34.69999621","36.48978449","38.50801766"
"IMF.STA:FFS(1.0.2)","NAM.IM.OIL.USQ2021.A","OBS_VALUE","Namibia","Implicit fossil fuel subsidies","Petroleum","USD at constant 2021 prices","Annual","Units","0.26024881","0.307036922","0.265488639","0.263329678","0.262655515","0.185303899","0.372259476","0.476014341","0.450269318","0.362098253","0.393994929","0.421595614","0.444872755","0.468636685","0.492970046","0.523139911","0.554529879","0.587077356","0.62078061","0.655591386","0.691789892"
"IMF.STA:FFS(1.0.2)","NLD.IM.OIL.USQ2021.A","OBS_VALUE","Netherlands, The","Implicit fossil fuel subsidies","Petroleum","USD at constant 2021 prices","Annual","Units","0.074958534","0.052282969","0.045197763","0.027866655","0.23234953","0","0","1.576894128","1.70736486","1.125972643","1.136044908","1.364383832","1.654649755","1.941200665","2.217516202","2.498148134","2.765711048","3.018869146","3.256293759","3.477767704","3.69384536"
"IMF.STA:FFS(1.0.2)","UGA.IM.OIL.USQ2021.A","OBS_VALUE","Uganda","Implicit fossil fuel subsidies","Petroleum","USD at constant 2021 prices","Annual","Units","0.005854244","0.008129638","0.047610818","0.030930012","0.006490826","0.002947658","0.073974531","0.227536456","0.116353248","0.064647047","0.065536892","0.077988895","0.093773731","0.111376993","0.139264248","0.222574257","0.319989608","0.433985366","0.567469877","0.723836826","0.907304973"
"IMF.STA:FFS(1.0.2)","CHL.IM.OIL.USQ2021.A","OBS_VALUE","Chile","Implicit fossil fuel subsidies","Petroleum","USD at constant 2021 prices","Annual","Units","10.51315067","11.6931396","11.44981385","11.68016621","11.99460386","9.191044035","12.39275744","15.86422052","9.051835083","12.90240585","13.73187887","14.24277256","14.54156643","14.82220876","15.11772008","15.44958038","15.81832588","16.19553192","16.58103063","16.9757696","17.38111158"
"IMF.STA:FFS(1.0.2)","NGA.IM.OIL.USQ2021.A","OBS_VALUE","Nigeria","Implicit fossil fuel subsidies","Petroleum","USD at constant 2021 prices","Annual","Units","10.11348342","10.31915917","10.36076138","11.01393251","11.86368815","10.59671123","12.35884882","14.37221267","13.33956617","15.08986783","15.97362077","16.73783294","17.553917","18.41035262","19.30616618","20.42428539","21.60378922","22.84754004","24.15933623","25.54265541","27.00086897"
"IMF.STA:FFS(1.0.2)","AZE.IM.OIL.USQ2021.A","OBS_VALUE","Azerbaijan, Republic of","Implicit fossil fuel subsidies","Petroleum","USD at constant 2021 prices","Annual","Units","2.990174565","2.718023606","3.101823191","3.300962885","3.40096207","2.784518183","3.508353064","3.773497394","3.603208283","3.494227671","3.632573402","3.748383684","3.850639932","3.953530094","4.061882883","4.188031856","4.31700636","4.449129213","4.584487745","4.723116534","4.865095355"
"IMF.STA:FFS(1.0.2)","BRN.IM.OIL.USQ2021.A","OBS_VALUE","Brunei Darussalam","Implicit fossil fuel subsidies","Petroleum","USD at constant 2021 prices","Annual","Units","0.384830552","0.352482758","0.366353507","0.361530049","0.51346538","0.400083069","0.393469826","0.417051772","0.437588101","0.454100314","0.481519778","0.504069783","0.524500086","0.544806118","0.565835362","0.587358762","0.609745408","0.633103084","0.657387072","0.682638097","0.708972929"
"IMF.STA:FFS(1.0.2)","DOM.IM.OIL.USQ2021.A","OBS_VALUE","Dominican Republic","Implicit fossil fuel subsidies","Petroleum","USD at constant 2021 prices","Annual","Units","1.714248028","1.894486121","1.693403424","1.912464172","3.064683069","2.831734521","4.06659542","5.549004025","4.895331693","6.121803061","6.831456338","7.429196027","7.901128724","8.37890593","8.883880691","9.443597481","10.06771325","10.72896149","11.42823242","12.1678938","12.95009162"
"IMF.STA:FFS(1.0.2)","BIH.IM.OIL.USQ2021.A","OBS_VALUE","Bosnia and Herzegovina","Implicit fossil fuel subsidies","Petroleum","USD at constant 2021 prices","Annual","Units","0.012671423","0.013733307","0.014209521","0.016022598","0.015913253","0.018158941","0.160550313","0.353775301","0.441560508","0.549254761","0.585946854","0.637678606","0.690411855","0.739576125","0.789121091","0.837829151","0.885682849","0.933541021","0.981656417","1.031662661","1.082907168"
"IMF.STA:FFS(1.0.2)","GNB.IM.OIL.USQ2021.A","OBS_VALUE","Guinea-Bissau","Implicit fossil fuel subsidies","Petroleum","USD at constant 2021 prices","Annual","Units","0.01158001","0.004238778","0.005853801","0.016586673","0.004946982","0.005426988","0.013427068","0.022549397","0.018196694","0.017881539","0.020116641","0.022383704","0.024722715","0.026975504","0.029408585","0.032879304","0.036679775","0.040842016","0.045401009","0.050395871","0.055868279"
"IMF.STA:FFS(1.0.2)","HRV.IM.OIL.USQ2021.A","OBS_VALUE","Croatia, Republic of","Implicit fossil fuel subsidies","Petroleum","USD at constant 2021 prices","Annual","Units","0.208216266","0.12470623","0.218594168","0.261541678","0.181772661","0.026787377","0.418660529","1.37326862","2.132085721","1.270664013","1.299354306","1.368264926","1.438631308","1.506794991","1.577074505","1.647076534","1.719114967","1.793144855","1.869296541","1.948918673","2.031818204"
"IMF.STA:FFS(1.0.2)","GEO.IM.OIL.USQ2021.A","OBS_VALUE","Georgia","Implicit fossil fuel subsidies","Petroleum","USD at constant 2021 prices","Annual","Units","0.947919595","1.156421357","1.008487164","1.076142502","1.15630009","0.872459563","1.204684287","1.331559475","1.339108489","1.432388484","1.613894928","1.751767591","1.871789578","1.994178011","2.123197347","2.256412631","2.396640967","2.544222886","2.699630418","2.863129757","3.035034311"
"IMF.STA:FFS(1.0.2)","SYC.IM.OIL.USQ2021.A","OBS_VALUE","Seychelles","Implicit fossil fuel subsidies","Petroleum","USD at constant 2021 prices","Annual","Units","","","","","","","0.030180981","0.029324782","0.028569727","0.028298491","0.028275176","0.028931722","0.03035629","0.03187817","0.033492963","0.035271969","0.037102579","0.038980353","0.040949914","0.043009433","0.045161748"
"IMF.STA:FFS(1.0.2)","BOL.IM.OIL.USQ2021.A","OBS_VALUE","Bolivia","Implicit fossil fuel subsidies","Petroleum","USD at constant 2021 prices","Annual","Units","2.010541648","2.016736136","2.406962517","2.61405215","2.844439927","1.874822633","3.034862654","3.40678719","3.306113674","3.455457705","3.596667633","3.735492682","3.884309805","4.039622317","4.201086688","4.38022429","4.566989644","4.760690792","4.95994211","5.167511229","5.38380102"
"IMF.STA:FFS(1.0.2)","HND.IM.OIL.USQ2021.A","OBS_VALUE","Honduras","Implicit fossil fuel subsidies","Petroleum","USD at constant 2021 prices","Annual","Units","0.664064796","0.736678079","0.77412103","0.828631062","0.984298914","0.702926441","1.303088977","1.360975322","1.3643112","1.725178072","1.913027403","2.083059604","2.256846278","2.436762264","2.629268089","2.852481591","3.095953083","3.362041201","3.652711679","3.970465874","4.318019914"
"IMF.STA:FFS(1.0.2)","ALB.IM.OIL.USQ2021.A","OBS_VALUE","Albania","Implicit fossil fuel subsidies","Petroleum","USD at constant 2021 prices","Annual","Units","0.103777599","0.127763797","0.142383005","0.214036725","0.136882496","0.125142658","0.300792862","0.448968833","0.380657937","0.343076487","0.369408508","0.39603277","0.416998579","0.437937011","0.459276985","0.481379047","0.505746386","0.53069835","0.556155652","0.58205719","0.608502293"
"IMF.STA:FFS(1.0.2)","GNQ.IM.OIL.USQ2021.A","OBS_VALUE","Equatorial Guinea, Republic of","Implicit fossil fuel subsidies","Petroleum","USD at constant 2021 prices","Annual","Units","0.340620715","0.296257922","0.29007452","0.284996907","0.292295304","0.165310306","0.167573004","0.197192634","0.17448811","0.178862106","0.18160816","0.179499618","0.183044004","0.18274786","0.188656538","0.203075126","0.225723503","0.258906363","0.306184481","0.372915165","0.467093711"
"IMF.STA:FFS(1.0.2)","MDA.IM.OIL.USQ2021.A","OBS_VALUE","Moldova, Republic of","Implicit fossil fuel subsidies","Petroleum","USD at constant 2021 prices","Annual","Units","0.427182921","0.512027741","0.475291422","0.520614536","0.532997517","0.429484051","0.729587308","0.700438963","0.725412809","0.745856937","0.824306231","0.886682326","0.950512747","1.014725509","1.082541689","1.141079479","1.202530187","1.266947835","1.334167124","1.404288964","1.477466833"
"IMF.STA:FFS(1.0.2)","DNK.IM.OIL.USQ2021.A","OBS_VALUE","Denmark","Implicit fossil fuel subsidies","Petroleum","USD at constant 2021 prices","Annual","Units","0.019327927","0.019123723","0.021733679","0","0.000136755","0","0","0.456804104","0.575260808","0.587898149","0.573513766","0.677857624","0.806631888","0.93818386","1.072068528","1.21238164","1.354630485","1.499324984","1.64633922","1.795617847","1.947941636"
"IMF.STA:FFS(1.0.2)","LBN.IM.OIL.USQ2021.A","OBS_VALUE","Lebanon","Implicit fossil fuel subsidies","Petroleum","USD at constant 2021 prices","Annual","Units","","","","","","","1.727965338","1.675015395","2.652223323","2.772570964","2.553104171","2.949290595","2.993328079","3.035146603","3.076290126","3.115154518","3.15353512","3.191847603","3.230072591","3.267221022","3.304034464"
"IMF.STA:FFS(1.0.2)","JPN.IM.OIL.USQ2021.A","OBS_VALUE","Japan","Implicit fossil fuel subsidies","Petroleum","USD at constant 2021 prices","Annual","Units","66.87169668","53.92431673","62.56569424","56.83042014","52.2844888","31.42529531","57.03726259","118.8557735","115.7600968","128.3546755","133.7017132","137.7957998","138.6133792","138.2778225","137.2874206","135.4416191","135.6762935","135.9433818","136.2075777","136.470591","136.7563078"
"IMF.STA:FFS(1.0.2)","KWT.IM.OIL.USQ2021.A","OBS_VALUE","Kuwait","Implicit fossil fuel subsidies","Petroleum","USD at constant 2021 prices","Annual","Units","7.592595075","7.303634468","7.325824621","7.910451714","8.315902713","7.404708231","7.732307192","6.961610659","6.842530907","6.786048386","7.110400659","7.421962016","7.748095156","8.032436953","8.277979839","8.536220785","8.790926398","9.047647288","9.310977611","9.582829179","9.864292205"
"IMF.STA:FFS(1.0.2)","TUN.IM.OIL.USQ2021.A","OBS_VALUE","Tunisia","Implicit fossil fuel subsidies","Petroleum","USD at constant 2021 prices","Annual","Units","3.01055142","3.202593044","3.463304059","3.55991725","3.423245021","2.956399296","3.71002547","3.955806615","3.876144494","4.152592358","4.629685438","4.900398244","5.02590485","5.132223206","5.235217316","5.336785267","5.434014024","5.526829669","5.614979038","5.698036479","5.775800016"
"IMF.STA:FFS(1.0.2)","SLE.IM.OIL.USQ2021.A","OBS_VALUE","Sierra Leone","Implicit fossil fuel subsidies","Petroleum","USD at constant 2021 prices","Annual","Units","0.08957153","0.095595107","0.09073208","0.081658214","0.094768614","0.109423798","0.123123686","0.089437217","0.106313473","0.10176198","0.104781019","0.110499427","0.1175648","0.125122282","0.133154632","0.142873991","0.15324334","0.164317668","0.176160934","0.189299593","0.203498013"
"IMF.STA:FFS(1.0.2)","HUN.IM.OIL.USQ2021.A","OBS_VALUE","Hungary","Implicit fossil fuel subsidies","Petroleum","USD at constant 2021 prices","Annual","Units","0.621181677","0.523964243","0.861178481","1.539925281","1.594808271","0.735734153","1.928811357","4.488489429","2.231118031","2.288667698","2.337735337","2.44818312","2.561602894","2.690135172","2.822324874","2.949887284","3.080632729","3.214806128","3.352642931","3.494402884","3.640345689"
"IMF.STA:FFS(1.0.2)","ECU.IM.OIL.USQ2021.A","OBS_VALUE","Ecuador","Implicit fossil fuel subsidies","Petroleum","USD at constant 2021 prices","Annual","Units","6.554409615","6.412532808","6.984930678","7.262982625","7.350531439","5.714437798","7.991220904","8.68969309","8.781391153","8.967283891","9.402442421","9.763849776","10.04990086","10.35724028","10.67701349","11.03820223","11.40956365","11.79272293","12.18624011","12.59065185","13.01060687"
"IMF.STA:FFS(1.0.2)","QAT.IM.OIL.USQ2021.A","OBS_VALUE","Qatar","Implicit fossil fuel subsidies","Petroleum","USD at constant 2021 prices","Annual","Units","3.006811011","3.174409266","3.038227674","2.740509699","2.861423295","2.418701585","3.387021095","3.203968239","3.384175483","3.488991215","3.639399916","3.873327468","4.17577784","4.367260772","4.474016616","4.625077991","4.837140688","5.120360795","5.489924061","5.966160361","6.577629242"
"IMF.STA:FFS(1.0.2)","COM.IM.OIL.USQ2021.A","OBS_VALUE","Comoros, Union of the","Implicit fossil fuel subsidies","Petroleum","USD at constant 2021 prices","Annual","Units","0.000127768","0.000892809","0.000169551","0.001899789","0.001430109","0.002984568","0.005363933","0.022990692","0.012876655","0.0107329","0.013979916","0.016034758","0.017530025","0.019008084","0.020457466","0.021983188","0.023453205","0.024847833","0.026236551","0.027651443","0.029094594"
"IMF.STA:FFS(1.0.2)","BEN.IM.OIL.USQ2021.A","OBS_VALUE","Benin","Implicit fossil fuel subsidies","Petroleum","USD at constant 2021 prices","Annual","Units","0.003470782","0.079038744","0.148533778","0.099703388","0.254675476","0","0.454817244","0.926888686","0.585930277","0.537508437","0.618930965","0.698678308","0.77969443","0.868428922","0.966219236","1.094325024","1.238127082","1.399560585","1.580879499","1.784533245","2.013329046"
"IMF.STA:FFS(1.0.2)","NOR.IM.OIL.USQ2021.A","OBS_VALUE","Norway","Implicit fossil fuel subsidies","Petroleum","USD at constant 2021 prices","Annual","Units","0.208044181","0.139003211","0.128188486","0.123401582","0.119412791","0.099975831","0.086488402","0.131891405","0.196170665","0.27353552","0.308713242","0.350191196","0.390447193","0.427599553","0.465253056","0.504841432","0.545824142","0.588353986","0.632501851","0.678307997","0.725871759"
"IMF.STA:FFS(1.0.2)","RWA.IM.OIL.USQ2021.A","OBS_VALUE","Rwanda","Implicit fossil fuel subsidies","Petroleum","USD at constant 2021 prices","Annual","Units","0.018712046","0.011150753","0.015231515","0.013476826","0.040242828","0.092536757","0.059904227","0.123092646","0.067812448","0.112020107","0.128953736","0.149098305","0.170680618","0.195620275","0.223914471","0.260507676","0.302492694","0.350655039","0.405919724","0.469373798","0.542236022"
"IMF.STA:FFS(1.0.2)","DJI.IM.OIL.USQ2021.A","OBS_VALUE","Djibouti","Implicit fossil fuel subsidies","Petroleum","USD at constant 2021 prices","Annual","Units","0.020528336","0.014225802","0.009136257","0.009351785","0.01601772","0.0184971","0.022249862","0.024498318","0.026499768","0.031387065","0.036824623","0.04206252","0.047586752","0.054343039","0.061760685","0.070680872","0.080559415","0.091485611","0.103557262","0.116870483","0.131525111"
"IMF.STA:FFS(1.0.2)","GRC.IM.OIL.USQ2021.A","OBS_VALUE","Greece","Implicit fossil fuel subsidies","Petroleum","USD at constant 2021 prices","Annual","Units","3.628650177","3.507218265","3.073228858","3.131801427","3.631583267","2.765135233","3.383662566","5.347263573","5.574284987","6.029432652","6.034911242","6.161054114","6.23414111","6.296593275","6.351597813","6.388050638","6.417111543","6.438404377","6.451610507","6.457336991","6.456063244"
"IMF.STA:FFS(1.0.2)","POL.IM.OIL.USQ2021.A","OBS_VALUE","Poland, Republic of","Implicit fossil fuel subsidies","Petroleum","USD at constant 2021 prices","Annual","Units","3.917244623","5.377560313","7.477999243","7.142692982","7.406507765","4.877739182","10.14562434","21.62456742","15.1736401","13.23561548","13.65287389","14.24238891","14.72941963","15.20112055","15.68638107","16.1470197","16.61706265","17.09920582","17.59881984","18.11385798","18.6445042"
"IMF.STA:FFS(1.0.2)","ISR.IM.OIL.USQ2021.A","OBS_VALUE","Israel","Implicit fossil fuel subsidies","Petroleum","USD at constant 2021 prices","Annual","Units","3.590421834","3.977146966","4.216091719","4.182939964","4.974718965","3.324329304","5.035123075","7.786054338","9.486558551","8.309929113","9.662092136","10.81440237","11.9249584","13.16600221","14.50454239","15.9635976","17.52175104","19.19821607","20.9925231","22.90436566","24.94631289"
"IMF.STA:FFS(1.0.2)","BLR.IM.OIL.USQ2021.A","OBS_VALUE","Belarus, Republic of","Implicit fossil fuel subsidies","Petroleum","USD at constant 2021 prices","Annual","Units","5.718258153","5.506845646","5.958171611","7.390796887","6.625888363","5.057528204","6.536590885","6.313385163","6.296394214","6.811543979","7.643739844","8.088999073","8.269825513","8.408065648","8.519996287","8.568169753","8.598891109","8.622712871","8.646008185","8.66939705","8.692930298"
"IMF.STA:FFS(1.0.2)","NER.IM.OIL.USQ2021.A","OBS_VALUE","Niger","Implicit fossil fuel subsidies","Petroleum","USD at constant 2021 prices","Annual","Units","0.042129636","0.010273446","0.03836522","0.069497816","0.083071881","0.011764979","0.117648717","0.319930034","0.303298082","0.284970822","0.322554791","0.352697039","0.37827445","0.405781076","0.435632547","0.476603934","0.522056157","0.572333883","0.628011698","0.68974553","0.758268268"
"IMF.STA:FFS(1.0.2)","FIN.IM.OIL.USQ2021.A","OBS_VALUE","Finland","Implicit fossil fuel subsidies","Petroleum","USD at constant 2021 prices","Annual","Units","0","0","0","0","0.042850882","0","0","0.014155198","0.116505298","0.365655904","0.40080406","0.473198797","0.549781573","0.624334995","0.698284218","0.77194878","0.844894894","0.91691538","0.987809461","1.057443578","1.125567542"
"IMF.STA:FFS(1.0.2)","SLB.IM.OIL.USQ2021.A","OBS_VALUE","Solomon Islands","Implicit fossil fuel subsidies","Petroleum","USD at constant 2021 prices","Annual","Units","0.024682257","0.025316701","0.025697672","0.026769979","0.027493579","0.026251529","0.032489495","0.032901026","0.034862505","0.038015834","0.042333257","0.044993965","0.046804305","0.048589789","0.050446966","0.052407995","0.054443795","0.056558168","0.058755592","0.06103998","0.063414904"
"IMF.STA:FFS(1.0.2)","MDG.IM.OIL.USQ2021.A","OBS_VALUE","Madagascar, Republic of","Implicit fossil fuel subsidies","Petroleum","USD at constant 2021 prices","Annual","Units","0.028009564","0.008322471","0.022644692","0.045664857","0.085382103","0.022494838","0.306626238","0.421416009","0.273291073","0.297936316","0.318398008","0.343660075","0.367110416","0.38923149","0.411848074","0.444887136","0.480522656","0.518983591","0.560377345","0.60496472","0.653029179"
"IMF.STA:FFS(1.0.2)","ABW.IM.ECY.USQ2021.A","OBS_VALUE","Aruba, Kingdom of the Netherlands","Implicit fossil fuel subsidies","Electricity","USD at constant 2021 prices","Annual","Units","0","0","0","0","0","0","0","0","0","0","0","0","0","0","0","0","0","0","0","0","0"
"IMF.STA:FFS(1.0.2)","ATG.IM.COA.USQ2021.A","OBS_VALUE","Antigua and Barbuda","Implicit fossil fuel subsidies","Coal","USD at constant 2021 prices","Annual","Units","","","","","","","0","0","0","0","0","0","0","0","0","0","0","0","0","0","0"
"IMF.STA:FFS(1.0.2)","ATG.IM.OIL.USQ2021.A","OBS_VALUE","Antigua and Barbuda","Implicit fossil fuel subsidies","Petroleum","USD at constant 2021 prices","Annual","Units","","","","","","","0.046079696","0.055823619","0.037654918","0.039313264","0.044454204","0.046969475","0.048209885","0.050237515","0.053589684","0.057239792","0.061361963","0.065615582","0.070019192","0.074576078","0.079296556"
"IMF.STA:FFS(1.0.2)","ATG.IM.NGA.USQ2021.A","OBS_VALUE","Antigua and Barbuda","Implicit fossil fuel subsidies","Natural Gas","USD at constant 2021 prices","Annual","Units","","","","","","","0","0","0","0","0","0","0","0","0","0","0","0","0","0","0"
"IMF.STA:FFS(1.0.2)","ATG.IM.ECY.USQ2021.A","OBS_VALUE","Antigua and Barbuda","Implicit fossil fuel subsidies","Electricity","USD at constant 2021 prices","Annual","Units","0","0","0","0","0","0","0","0","0","0","0","0","0","0","0","0","0","0","0","0","0"
"IMF.STA:FFS(1.0.2)","DMA.IM.COA.USQ2021.A","OBS_VALUE","Dominica","Implicit fossil fuel subsidies","Coal","USD at constant 2021 prices","Annual","Units","","","","","","","0","0","0","0","0","0","0","0","0","0","0","0","0","0","0"
"IMF.STA:FFS(1.0.2)","DMA.IM.NGA.USQ2021.A","OBS_VALUE","Dominica","Implicit fossil fuel subsidies","Natural Gas","USD at constant 2021 prices","Annual","Units","","","","","","","0","0","0","0","0","0","0","0","0","0","0","0","0","0","0"
"IMF.STA:FFS(1.0.2)","DMA.IM.ECY.USQ2021.A","OBS_VALUE","Dominica","Implicit fossil fuel subsidies","Electricity","USD at constant 2021 prices","Annual","Units","0","0","0","0","0","0","0","0","0","0","0","0","0","0","0","0","0","0","0","0","0"
"IMF.STA:FFS(1.0.2)","DMA.IM.OIL.USQ2021.A","OBS_VALUE","Dominica","Implicit fossil fuel subsidies","Petroleum","USD at constant 2021 prices","Annual","Units","","","","","","","0.011565997","0.012537572","0.010750007","0.011721264","0.01235972","0.013008565","0.013632842","0.014275236","0.014873124","0.0154193","0.015903255","0.016383769","0.01687589","0.01738151","0.017900406"
"IMF.STA:FFS(1.0.2)","GRD.IM.ECY.USQ2021.A","OBS_VALUE","Grenada","Implicit fossil fuel subsidies","Electricity","USD at constant 2021 prices","Annual","Units","0","0","0","0","0","0","0","0","0","0","0","0","0","0","0","0","0","0","0","0","0"
"IMF.STA:FFS(1.0.2)","GRD.IM.NGA.USQ2021.A","OBS_VALUE","Grenada","Implicit fossil fuel subsidies","Natural Gas","USD at constant 2021 prices","Annual","Units","0","0","0","0","0","0","0","0","0","0","0","0","0","0","0","0","0","0","0","0","0"
"IMF.STA:FFS(1.0.2)","GRD.IM.OIL.USQ2021.A","OBS_VALUE","Grenada","Implicit fossil fuel subsidies","Petroleum","USD at constant 2021 prices","Annual","Units","0.023173514","0.025355138","0.026970309","0.026007505","0.027578628","0.022853227","0.02520707","0.028871393","0.015561469","0.017720987","0.019134576","0.020516309","0.021860032","0.023240682","0.024676696","0.026194309","0.027772577","0.029413568","0.03111833","0.032889557","0.034729656"
"IMF.STA:FFS(1.0.2)","GRD.IM.COA.USQ2021.A","OBS_VALUE","Grenada","Implicit fossil fuel subsidies","Coal","USD at constant 2021 prices","Annual","Units","0","0","0","0","0","0","0","0","0","0","0","0","0","0","0","0","0","0","0","0","0"
"IMF.STA:FFS(1.0.2)","HKG.IM.ECY.USQ2021.A","OBS_VALUE","Hong Kong Special Administrative Region, People's Republic of China","Implicit fossil fuel subsidies","Electricity","USD at constant 2021 prices","Annual","Units","0","0","0","0","0","0","0","0","0","0","0","0","0","0","0","0","0","0","0","0","0"
"IMF.STA:FFS(1.0.2)","KOS.IM.ECY.USQ2021.A","OBS_VALUE","Kosovo, Republic of","Implicit fossil fuel subsidies","Electricity","USD at constant 2021 prices","Annual","Units","0","0","0","0","0","0","0","0","0","0","0","0","0","0","0","0","0","0","0","0","0"
"IMF.STA:FFS(1.0.2)","KNA.IM.ECY.USQ2021.A","OBS_VALUE","St. Kitts and Nevis","Implicit fossil fuel subsidies","Electricity","USD at constant 2021 prices","Annual","Units","0","0","0","0","0","0","0","0","0","0","0","0","0","0","0","0","0","0","0","0","0"
"IMF.STA:FFS(1.0.2)","MNE.IM.NGA.USQ2021.A","OBS_VALUE","Montenegro","Implicit fossil fuel subsidies","Natural Gas","USD at constant 2021 prices","Annual","Units","","","","","","","0","0","0","0","0","0","0","0","0","0","0","0","0","0","0"
"IMF.STA:FFS(1.0.2)","MNE.IM.OIL.USQ2021.A","OBS_VALUE","Montenegro","Implicit fossil fuel subsidies","Petroleum","USD at constant 2021 prices","Annual","Units","","","","","","","0.000000226","0.068303062","0.022011496","0.031181422","0.031711473","0.038056836","0.045732256","0.054169579","0.062964341","0.072220726","0.081841086","0.091842261","0.10223512","0.113034528","0.124259508"
"IMF.STA:FFS(1.0.2)","MAC.IM.ECY.USQ2021.A","OBS_VALUE","Macao Special Administrative Region, People's Republic of China","Implicit fossil fuel subsidies","Electricity","USD at constant 2021 prices","Annual","Units","0","0","0","0","0","0","0","0","0","0","0","0","0","0","0","0","0","0","0","0","0"
"IMF.STA:FFS(1.0.2)","MNE.IM.ECY.USQ2021.A","OBS_VALUE","Montenegro","Implicit fossil fuel subsidies","Electricity","USD at constant 2021 prices","Annual","Units","0","0","0","0","0","0","0","0","0","0","0","0","0","0","0","0","0","0","0","0","0"
"IMF.STA:FFS(1.0.2)","NRU.IM.ECY.USQ2021.A","OBS_VALUE","Nauru, Republic of","Implicit fossil fuel subsidies","Electricity","USD at constant 2021 prices","Annual","Units","0","0","0","0","0","0","0","0","0","0","0","0","0","0","0","0","0","0","0","0","0"
"IMF.STA:FFS(1.0.2)","MNE.IM.COA.USQ2021.A","OBS_VALUE","Montenegro","Implicit fossil fuel subsidies","Coal","USD at constant 2021 prices","Annual","Units","","","","","","","0.108220116","0.112382797","0.083986165","0.086789093","0.08784849","0.090130051","0.089416565","0.090697087","0.090445296","0.089873578","0.088800299","0.087734052","0.086651383","0.085547158","0.084408934"
"IMF.STA:FFS(1.0.2)","SOM.IM.COA.USQ2021.A","OBS_VALUE","Somalia","Implicit fossil fuel subsidies","Coal","USD at constant 2021 prices","Annual","Units","0","0","0","0","0","0","0","0","0","0","0","0","0","0","0","0","0","0","0","0","0"
"IMF.STA:FFS(1.0.2)","SOM.IM.NGA.USQ2021.A","OBS_VALUE","Somalia","Implicit fossil fuel subsidies","Natural Gas","USD at constant 2021 prices","Annual","Units","0","0","0","0","0","0","0","0","0","0","0","0","0","0","0","0","0","0","0","0","0"
"IMF.STA:FFS(1.0.2)","PRI.IM.ECY.USQ2021.A","OBS_VALUE","Puerto Rico","Implicit fossil fuel subsidies","Electricity","USD at constant 2021 prices","Annual","Units","0","0","0","0","0","0","0","0","0","0","0","0","0","0","0","0","0","0","0","0","0"
"IMF.STA:FFS(1.0.2)","PLW.IM.ECY.USQ2021.A","OBS_VALUE","Palau, Republic of","Implicit fossil fuel subsidies","Electricity","USD at constant 2021 prices","Annual","Units","0","0","0","0","0","0","0","0","0","0","0","0","0","0","0","0","0","0","0","0","0"
"IMF.STA:FFS(1.0.2)","SYR.IM.ECY.USQ2021.A","OBS_VALUE","Syrian Arab Republic","Implicit fossil fuel subsidies","Electricity","USD at constant 2021 prices","Annual","Units","0","0","0","0","0","0","0","0","0","0","0","0","0","0","0","0","0","0","0","0","0"
"IMF.STA:FFS(1.0.2)","SOM.IM.ECY.USQ2021.A","OBS_VALUE","Somalia","Implicit fossil fuel subsidies","Electricity","USD at constant 2021 prices","Annual","Units","0","0","0","0","0","0","0","0","0","0","0","0","0","0","0","0","0","0","0","0","0"
"IMF.STA:FFS(1.0.2)","SOM.IM.OIL.USQ2021.A","OBS_VALUE","Somalia","Implicit fossil fuel subsidies","Petroleum","USD at constant 2021 prices","Annual","Units","0.063182505","0.071403774","0.10563481","0.132225738","0.144515312","0.117180902","0.153028028","0.152892518","0.144542953","0.159660695","0.168189649","0.175694558","0.183400321","0.193969173","0.210135401","0.235536722","0.267575085","0.299595269","0.316938666","0.333207026","0.355616896"
"IMF.STA:FFS(1.0.2)","SWZ.IM.ECY.USQ2021.A","OBS_VALUE","Eswatini, Kingdom of","Implicit fossil fuel subsidies","Electricity","USD at constant 2021 prices","Annual","Units","0","0","0","0","0","0","0","0","0","0","0","0","0","0","0","0","0","0","0","0","0"
"IMF.STA:FFS(1.0.2)","TLS.IM.COA.USQ2021.A","OBS_VALUE","Timor-Leste, Democratic Republic of","Implicit fossil fuel subsidies","Coal","USD at constant 2021 prices","Annual","Units","","","","","","","0","0","0","0","0","0","0","0","0","0","0","0","0","0","0"
"IMF.STA:FFS(1.0.2)","TLS.IM.OIL.USQ2021.A","OBS_VALUE","Timor-Leste, Democratic Republic of","Implicit fossil fuel subsidies","Petroleum","USD at constant 2021 prices","Annual","Units","","","","","","","0.150718811","0.147634223","0.147399797","0.156858841","0.172945486","0.18280642","0.188905713","0.194829815","0.200978089","0.207248738","0.213762045","0.220528613","0.227541633","0.234810626","0.242354199"
"IMF.STA:FFS(1.0.2)","TLS.IM.ECY.USQ2021.A","OBS_VALUE","Timor-Leste, Democratic Republic of","Implicit fossil fuel subsidies","Electricity","USD at constant 2021 prices","Annual","Units","0","0","0","0","0","0","0","0","0","0","0","0","0","0","0","0","0","0","0","0","0"
"IMF.STA:FFS(1.0.2)","TLS.IM.NGA.USQ2021.A","OBS_VALUE","Timor-Leste, Democratic Republic of","Implicit fossil fuel subsidies","Natural Gas","USD at constant 2021 prices","Annual","Units","","","","","","","0","0","0","0","0","0","0","0","0","0","0","0","0","0","0"
"IMF.STA:FFS(1.0.2)","VUT.IM.OIL.USQ2021.A","OBS_VALUE","Vanuatu","Implicit fossil fuel subsidies","Petroleum","USD at constant 2021 prices","Annual","Units","0.002976323","0.003190602","0.003474032","0.003665463","0.004276108","0.003737419","0.00392282","0.004290462","0.003777815","0.003779647","0.003844396","0.003875776","0.003887765","0.003895323","0.003902208","0.003906609","0.003909998","0.003912844","0.00391518","0.003917089","0.003918623"
"IMF.STA:FFS(1.0.2)","VCT.IM.COA.USQ2021.A","OBS_VALUE","St. Vincent and the Grenadines","Implicit fossil fuel subsidies","Coal","USD at constant 2021 prices","Annual","Units","0","0","0","0","0","0","0","0","0","0","0","0","0","0","0","0","0","0","0","0","0"
"IMF.STA:FFS(1.0.2)","VCT.IM.ECY.USQ2021.A","OBS_VALUE","St. Vincent and the Grenadines","Implicit fossil fuel subsidies","Electricity","USD at constant 2021 prices","Annual","Units","0","0","0","0","0","0","0","0","0","0","0","0","0","0","0","0","0","0","0","0","0"
"IMF.STA:FFS(1.0.2)","VCT.IM.NGA.USQ2021.A","OBS_VALUE","St. Vincent and the Grenadines","Implicit fossil fuel subsidies","Natural Gas","USD at constant 2021 prices","Annual","Units","0","0","0","0","0","0","0","0","0","0","0","0","0","0","0","0","0","0","0","0","0"
"IMF.STA:FFS(1.0.2)","VCT.IM.OIL.USQ2021.A","OBS_VALUE","St. Vincent and the Grenadines","Implicit fossil fuel subsidies","Petroleum","USD at constant 2021 prices","Annual","Units","0.039817868","0.03372175","0.030621259","0.036356543","0.03366459","0.039807508","0.040325888","0.037134586","0.041005341","0.044812003","0.050222575","0.053483722","0.055617078","0.057713008","0.05989233","0.062064523","0.064317075","0.066660713","0.069095048","0.071628265","0.074269723"
"IMF.STA:FFS(1.0.2)","WSM.IM.ECY.USQ2021.A","OBS_VALUE","Samoa","Implicit fossil fuel subsidies","Electricity","USD at constant 2021 prices","Annual","Units","0","0","0","0","0","0","0","0","0","0","0","0","0","0","0","0","0","0","0","0","0"
"IMF.STA:FFS(1.0.2)","WSM.IM.NGA.USQ2021.A","OBS_VALUE","Samoa","Implicit fossil fuel subsidies","Natural Gas","USD at constant 2021 prices","Annual","Units","0","0","0","0","0","0","0","0","0","0","0","0","0","0","0","0","0","0","0","0","0"
"IMF.STA:FFS(1.0.2)","WSM.IM.COA.USQ2021.A","OBS_VALUE","Samoa","Implicit fossil fuel subsidies","Coal","USD at constant 2021 prices","Annual","Units","0","0","0","0","0","0","0","0","0","0","0","0","0","0","0","0","0","0","0","0","0"
"IMF.STA:FFS(1.0.2)","WSM.IM.OIL.USQ2021.A","OBS_VALUE","Samoa","Implicit fossil fuel subsidies","Petroleum","USD at constant 2021 prices","Annual","Units","0.031337485","0.02893752","0.03191784","0.03339468","0.037198615","0.036775638","0.042065319","0.031315159","0.037657818","0.041167762","0.045943316","0.04883206","0.050508195","0.052027567","0.053579088","0.055148839","0.056756064","0.058410249","0.060112125","0.061858833","0.063655401"
"IMF.STA:FFS(1.0.2)","VUT.IM.COA.USQ2021.A","OBS_VALUE","Vanuatu","Implicit fossil fuel subsidies","Coal","USD at constant 2021 prices","Annual","Units","0","0","0","0","0","0","0","0","0","0","0","0","0","0","0","0","0","0","0","0","0"
"IMF.STA:FFS(1.0.2)","VUT.IM.NGA.USQ2021.A","OBS_VALUE","Vanuatu","Implicit fossil fuel subsidies","Natural Gas","USD at constant 2021 prices","Annual","Units","0","0","0","0","0","0","0","0","0","0","0","0","0","0","0","0","0","0","0","0","0"
"IMF.STA:FFS(1.0.2)","VUT.IM.ECY.USQ2021.A","OBS_VALUE","Vanuatu","Implicit fossil fuel subsidies","Electricity","USD at constant 2021 prices","Annual","Units","0","0","0","0","0","0","0","0","0","0","0","0","0","0","0","0","0","0","0","0","0"
"IMF.STA:FFS(1.0.2)","DZA.IM.COA.POGDP_PT.A","OBS_VALUE","Algeria","Implicit fossil fuel subsidies","Coal","Percent of GDP","Annual","Units","0.005845563845279089","0","0.01041188784497758","0.01790769904726625","0.01369041747653639","0.004704109213249993","0.01631899736413952","0.01343453781292608","0.01208872732313769","0.01267182078569837","0.01314494571777544","0.01220001199218363","0.01242800193072994","0.01279492773479327","0.01303843991699867","0.01329498443040933","0.01356095026911936","","","",""
"IMF.STA:FFS(1.0.2)","KEN.IM.COA.POGDP_PT.A","OBS_VALUE","Kenya","Implicit fossil fuel subsidies","Coal","Percent of GDP","Annual","Units","0.1281022084985307","0.1218750791105931","0.1071055917959209","0.1468497161238686","0.1223376351256682","0.1733187517740267","0.1906308810264211","0.1901740970122007","0.2017038492183358","0.2081727667897026","0.2047584777702634","0.200071484112744","0.200309931123107","0.2024440231730243","0.2021652729328935","0.1995913731747102","0.1974753971068145","","","",""
"IMF.STA:FFS(1.0.2)","CMR.IM.COA.POGDP_PT.A","OBS_VALUE","Cameroon","Implicit fossil fuel subsidies","Coal","Percent of GDP","Annual","Units","0","0","0","0","0","0","0","0","0","0","0","0","0","0","0","0","0","","","",""
"IMF.STA:FFS(1.0.2)","GNB.IM.COA.POGDP_PT.A","OBS_VALUE","Guinea-Bissau","Implicit fossil fuel subsidies","Coal","Percent of GDP","Annual","Units","0","0","0","0","0","0","0","0","0","0","0","0","0","0","0","0","0","","","",""
"IMF.STA:FFS(1.0.2)","TUN.IM.COA.POGDP_PT.A","OBS_VALUE","Tunisia","Implicit fossil fuel subsidies","Coal","Percent of GDP","Annual","Units","0","0","0","0","0","0","0","0","0","0","0","0","0","0","0","0","0","","","",""
"IMF.STA:FFS(1.0.2)","JAM.IM.COA.POGDP_PT.A","OBS_VALUE","Jamaica","Implicit fossil fuel subsidies","Coal","Percent of GDP","Annual","Units","0.1138325911389134","0.1127217535209523","0.09541249413007282","0.0968566476546513","0.1121827444308399","0.1300810915593977","0.1238449085774361","0.1087349452165828","0.09713389821675316","0.1054676967956973","0.1131028354308365","0.112171496567722","0.1101689946312647","0.1089476758909544","0.1079498189092341","0.1068125975292484","0.1056409450172903","","","",""
"IMF.STA:FFS(1.0.2)","ALB.IM.COA.POGDP_PT.A","OBS_VALUE","Albania","Implicit fossil fuel subsidies","Coal","Percent of GDP","Annual","Units","0.3133889381656868","0.2067854585214132","0.3750944349926885","0.5829317624471348","0.3407835760669675","0.3980120148744612","0.4998341460978933","0.5021606936633077","0.4012263287954291","0.3830017128864661","0.3738556115539318","0.35128521882254","0.3459989739982161","0.3382738388418817","0.3306864948746611","0.3219580658604301","0.3131586119136532","","","",""
"IMF.STA:FFS(1.0.2)","BOL.IM.COA.POGDP_PT.A","OBS_VALUE","Bolivia","Implicit fossil fuel subsidies","Coal","Percent of GDP","Annual","Units","0.005505170428517556","0.005801680388371422","0.008373304781866348","0.006754538953677013","0.007967440694525879","0.003495678800579811","0.008157871453244403","0.007960231600297554","0.00779922382996222","0.008333467043316988","0.007879222500391053","0.006462060064943067","","","","","","","","",""
"IMF.STA:FFS(1.0.2)","SYC.IM.COA.POGDP_PT.A","OBS_VALUE","Seychelles","Implicit fossil fuel subsidies","Coal","Percent of GDP","Annual","Units","","","","","","","0","0","0","0","0","0","0","0","0","0","0","","","",""
"IMF.STA:FFS(1.0.2)","LBR.IM.COA.POGDP_PT.A","OBS_VALUE","Liberia","Implicit fossil fuel subsidies","Coal","Percent of GDP","Annual","Units","0","0","0","0","0","0","0","0","0","0","0","0","0","0","0","0","0","","","",""
"IMF.STA:FFS(1.0.2)","MRT.IM.COA.POGDP_PT.A","OBS_VALUE","Mauritania, Islamic Republic of","Implicit fossil fuel subsidies","Coal","Percent of GDP","Annual","Units","0","0","0","0","0","0","0","0","0","0","0","0","0","0","0","0","0","","","",""
"IMF.STA:FFS(1.0.2)","LAO.IM.COA.POGDP_PT.A","OBS_VALUE","Lao People's Democratic Republic","Implicit fossil fuel subsidies","Coal","Percent of GDP","Annual","Units","2.598349545928504","5.419503422597892","6.504150123929804","6.472099961352986","6.593861116636994","6.673921952760608","7.313816925696747","9.295736013632694","7.693807417221158","9.841322324725315","8.717975089984754","9.980829696557326","11.20878583399565","12.11747807975267","12.43083334236912","12.69269297641709","12.85688596597289","","","",""
"IMF.STA:FFS(1.0.2)","ESP.IM.COA.POGDP_PT.A","OBS_VALUE","Spain","Implicit fossil fuel subsidies","Coal","Percent of GDP","Annual","Units","0.4565746615971496","0.3411683750201426","0.4069192040181179","0.3091867801447454","0.1606252398516847","0.1138387363557535","0.1056391464733033","0.0731010622302206","0.06390974596076841","0.119394138293225","0.111382755401983","0.1034800666667266","0.09983076850139836","0.09531646270446954","0.09248073381611841","0.0896227269675486","0.0868462544079296","","","",""
"IMF.STA:FFS(1.0.2)","KAZ.IM.COA.POGDP_PT.A","OBS_VALUE","Kazakhstan, Republic of","Implicit fossil fuel subsidies","Coal","Percent of GDP","Annual","Units","13.1584331338056","19.10176783194899","17.22009595632615","17.26307458633763","17.00620765688906","14.37787403161045","13.42392389339808","11.42965969272901","9.975549619973796","8.623399719323717","8.967219584825973","7.700226523493372","7.443656110332182","7.237706510621346","6.83306230610259","6.528942634686576","6.234696329944391","","","",""
"IMF.STA:FFS(1.0.2)","ZWE.IM.COA.POGDP_PT.A","OBS_VALUE","Zimbabwe","Implicit fossil fuel subsidies","Coal","Percent of GDP","Annual","Units","1.948625695608053","1.681655652773348","1.475333837552949","0.9334159481765254","1.192804913080663","0.9813906426794709","0.8329172400065243","0.9309316317312136","1.054081124201379","0.9939830946061745","0.9511652046865919","0.9681031261439241","1.021098267693322","1.052513138718549","1.052058454302648","1.049878304461973","1.03642293866917","","","",""
"IMF.STA:FFS(1.0.2)","HND.IM.COA.POGDP_PT.A","OBS_VALUE","Honduras","Implicit fossil fuel subsidies","Coal","Percent of GDP","Annual","Units","0.3709437060994927","0.005483743419911815","0.001600285388002043","0","0.01873118880408417","0.02035030352184005","0.01992204566444959","1.081769265866478","1.016262474137904","0.9141916025727452","0.8735915038866789","0.8043883370655845","0.7265528995166601","0.6719808567515722","0.6322284874864744","0.6108169724459473","0.5859000655696354","","","",""
"IMF.STA:FFS(1.0.2)","KHM.IM.COA.POGDP_PT.A","OBS_VALUE","Cambodia","Implicit fossil fuel subsidies","Coal","Percent of GDP","Annual","Units","0.688697439951455","0.9047462891911669","0.9815673295475032","0.8531467515696865","0.9849868738931527","1.617686333492515","1.381438949529337","1.421638282482987","1.342752819143825","1.349829709208206","1.364062164696884","1.37345471393292","1.358946888728476","1.344406408292695","1.323198513470731","1.296865566939788","1.259619651897907","","","",""
"IMF.STA:FFS(1.0.2)","HUN.IM.COA.POGDP_PT.A","OBS_VALUE","Hungary","Implicit fossil fuel subsidies","Coal","Percent of GDP","Annual","Units","1.27958555662449","1.308904375031172","1.396666852594614","1.034483294694532","0.7355812427567845","0.626254725166558","0.4371378518379955","0.2408328151301376","0.1937003185049889","0.2124339304877544","0.1956128068684564","0.18043268065827","0.1746938758047943","0.1695476867957178","0.1640624237044799","0.1583101835556412","0.1528248324364691","","","",""
"IMF.STA:FFS(1.0.2)","SLV.IM.COA.POGDP_PT.A","OBS_VALUE","El Salvador","Implicit fossil fuel subsidies","Coal","Percent of GDP","Annual","Units","0.001790364958321526","0.001739153080243706","0.001005549019003418","0.001190514346685163","0.001067886376978771","0.0008867794836442401","0.0008664042524327604","0.0008777440680311427","0.0008370960662185849","0.0009044628059913525","0.000949467991548657","0.0009177596117694729","0.0008905250478576024","0.0008690089225931487","0.0008494577432008624","0.0008318898842385365","0.0008134063307336873","","","",""
"IMF.STA:FFS(1.0.2)","ARG.IM.COA.POGDP_PT.A","OBS_VALUE","Argentina","Implicit fossil fuel subsidies","Coal","Percent of GDP","Annual","Units","0.06722457899837105","0.06409526840231001","0.05766192184245059","0.07877324527281511","0.05304056777024099","0.07631948715722608","0.08841006909828634","0.09854115359345294","0.1056269749746812","0.1319589851809639","0.2475702675342908","0.2799115724614306","0.2900550545063711","0.270079135567001","0.2528989279364628","0.2402107263185389","0.2273153635846956","","","",""
"IMF.STA:FFS(1.0.2)","SGP.IM.COA.POGDP_PT.A","OBS_VALUE","Singapore","Implicit fossil fuel subsidies","Coal","Percent of GDP","Annual","Units","0.06556554642165599","0.06503907980818366","0.1736384040865729","0.06682857507362079","0.06698887094164587","0.0628825029346651","0.0560473750275084","0.1076330498708553","0.1068182713077659","0.07840035073350643","0.07919737700553611","0.07199429844913912","0.0687229249278202","0.06615873003917088","0.06403750044055464","0.06205976431717811","0.05975534472433584","","","",""
"IMF.STA:FFS(1.0.2)","PRY.IM.COA.POGDP_PT.A","OBS_VALUE","Paraguay","Implicit fossil fuel subsidies","Coal","Percent of GDP","Annual","Units","0.003068828679873586","0.001533344097298412","0.001033235009858418","0.003966140937295691","0.001336164756132167","0.0006457548277162076","0.0006401725582391444","0.0006284833786562824","0.0006141727815364813","0.0006683792882418286","0.0006737170056308812","0.0005713263804418287","0.0005603928428607473","0.0005532922074184001","0.0005459435405926596","0.0005379854976866699","0.0005280096494244084","","","",""
"IMF.STA:FFS(1.0.2)","TGO.IM.COA.POGDP_PT.A","OBS_VALUE","Togo","Implicit fossil fuel subsidies","Coal","Percent of GDP","Annual","Units","0","0","0","0","0","0","0","0","0","0","0","0","0","0","0","0","0","","","",""
"IMF.STA:FFS(1.0.2)","GUY.IM.COA.POGDP_PT.A","OBS_VALUE","Guyana","Implicit fossil fuel subsidies","Coal","Percent of GDP","Annual","Units","0","0","0","0","0","0","0","0","0","0","0","0","0","0","0","0","0","","","",""
"IMF.STA:FFS(1.0.2)","GAB.IM.COA.POGDP_PT.A","OBS_VALUE","Gabon","Implicit fossil fuel subsidies","Coal","Percent of GDP","Annual","Units","0","0","0","0","0","0","0","0","0","0","0","0","0","0","0","0","0","","","",""
"IMF.STA:FFS(1.0.2)","LUX.IM.COA.POGDP_PT.A","OBS_VALUE","Luxembourg","Implicit fossil fuel subsidies","Coal","Percent of GDP","Annual","Units","0.02886690057569211","0.02945377563427134","0.02553084146039041","0.0179884673675045","0.01789667195685248","0.01339436397444447","0.01263610655965796","0.001063246534330388","0.0004973426892470102","0.006295633709457667","0.006400650070404248","0.006213499358168869","0.00632055108980974","0.006405736155206759","0.00647056374749166","0.006553555007636907","0.006623269100266046","","","",""
"IMF.STA:FFS(1.0.2)","FJI.IM.COA.POGDP_PT.A","OBS_VALUE","Fiji, Republic of","Implicit fossil fuel subsidies","Coal","Percent of GDP","Annual","Units","0.000002349182484495396","-0.00002717934759018574","-0.00002988716846724404","0","0","0","0","0","0","0","0","0","0","0","0","0","0","","","",""
"IMF.STA:FFS(1.0.2)","GRC.IM.COA.POGDP_PT.A","OBS_VALUE","Greece","Implicit fossil fuel subsidies","Coal","Percent of GDP","Annual","Units","1.372572363970401","1.149106823185341","1.085706624249307","1.037468563968063","0.6834642796259494","0.4168347534209963","0.3654563999090534","0.1679440155503356","0.1363800763069259","0.3689734992415247","0.3083743848283385","0.2733105785743888","0.2559323489703484","0.2379925485936105","0.233126261485445","0.2318349519780149","0.2252886333124644","","","",""
"IMF.STA:FFS(1.0.2)","EGY.IM.COA.POGDP_PT.A","OBS_VALUE","Egypt, Arab Republic of","Implicit fossil fuel subsidies","Coal","Percent of GDP","Annual","Units","0.09283542527109238","0.5017678390524396","1.341214072926766","1.870248767204185","1.190717063038726","0.4459526283098409","0.8025922188381737","0.8193015788072726","0.9521702494669755","1.106441814475507","1.303246953500995","1.167773305727057","1.160702908363536","1.114818068804761","1.082727940670806","1.071572316434029","1.061673222458642","","","",""
"IMF.STA:FFS(1.0.2)","BWA.IM.COA.POGDP_PT.A","OBS_VALUE","Botswana","Implicit fossil fuel subsidies","Coal","Percent of GDP","Annual","Units","2.441299568856092","2.167988707810179","2.417304538993599","2.606181549574232","2.346099561325567","1.958925816432371","1.751667717145359","2.081938610757757","2.201608859514882","2.307382529323756","2.311736948765199","2.102919704102832","1.95984839145407","1.825580515845407","1.650244050893933","1.491015277470794","1.407428652412555","","","",""
"IMF.STA:FFS(1.0.2)","NLD.IM.COA.POGDP_PT.A","OBS_VALUE","Netherlands, The","Implicit fossil fuel subsidies","Coal","Percent of GDP","Annual","Units","0.4272567227508816","0.3925224165318241","0.3381966872620892","0.2514948663798753","0.1765047674533578","0.09738935471346772","0.1308811144714359","0.01751938438096992","0.008690589383169896","0.05017086609597326","0.04973335449658455","0.04361085769231633","0.04374742818095073","0.03132926361326165","0.02684660344735209","0.02703004873592244","0.02683720316745671","","","",""
"IMF.STA:FFS(1.0.2)","CHN.IM.COA.POGDP_PT.A","OBS_VALUE","China, People's Republic of","Implicit fossil fuel subsidies","Coal","Percent of GDP","Annual","Units","12.92948589266289","12.96582904090756","12.54340157978407","10.81278335803235","10.6817276595906","10.26260201417414","9.266629569391971","9.127175596639667","9.855756590790016","9.781469347706231","9.979606855086239","9.788902815075758","9.491209588052364","9.221873586540989","8.910861502787204","8.586196775209031","8.254132646558905","","","",""
"IMF.STA:FFS(1.0.2)","MYS.IM.COA.POGDP_PT.A","OBS_VALUE","Malaysia","Implicit fossil fuel subsidies","Coal","Percent of GDP","Annual","Units","2.389542431026435","2.688164667888325","2.795651905298358","2.784704304383117","2.608228476792856","2.990169591476634","2.572960775544441","1.904563178523293","1.979365706246082","2.066296579735185","2.084886824227965","2.073991234132485","1.927829986719785","1.822433154808893","1.667004849566928","1.462110068022175","1.27082659928822","","","",""
"IMF.STA:FFS(1.0.2)","VEN.IM.COA.POGDP_PT.A","OBS_VALUE","Venezuela, República Bolivariana de","Implicit fossil fuel subsidies","Coal","Percent of GDP","Annual","Units","0.04806276984569533","0.04463006652203918","0.03651266379302868","0.03304726012619846","0.03326350406435518","0.03975466028529024","0.03114445942849403","0.02196983035976696","0.01909878150405783","0.01693301532131426","0.02157382657359203","0.01997832086678654","0.01948616129330796","","","","","","","",""
"IMF.STA:FFS(1.0.2)","QAT.IM.COA.POGDP_PT.A","OBS_VALUE","Qatar","Implicit fossil fuel subsidies","Coal","Percent of GDP","Annual","Units","0","0","0","0","0","0","0","0","0","0","0","0","0","0","0","0","0","","","",""
"IMF.STA:FFS(1.0.2)","NGA.IM.COA.POGDP_PT.A","OBS_VALUE","Nigeria","Implicit fossil fuel subsidies","Coal","Percent of GDP","Annual","Units","0.01387118412217107","0.01790846001412208","0.01700846658236808","0.01806648364920337","0.01652361054088063","0.02217297173047725","0.05156193050000456","0.04981019513210271","0.06483721446516088","0.1303262033966589","0.1190591992326148","0.0948888510545705","0.09576790846116872","0.09498971240619537","0.09189759879921309","0.08928042858852554","0.08680442862387921","","","",""
"IMF.STA:FFS(1.0.2)","IRQ.IM.COA.POGDP_PT.A","OBS_VALUE","Iraq","Implicit fossil fuel subsidies","Coal","Percent of GDP","Annual","Units","0","0","0","0","0","0","0","0","0","0","0","0","0","0","0","0","0","","","",""
"IMF.STA:FFS(1.0.2)","NZL.IM.COA.POGDP_PT.A","OBS_VALUE","New Zealand","Implicit fossil fuel subsidies","Coal","Percent of GDP","Annual","Units","0.3844194367649447","0.2999291068297745","0.3068250260630115","0.3589736398490339","0.4063334437243759","0.2705161129405318","0.2589371266002344","0.1710618939717432","0.192548567129822","0.1851342595676488","0.1851519697355539","0.1768089099666758","0.1717788027651937","0.1677846961172921","0.1640684648335025","0.1618007813388166","0.159004922926576","","","",""
"IMF.STA:FFS(1.0.2)","AFG.IM.COA.POGDP_PT.A","OBS_VALUE","Afghanistan, Islamic Republic of","Implicit fossil fuel subsidies","Coal","Percent of GDP","Annual","Units","1.034766228015025","1.170071941439971","1.368388916953623","1.619830825734986","1.625991159134155","1.679019905492515","1.957499080573168","2.05316965926637","1.767392659513456","1.88296451048899","1.849567151449922","","","","","","","","","",""
"IMF.STA:FFS(1.0.2)","COM.IM.COA.POGDP_PT.A","OBS_VALUE","Comoros, Union of the","Implicit fossil fuel subsidies","Coal","Percent of GDP","Annual","Units","0","0","0","0","0","0","0","0","0","0","0","0","0","0","0","0","0","","","",""
"IMF.STA:FFS(1.0.2)","FRA.IM.COA.POGDP_PT.A","OBS_VALUE","France","Implicit fossil fuel subsidies","Coal","Percent of GDP","Annual","Units","0.1753822262259865","0.1551296077676202","0.1634055688231983","0.1279512370250946","0.08616063778184993","0.07623207860900042","0.1157177549501585","0.06347847364762879","0.05108772559199259","0.08124156617235689","0.0847626542171028","0.08069783053908702","0.07986707054956133","0.07827738361500857","0.07684248760376805","0.07533954883629739","0.07440794203849457","","","",""
"IMF.STA:FFS(1.0.2)","DNK.IM.COA.POGDP_PT.A","OBS_VALUE","Denmark","Implicit fossil fuel subsidies","Coal","Percent of GDP","Annual","Units","0.2261254520930756","0.2440721971891009","0.1924471376104975","0.1614388474042322","0.08880858370281636","0.06754952892505555","0.08145664865053337","0.03164937956307653","0.03216201783723399","0.03885066512612044","0.03698267472064196","0.03492308234249939","0.03396810412607543","0.03295552866399494","0.03186431078860682","0.03116386511644431","0.03062048168142891","","","",""
"IMF.STA:FFS(1.0.2)","MDA.IM.COA.POGDP_PT.A","OBS_VALUE","Moldova, Republic of","Implicit fossil fuel subsidies","Coal","Percent of GDP","Annual","Units","1.32512944527787","0.9684343536224243","1.094022553538273","0.8527819466814623","1.091624305690516","0.8335718495114834","0.8306158528107269","0.7059450143475678","0.6737198601819674","0.666907810807373","0.6643633241026589","0.648719607326267","0.6282050411976989","0.6113184576308325","0.594611765637736","0.5712605009290372","0.5457374306231372","","","",""
"IMF.STA:FFS(1.0.2)","CAF.IM.COA.POGDP_PT.A","OBS_VALUE","Central African Republic","Implicit fossil fuel subsidies","Coal","Percent of GDP","Annual","Units","0","0","0","0","0","0","0","0","0","0","0","0","0","0","0","0","0","","","",""
"IMF.STA:FFS(1.0.2)","PER.IM.COA.POGDP_PT.A","OBS_VALUE","Peru","Implicit fossil fuel subsidies","Coal","Percent of GDP","Annual","Units","0.8137363885377596","0.7347246863161958","0.6627904361222638","0.7462533870109071","0.8442594265612259","0.4828564333583858","0.6878358380277388","0.6876149115018947","0.6258750990935517","0.6280641515314708","0.587276425900514","0.5411334995495875","0.5480667466100271","0.5416178162251075","0.5360981382599315","0.5316087689185698","0.5217704712088328","","","",""
"IMF.STA:FFS(1.0.2)","BEN.IM.COA.POGDP_PT.A","OBS_VALUE","Benin","Implicit fossil fuel subsidies","Coal","Percent of GDP","Annual","Units","0.06128219838350229","0.1152333377673212","0.1036360487435306","0","0.126632009888769","0.1316588944395581","0.1364044631614821","0.1479703083761016","0.1303619820540304","0.1357908655476143","0.1343799071348159","0.1241068805506125","0.1199634290185873","0.1167891435779813","0.1135140509718658","0.1103969037751648","0.1073462644359918","","","",""
"IMF.STA:FFS(1.0.2)","JOR.IM.COA.POGDP_PT.A","OBS_VALUE","Jordan","Implicit fossil fuel subsidies","Coal","Percent of GDP","Annual","Units","0.1661090813038165","0.2077282117048199","0.1521266236920431","0.1873414018348432","0.19225724717994","0.1569165676587239","0.1593986535926045","0.1588413710111956","0.1576577108434635","0.1689802967289412","0.1770298460467391","0.1741510898188212","0.1711679570035904","0.1692536037527087","0.1672595255414294","0.165233602801969","0.1631912048719899","","","",""
"IMF.STA:FFS(1.0.2)","UKR.IM.COA.POGDP_PT.A","OBS_VALUE","Ukraine","Implicit fossil fuel subsidies","Coal","Percent of GDP","Annual","Units","17.61205735747449","17.60626656952829","12.06939333656126","13.98299309702419","10.78076751872978","9.013491187417945","6.715915706836307","4.06851364208289","3.742859071751397","3.570519340341095","3.981772867754965","4.232436260736374","4.307842642573312","4.35033752427241","4.421440513910048","4.460147675248236","4.450545717542388","","","",""
"IMF.STA:FFS(1.0.2)","DJI.IM.COA.POGDP_PT.A","OBS_VALUE","Djibouti","Implicit fossil fuel subsidies","Coal","Percent of GDP","Annual","Units","0","0","0","0","0","0","0","0","0","0","0","0","0","0","0","0","0","","","",""
"IMF.STA:FFS(1.0.2)","SAU.IM.COA.POGDP_PT.A","OBS_VALUE","Saudi Arabia","Implicit fossil fuel subsidies","Coal","Percent of GDP","Annual","Units","0","0","0","0","0","0","0","0","0","0","0","0","0","0","0","0","0","","","",""
"IMF.STA:FFS(1.0.2)","ZAF.IM.COA.POGDP_PT.A","OBS_VALUE","South Africa","Implicit fossil fuel subsidies","Coal","Percent of GDP","Annual","Units","10.74434066406625","11.71968879194478","10.887558159299","10.0901513582495","10.34345362266166","11.25377045581179","8.977521064673258","8.782437764484701","9.514554829996694","9.485483868060237","8.873178851055188","8.186340364562857","8.167212768555217","7.9917946148444","7.674257884033679","7.349276739319459","6.973156940920498","","","",""
"IMF.STA:FFS(1.0.2)","HTI.IM.COA.POGDP_PT.A","OBS_VALUE","Haiti","Implicit fossil fuel subsidies","Coal","Percent of GDP","Annual","Units","0","0","0","0","0","0","0","0","0","0","0","0","0","0","0","0","0","","","",""
"IMF.STA:FFS(1.0.2)","AUS.IM.COA.POGDP_PT.A","OBS_VALUE","Australia","Implicit fossil fuel subsidies","Coal","Percent of GDP","Annual","Units","1.108230056808644","1.147629907805858","1.05888243888076","1.022678849919051","1.113205598415423","1.050677266011472","0.8628299512399741","0.3182405978071807","0.2003366417923311","0.1517349797710405","0.1467456242565405","0.1436813192592347","0.1598665459673176","0.182930654029747","0.2182115482571462","0.2621676399913165","0.2517859888622938","","","",""
"IMF.STA:FFS(1.0.2)","BLZ.IM.COA.POGDP_PT.A","OBS_VALUE","Belize","Implicit fossil fuel subsidies","Coal","Percent of GDP","Annual","Units","0","0","0","0","0","0","0","0","0","0","0","0","0","0","0","0","0","","","",""
"IMF.STA:FFS(1.0.2)","BTN.IM.COA.POGDP_PT.A","OBS_VALUE","Bhutan","Implicit fossil fuel subsidies","Coal","Percent of GDP","Annual","Units","2.65367279718336","2.803526591225338","2.950502675317028","2.621411805183017","2.286746056997409","2.064916480608297","2.963452614454517","2.963835093993981","3.002744267323874","3.145646948031028","3.189616488810827","3.019530370529038","2.838515184176982","2.703171103947518","2.564767690037658","2.42610038584227","2.313382423076012","","","",""
"IMF.STA:FFS(1.0.2)","CRI.IM.COA.POGDP_PT.A","OBS_VALUE","Costa Rica","Implicit fossil fuel subsidies","Coal","Percent of GDP","Annual","Units","0.0008825517777582374","0.0003893718834297033","0.00651319022686519","0.0003977223545621121","0.0002744347570057537","0.000132181477396832","0.01797242480535475","0.0166569386617042","0.01354912326900493","0.01373349795998443","0.01419283521464021","0.01367177595709514","0.01327505882007505","0.01297130111207265","0.01268353107751648","0.01241414661098356","0.0121236194684926","","","",""
"IMF.STA:FFS(1.0.2)","IND.IM.COA.POGDP_PT.A","OBS_VALUE","India","Implicit fossil fuel subsidies","Coal","Percent of GDP","Annual","Units","6.699026547591031","6.459105741338415","6.07731346634029","6.73831494580565","6.511731789001661","6.279573686454315","6.105913687540413","5.582366958162209","5.479119197443838","5.434469577452523","6.051711961789291","6.11194529436881","6.107815830085143","6.157649654596418","6.218497024460586","6.302614142732837","6.205003531777612","","","",""
"IMF.STA:FFS(1.0.2)","CAN.IM.COA.POGDP_PT.A","OBS_VALUE","Canada","Implicit fossil fuel subsidies","Coal","Percent of GDP","Annual","Units","0.3372107334076247","0.3392577093436861","0.3336764967499681","0.2663997965191281","0.2489393669272141","0.2235914506506186","0.1714788315264914","0.07811507940660004","0.05080893384606584","0.02924281197804202","0.03022628668976825","0.02965276843482161","0.02968732924946815","0.02939174278105452","0.02866479128189618","0.0281843201249177","0.02747953882857411","","","",""
"IMF.STA:FFS(1.0.2)","LKA.IM.COA.POGDP_PT.A","OBS_VALUE","Sri Lanka","Implicit fossil fuel subsidies","Coal","Percent of GDP","Annual","Units","0.6290002010204269","0.6711121009822838","0.6626455659158501","0.6830829114471994","0.8121943255930328","0.8709773494870654","0.8415871232048233","0.792281224392888","0.8054204880713552","0.7376536546137925","","","","","","","","","","",""
"IMF.STA:FFS(1.0.2)","ARE.IM.COA.POGDP_PT.A","OBS_VALUE","United Arab Emirates","Implicit fossil fuel subsidies","Coal","Percent of GDP","Annual","Units","0.181641095285355","0.2004237449826912","0.2239184960539835","0.19191766701692","0.186012951999433","0.2481374908994697","0.2647961523486043","0.1943604037880045","0.2063060008749112","0.2197557018469604","0.2416942905817319","0.233709606568732","0.2339166628157301","0.2300881615676789","0.2254559580061842","0.22094243942485","0.2162487812221793","","","",""
"IMF.STA:FFS(1.0.2)","MOZ.IM.COA.POGDP_PT.A","OBS_VALUE","Mozambique, Republic of","Implicit fossil fuel subsidies","Coal","Percent of GDP","Annual","Units","0","0.002731283059242511","0.01070956478420293","0.0300767565311439","0.02154044848900147","0.04322155997711061","0.0124066160322646","0.01220738518776788","0.01093395438458596","0.01045923646517324","0.01125226263106025","0.01117774989903503","0.01130846944016706","0.01161695348433998","0.01166287665389729","0.01061214077681009","0.009584070408837023","","","",""
"IMF.STA:FFS(1.0.2)","CHL.IM.COA.POGDP_PT.A","OBS_VALUE","Chile","Implicit fossil fuel subsidies","Coal","Percent of GDP","Annual","Units","0.8392672729498567","0.873874148181799","0.7691042894162631","0.6893940039996488","0.8489626657527362","0.8662369758483699","0.6156442437486857","0.395190315867901","0.4505543274444783","0.4518525412569131","0.490304189840238","0.4586094719489453","0.4257930446797096","0.4162268509580711","0.4135249993577901","0.4068365197994588","0.3887145394161562","","","",""
"IMF.STA:FFS(1.0.2)","GMB.IM.COA.POGDP_PT.A","OBS_VALUE","Gambia, The","Implicit fossil fuel subsidies","Coal","Percent of GDP","Annual","Units","0","0","0","0","0","0","0","0","0","0","0","0","0","0","0","0","0","","","",""
"IMF.STA:FFS(1.0.2)","BIH.IM.COA.POGDP_PT.A","OBS_VALUE","Bosnia and Herzegovina","Implicit fossil fuel subsidies","Coal","Percent of GDP","Annual","Units","14.18949856728549","14.65824835591053","14.06607980545679","10.24891015693471","8.835829479516659","8.575238610568287","8.125129447245812","8.207344630469918","7.516948176272008","7.153354573456007","6.516350400390169","5.838534435736094","5.123449728038423","4.761504403576622","4.37356566178963","4.006733421954532","3.694684304228","","","",""
"IMF.STA:FFS(1.0.2)","USA.IM.COA.POGDP_PT.A","OBS_VALUE","United States","Implicit fossil fuel subsidies","Coal","Percent of GDP","Annual","Units","0.733917009565455","0.6490452121521518","0.6442050698293401","0.5921504352740841","0.468172831676917","0.4138834132426366","0.4282367113229775","0.4231471475286514","0.3796351998274095","0.3458307336416021","0.288465762897513","0.2823600129860163","0.2786513136971487","0.2673854166516767","0.2559921244691492","0.2458344438445003","0.2288004825190281","","","",""
"IMF.STA:FFS(1.0.2)","THA.IM.COA.POGDP_PT.A","OBS_VALUE","Thailand","Implicit fossil fuel subsidies","Coal","Percent of GDP","Annual","Units","1.608873719530122","1.560282371898752","1.510065999168068","1.425720399734931","1.453254247310624","1.763073430800221","1.784002092545137","1.971513165576982","1.818788589717261","1.791758593057098","1.704657586441475","1.680359495670867","1.689352821100043","1.651997650003553","1.615114984525667","1.590590402640406","1.527928222846302","","","",""
"IMF.STA:FFS(1.0.2)","DEU.IM.COA.POGDP_PT.A","OBS_VALUE","Germany","Implicit fossil fuel subsidies","Coal","Percent of GDP","Annual","Units","0.9152361151713646","0.8221004247313563","0.7281913217970939","0.6018944425061622","0.4305383434456375","0.3402812855275556","0.365116523850013","0.09103097401045856","0.06695761443202051","0.1284895939320804","0.1280005679196347","0.1134301396518564","0.1005137565077713","0.09322980298884936","0.08643111801613946","0.08061211813109667","0.07563811328190382","","","",""
"IMF.STA:FFS(1.0.2)","PAK.IM.COA.POGDP_PT.A","OBS_VALUE","Pakistan","Implicit fossil fuel subsidies","Coal","Percent of GDP","Annual","Units","1.376157879395376","1.622132293752623","2.145560759658855","2.650303004150523","2.76211476232819","3.203190777380892","2.487964023727009","2.101614520572048","2.388656942358343","2.413255400629886","2.444654662840945","","","","","","","","","",""
"IMF.STA:FFS(1.0.2)","ECU.IM.COA.POGDP_PT.A","OBS_VALUE","Ecuador","Implicit fossil fuel subsidies","Coal","Percent of GDP","Annual","Units","0","0","0","0","0","0","0","0","0","0","0","0","0","0","0","0","0","","","",""
"IMF.STA:FFS(1.0.2)","NPL.IM.COA.POGDP_PT.A","OBS_VALUE","Nepal","Implicit fossil fuel subsidies","Coal","Percent of GDP","Annual","Units","1.306709401714664","1.470419667438275","1.408567617744405","1.613992106977857","1.947434698833426","2.308331074137129","2.086244775232463","1.995454275483975","2.038547193255702","2.184410198957605","2.361347030876692","2.447933226618461","2.474628176217805","2.403416813833103","2.341508010593509","2.299277339932477","2.267075119140297","","","",""
"IMF.STA:FFS(1.0.2)","BEL.IM.COA.POGDP_PT.A","OBS_VALUE","Belgium","Implicit fossil fuel subsidies","Coal","Percent of GDP","Annual","Units","0.2655936545706518","0.2130470725534855","0.1979681385350451","0.1679151526066038","0.1442625251088742","0.1083609271226005","0.1069386330796992","0.04979388790736034","0.04028181597868407","0.05704147463003076","0.057022866210945","0.05392785076708031","0.05342129066854396","0.05318676861241629","0.05270391927106015","0.05232831972784543","0.05188598941134025","","","",""
"IMF.STA:FFS(1.0.2)","KWT.IM.COA.POGDP_PT.A","OBS_VALUE","Kuwait","Implicit fossil fuel subsidies","Coal","Percent of GDP","Annual","Units","0","0","0","0","0","0","0","0","0","0","0","0","0","0","0","0","0","","","",""
"IMF.STA:FFS(1.0.2)","LSO.IM.COA.POGDP_PT.A","OBS_VALUE","Lesotho, Kingdom of","Implicit fossil fuel subsidies","Coal","Percent of GDP","Annual","Units","4.961891573656432","4.875337842431758","5.392331231147985","4.905380347383782","5.313398233006123","5.559534668327883","8.641662682970353","10.38581185579474","10.56842157733591","10.42684069739594","10.10699749697678","10.00412603721178","9.858335182398578","9.722755931003429","9.575590547701228","9.394091393862662","9.175507841760675","","","",""
"IMF.STA:FFS(1.0.2)","MDV.IM.COA.POGDP_PT.A","OBS_VALUE","Maldives","Implicit fossil fuel subsidies","Coal","Percent of GDP","Annual","Units","0","0","0","0","0","0","0","0","0","0","0","0","0","0","0","0","0","","","",""
"IMF.STA:FFS(1.0.2)","AZE.IM.COA.POGDP_PT.A","OBS_VALUE","Azerbaijan, Republic of","Implicit fossil fuel subsidies","Coal","Percent of GDP","Annual","Units","0","0","0","0","0","0","0","0","0","0","0","0","0","0","0","0","0","","","",""
"IMF.STA:FFS(1.0.2)","MNG.IM.COA.POGDP_PT.A","OBS_VALUE","Mongolia","Implicit fossil fuel subsidies","Coal","Percent of GDP","Annual","Units","13.54229211921315","17.10048728427594","16.54281631336227","16.62262704295293","15.91694678537596","13.79982781467201","13.60748887759043","13.33378336962555","12.28658159286672","11.05568076212426","10.66319508311458","9.792239865502418","9.182169595090802","8.76619939145256","8.399180000473251","8.029419230245963","7.683242234479757","","","",""
"IMF.STA:FFS(1.0.2)","AUT.IM.COA.POGDP_PT.A","OBS_VALUE","Austria","Implicit fossil fuel subsidies","Coal","Percent of GDP","Annual","Units","0.1968805708366144","0.1747555899442611","0.1666582792426536","0.1268062444786586","0.1230364871710954","0.09822951078991099","0.08623437272845821","0.01528077265098503","0.01002102027432546","0.03719121907047425","0.03732103523592888","0.03620088372969291","0.03632541477861834","0.03642449542975499","0.03648352717339792","0.03657729503676095","0.0366694051073169","","","",""
"IMF.STA:FFS(1.0.2)","ITA.IM.COA.POGDP_PT.A","OBS_VALUE","Italy","Implicit fossil fuel subsidies","Coal","Percent of GDP","Annual","Units","0.2519790623444076","0.2114230650014434","0.1822330278118009","0.1591104998220206","0.1120390688974598","0.08690128539210176","0.08479206456849738","0.03359701237065841","0.0147221437818712","0.06563324353969226","0.06519914111445918","0.05977765545151632","0.05857948042953101","0.05639354542550376","0.05431038288980562","0.05285637774194015","0.05168468853853897","","","",""
"IMF.STA:FFS(1.0.2)","ISR.IM.COA.POGDP_PT.A","OBS_VALUE","Israel","Implicit fossil fuel subsidies","Coal","Percent of GDP","Annual","Units","0.7254935784777148","0.5863841901653127","0.4874974048655732","0.4527772550263829","0.4577759978754396","0.3894400966060107","0.3032161609500425","0.3958602633162518","0.4468928457463658","0.1921471664221217","0.2249703370468771","0.1028865669708548","0.04151359250679942","0.009583673905459134","0.00501881591013207","0.004508466972845383","0.004485066999694244","","","",""
"IMF.STA:FFS(1.0.2)","MEX.IM.COA.POGDP_PT.A","OBS_VALUE","Mexico","Implicit fossil fuel subsidies","Coal","Percent of GDP","Annual","Units","0.541758176855488","0.4664996722329377","0.52805886051791","0.4266254484930216","0.3942679955028386","0.3652085553759648","0.2308496398905493","1.260298635483115","1.140106777982295","1.159855888366634","1.540388871606881","1.400866455662171","1.394271870537484","1.355255005384227","1.308390829449693","1.265848274146746","1.214127775952068","","","",""
"IMF.STA:FFS(1.0.2)","COL.IM.COA.POGDP_PT.A","OBS_VALUE","Colombia","Implicit fossil fuel subsidies","Coal","Percent of GDP","Annual","Units","1.3231186812855","1.482027257961779","1.411570717455124","1.389602724505916","1.544472710079597","1.752868112086043","1.516565826093973","2.041343294075074","1.875560773324141","1.626087751458022","1.61641354405849","1.389879093240656","1.370607764899063","1.341511543616093","1.314505626114316","1.289422831006734","1.267354227730621","","","",""
"IMF.STA:FFS(1.0.2)","TTO.IM.COA.POGDP_PT.A","OBS_VALUE","Trinidad and Tobago","Implicit fossil fuel subsidies","Coal","Percent of GDP","Annual","Units","0","0","0","0","0","0","0","0","0","0","0","0","0","0","0","0","0","","","",""
"IMF.STA:FFS(1.0.2)","OMN.IM.COA.POGDP_PT.A","OBS_VALUE","Oman","Implicit fossil fuel subsidies","Coal","Percent of GDP","Annual","Units","0","0","0","0","0","0","0","0","0","0","0","0","0","0","0","0","0","","","",""
"IMF.STA:FFS(1.0.2)","CHE.IM.COA.POGDP_PT.A","OBS_VALUE","Switzerland","Implicit fossil fuel subsidies","Coal","Percent of GDP","Annual","Units","0.01020957261733074","0.00863155863617075","0.007127614900190563","0.006571296321718632","0.00567277472226302","0.005668349443507252","0.004961889321810824","0.001091707866470705","0.001202042384919469","0.00302175557847559","0.002992094277655479","0.002813929964803479","0.002785021345066951","0.002758956532767435","0.002732513341634874","0.002700472368980644","0.002682735455278035","","","",""
"IMF.STA:FFS(1.0.2)","AGO.IM.COA.POGDP_PT.A","OBS_VALUE","Angola","Implicit fossil fuel subsidies","Coal","Percent of GDP","Annual","Units","0","0","0","0","0","0","0","0","0","0","0","0","0","0","0","0","0","","","",""
"IMF.STA:FFS(1.0.2)","RWA.IM.COA.POGDP_PT.A","OBS_VALUE","Rwanda","Implicit fossil fuel subsidies","Coal","Percent of GDP","Annual","Units","0.0336390537305817","0.05162241970256046","0.09020048584642766","0.1127105986694025","0.09093477433146031","0.1021578061147629","0.1101372871335656","0.2647308745386031","0.2484022712872048","0.2477703998005127","0.1962353873476631","0.223517583191791","0.2509697902739506","0.265524838987669","0.2697883026149368","0.2712291362998807","0.2696345043166295","","","",""
"IMF.STA:FFS(1.0.2)","TKM.IM.COA.POGDP_PT.A","OBS_VALUE","Turkmenistan","Implicit fossil fuel subsidies","Coal","Percent of GDP","Annual","Units","0","0","0","0","0","0","0","0","0","0","0","0","0","0","0","0","0","","","",""
"IMF.STA:FFS(1.0.2)","SDN.IM.COA.POGDP_PT.A","OBS_VALUE","Sudan","Implicit fossil fuel subsidies","Coal","Percent of GDP","Annual","Units","0","0","0","0","0","0","0","0","0","0","0","0","0","0","0","0","0","","","",""
"IMF.STA:FFS(1.0.2)","GBR.IM.COA.POGDP_PT.A","OBS_VALUE","United Kingdom","Implicit fossil fuel subsidies","Coal","Percent of GDP","Annual","Units","0.2991131196794227","0.2250482497512241","0.205081840757121","0.1628354014033265","0.1244586130808974","0.1142331285169337","0.1046884745269909","0.08289321083383443","0.08013308423513521","0.08979779741849198","0.09013440115140852","0.08594711240830523","0.08304672012527859","0.08056702447489834","0.07799340231726011","0.07504468282879717","0.07217477897902578","","","",""
"IMF.STA:FFS(1.0.2)","BHS.IM.COA.POGDP_PT.A","OBS_VALUE","Bahamas, The","Implicit fossil fuel subsidies","Coal","Percent of GDP","Annual","Units","0.003410935474014461","0.00347712181528964","0.003383925562218078","0.003376144510305527","0.003334744297833015","0.004459571055024156","0.003940646062382098","0.003477884492916","0.003171467810410106","0.003351212276203203","0.003474006333326024","0.003429761665373916","0.00337446320818704","0.003332689309929105","0.003287044780470866","0.003234887232780089","0.003181866919805382","","","",""
"IMF.STA:FFS(1.0.2)","CZE.IM.COA.POGDP_PT.A","OBS_VALUE","Czech Republic","Implicit fossil fuel subsidies","Coal","Percent of GDP","Annual","Units","4.670252733073549","4.429350902592628","4.099498974506532","3.450617733606615","2.578193431924316","2.261612635445356","2.041316007383428","1.026816872971143","0.8281848471052349","1.156922297352409","1.198682070090039","1.102446479630289","1.081227264372541","1.044429051730936","1.004326754505524","0.9753297759148968","0.9454076429776949","","","",""
"IMF.STA:FFS(1.0.2)","ARM.IM.COA.POGDP_PT.A","OBS_VALUE","Armenia, Republic of","Implicit fossil fuel subsidies","Coal","Percent of GDP","Annual","Units","0.03016202363290398","0.0262541470180726","0.01430312613750203","0.04562374297155744","0.09864503255455092","0.2640619597488975","0.3849354009021891","0.2668902857086047","0.2288077228209753","0.2404402265050168","0.2350688001630454","0.224076302183609","0.220781524063748","0.2180427478696947","0.2121818779968483","0.2055418192927951","0.1991280297934369","","","",""
"IMF.STA:FFS(1.0.2)","SVK.IM.COA.POGDP_PT.A","OBS_VALUE","Slovak Republic","Implicit fossil fuel subsidies","Coal","Percent of GDP","Annual","Units","3.678388880872077","2.735785199247424","2.909613948385363","2.830926268216548","2.53333992567915","1.717091859745599","1.813461882503115","1.579631455960959","1.380690982635689","1.627950565633708","1.607287939671402","1.509438255989077","1.473994567075767","1.435914238294242","1.406924165100228","1.3812001747503","1.360821341185215","","","",""
"IMF.STA:FFS(1.0.2)","VNM.IM.COA.POGDP_PT.A","OBS_VALUE","Vietnam","Implicit fossil fuel subsidies","Coal","Percent of GDP","Annual","Units","3.351062242540347","3.678533405023985","3.545081156369532","4.699552742757053","5.840877418805751","6.459071133701572","6.025434344167711","4.697880515370585","3.710175314840718","3.413683428134893","3.255159356138105","3.050025529730069","2.842058797280152","2.694659569803997","2.570874457920471","2.468645743136741","2.403110338886856","","","",""
"IMF.STA:FFS(1.0.2)","FIN.IM.COA.POGDP_PT.A","OBS_VALUE","Finland","Implicit fossil fuel subsidies","Coal","Percent of GDP","Annual","Units","0.5867529866291648","0.5957991186104487","0.5019677118889064","0.4738600913551772","0.4026222972226817","0.1996838473061774","0.2024072639924059","0.03934525525265615","0.03709847309652073","0.06726626966603201","0.07110668192928235","0.07030795101220895","0.06591912502412572","0.06561566783809946","0.06622536601265123","0.0664148320097038","0.06654729134678887","","","",""
"IMF.STA:FFS(1.0.2)","CIV.IM.COA.POGDP_PT.A","OBS_VALUE","Côte d'Ivoire","Implicit fossil fuel subsidies","Coal","Percent of GDP","Annual","Units","0","0","0","0","0","0","0","0","0","0","0","0","0","0","0","0","0","","","",""
"IMF.STA:FFS(1.0.2)","IDN.IM.COA.POGDP_PT.A","OBS_VALUE","Indonesia","Implicit fossil fuel subsidies","Coal","Percent of GDP","Annual","Units","1.947769960773393","2.137247008639143","2.101312678948418","2.684648835031376","3.523313137883636","3.467882110227091","3.35566078890404","2.781785291322649","2.695398935371759","2.746669485560478","2.875319430125148","2.817802858901983","2.695513057931091","2.591303252293247","2.492965520091005","2.396447979542667","2.304872984242358","","","",""
"IMF.STA:FFS(1.0.2)","COG.IM.COA.POGDP_PT.A","OBS_VALUE","Congo, Republic of","Implicit fossil fuel subsidies","Coal","Percent of GDP","Annual","Units","0","0","0","0","0","0","0","0","0","0","0","0","0","0","0","0","0","","","",""
"IMF.STA:FFS(1.0.2)","UGA.IM.COA.POGDP_PT.A","OBS_VALUE","Uganda","Implicit fossil fuel subsidies","Coal","Percent of GDP","Annual","Units","0.04865574506738131","0.05210097189500921","0.05614594554502319","0.05253203655198547","0.05229977723316449","0.06364144882593352","0.06660336538781637","0.06385362565595043","0.05783748152009408","0.0597505327927763","0.05803343165281325","0.05504998597861594","0.05305706511065871","0.05139812387828259","0.04976678030888313","0.04859586498068569","0.04755180267039744","","","",""
"IMF.STA:FFS(1.0.2)","CPV.IM.COA.POGDP_PT.A","OBS_VALUE","Cabo Verde","Implicit fossil fuel subsidies","Coal","Percent of GDP","Annual","Units","0","0","0","0","0","0","0","0","0","0","0","0","0","0","0","0","0","","","",""
"IMF.STA:FFS(1.0.2)","GIN.IM.COA.POGDP_PT.A","OBS_VALUE","Guinea","Implicit fossil fuel subsidies","Coal","Percent of GDP","Annual","Units","0","0","0","0","0","0","0","0","0","0","0","0","0","0","0","0","0","","","",""
"IMF.STA:FFS(1.0.2)","GTM.IM.COA.POGDP_PT.A","OBS_VALUE","Guatemala","Implicit fossil fuel subsidies","Coal","Percent of GDP","Annual","Units","0.5497236484788709","0.6131032572148355","0.4760879336294604","0.5553766430829812","0.5296863865533759","0.3407864343446068","0.3982883204303431","0.3461653722065545","0.5824558608537395","0.5969057469951546","0.2937727290456822","0.414999578233117","0.3964824426770221","0.3671593197373214","0.4078370804539615","0.3632727026850389","0.3369995681122626","","","",""
"IMF.STA:FFS(1.0.2)","PNG.IM.COA.POGDP_PT.A","OBS_VALUE","Papua New Guinea","Implicit fossil fuel subsidies","Coal","Percent of GDP","Annual","Units","0","0","0","0","0","0","0","0","0","0","0","0","0","0","0","0","0","","","",""
"IMF.STA:FFS(1.0.2)","BFA.IM.COA.POGDP_PT.A","OBS_VALUE","Burkina Faso","Implicit fossil fuel subsidies","Coal","Percent of GDP","Annual","Units","0","0","0","0","0","0","0","0","0","0","0","0","0","0","0","0","0","","","",""
"IMF.STA:FFS(1.0.2)","GHA.IM.COA.POGDP_PT.A","OBS_VALUE","Ghana","Implicit fossil fuel subsidies","Coal","Percent of GDP","Annual","Units","0","0","0","0","0","0","0","0","0","0","0","0","0","0","0","0","0","","","",""
"IMF.STA:FFS(1.0.2)","BRA.IM.COA.POGDP_PT.A","OBS_VALUE","Brazil","Implicit fossil fuel subsidies","Coal","Percent of GDP","Annual","Units","0.3022889057502022","0.2801127357864953","0.271455094114655","0.2805847857149219","0.2803031797745923","0.3260500058209799","0.3696705072250638","0.4835746659287983","0.445418377814049","0.4472145535244418","0.4376280062185697","0.3641030046867867","0.3298245972666739","0.3052373043682486","0.2797656729799863","0.2571146071060303","0.2455851482810299","","","",""
"IMF.STA:FFS(1.0.2)","LCA.IM.COA.POGDP_PT.A","OBS_VALUE","St. Lucia","Implicit fossil fuel subsidies","Coal","Percent of GDP","Annual","Units","0","0","0","0","0","0","0","0","0","0","0","0","0","0","0","0","0","","","",""
"IMF.STA:FFS(1.0.2)","TJK.IM.COA.POGDP_PT.A","OBS_VALUE","Tajikistan, Republic of","Implicit fossil fuel subsidies","Coal","Percent of GDP","Annual","Units","1.753955475681668","2.674308460394778","3.085158938521759","3.585271755835725","3.720667133213046","4.119782839370498","3.909020204394596","3.518711588571497","3.073870487469637","2.620999042200638","2.203335726868796","1.75429097696632","1.551863652134715","1.397265203701023","1.304951484951325","1.238438046089293","1.182185667406295","","","",""
"IMF.STA:FFS(1.0.2)","KOR.IM.COA.POGDP_PT.A","OBS_VALUE","Korea, Republic of","Implicit fossil fuel subsidies","Coal","Percent of GDP","Annual","Units","1.573963318397363","1.442191004825624","1.382016800001953","1.09612064452802","1.050557759498222","1.005841856318813","0.9621719925561475","0.9989698927903213","1.167955598381449","1.343889328569411","1.375417095891829","1.306716285733308","1.290386439360056","1.251386344661252","1.228232991923339","1.222181123922358","1.151740226104388","","","",""
"IMF.STA:FFS(1.0.2)","IRN.IM.COA.POGDP_PT.A","OBS_VALUE","Iran, Islamic Republic of","Implicit fossil fuel subsidies","Coal","Percent of GDP","Annual","Units","0.0415643871329229","0.04636988842029719","0.04861386325012977","0.0752737349348488","0.1107452877608735","0.1338525632835889","0.1198834039802787","0.4166215263107613","0.5994460953348219","0.8677781988991367","1.93127825257057","2.589722978612383","2.590763536505363","2.503158182315708","2.405673203010955","2.307130425733363","2.211451045925795","","","",""
"IMF.STA:FFS(1.0.2)","SWE.IM.COA.POGDP_PT.A","OBS_VALUE","Sweden","Implicit fossil fuel subsidies","Coal","Percent of GDP","Annual","Units","0.0801577788455027","0.07315074202881106","0.07639907978281472","0.06963110320750242","0.06730084810658029","0.05278041219384795","0.04989987538747659","0.001690834866618734","0.001630261331475296","0.01287767781377587","0.0132845725682944","0.01265405309546411","0.01301170217393779","0.01330055675583139","0.01361855318987678","0.01387462801289451","0.01411317419956434","","","",""
"IMF.STA:FFS(1.0.2)","ETH.IM.COA.POGDP_PT.A","OBS_VALUE","Ethiopia, The Federal Democratic Republic of","Implicit fossil fuel subsidies","Coal","Percent of GDP","Annual","Units","0.1190291737040947","0.1338879366943543","0.1245774003246803","0.140060059824183","0.1346008785386867","0.1518737190280628","0.1945589394728512","0.1715052395787012","0.1282241638006431","0.1617767812194106","0.2336956285038472","0.2212436355796104","0.2009002981875686","0.1862897000926682","0.1715903922679117","0.1584667429155899","0.1460068788873579","","","",""
"IMF.STA:FFS(1.0.2)","SLB.IM.COA.POGDP_PT.A","OBS_VALUE","Solomon Islands","Implicit fossil fuel subsidies","Coal","Percent of GDP","Annual","Units","0","0","0","0","0","0","0","0","0","0","0","0","0","0","0","0","0","","","",""
"IMF.STA:FFS(1.0.2)","ISL.IM.COA.POGDP_PT.A","OBS_VALUE","Iceland","Implicit fossil fuel subsidies","Coal","Percent of GDP","Annual","Units","0.167578596120379","0","0","0","0","0","0","0","0","0","0","0","0","0","0","0","0","","","",""
"IMF.STA:FFS(1.0.2)","BDI.IM.COA.POGDP_PT.A","OBS_VALUE","Burundi","Implicit fossil fuel subsidies","Coal","Percent of GDP","Annual","Units","0.009533839750085845","0.08887865876938983","0.0428916218012503","0.03246291352323094","0.1085912239110308","0.05554333109020328","0.1010673294265071","0.09139574362625012","0.08327340782943198","0.08095267326151505","0.06204344207535383","0.05445788445393565","0.05032242858146534","0.05075513198057989","0.0514672683846632","0.05303972776236849","0.05284658009000824","","","",""
"IMF.STA:FFS(1.0.2)","TON.IM.COA.POGDP_PT.A","OBS_VALUE","Tonga","Implicit fossil fuel subsidies","Coal","Percent of GDP","Annual","Units","0","0","0","0","0","0","0","0","0","0","0","0","0","0","0","0","0","","","",""
"IMF.STA:FFS(1.0.2)","JPN.IM.COA.POGDP_PT.A","OBS_VALUE","Japan","Implicit fossil fuel subsidies","Coal","Percent of GDP","Annual","Units","0.8933845622704737","0.7676808553645533","0.799678676424935","0.7098515526014306","0.7050148867036299","0.7399668108200472","0.7574002424819594","0.9922822217560482","1.047013969400161","1.137101178142137","1.119068580793987","1.220574902439453","1.230555407203184","1.237521815845443","1.278138138238999","1.317324730809343","1.277670293705094","","","",""
"IMF.STA:FFS(1.0.2)","DOM.IM.COA.POGDP_PT.A","OBS_VALUE","Dominican Republic","Implicit fossil fuel subsidies","Coal","Percent of GDP","Annual","Units","0.3218690358869746","0.3261224326639046","0.3210459239075162","0.3182355674409451","0.4449012650483962","0.9025581207763193","0.7540380948099245","0.8567868012486075","0.80892249833013","0.799508617035099","0.8264535689273298","0.7667708242668817","0.7484422488173625","0.7470082727211185","0.7786667242714642","0.8227930801891911","0.7930675635110461","","","",""
"IMF.STA:FFS(1.0.2)","MUS.IM.COA.POGDP_PT.A","OBS_VALUE","Mauritius","Implicit fossil fuel subsidies","Coal","Percent of GDP","Annual","Units","1.2430872792206","1.240670128325402","1.215860597574391","1.129172381256534","1.085118423656622","1.321324459993622","1.498294269879816","2.055830907403976","2.086844938027335","2.080990850886567","2.06233451296471","1.960871761318369","1.839672479848298","1.736580877203101","1.643487257878569","1.555773993610282","1.467672721430131","","","",""
"IMF.STA:FFS(1.0.2)","MLT.IM.COA.POGDP_PT.A","OBS_VALUE","Malta","Implicit fossil fuel subsidies","Coal","Percent of GDP","Annual","Units","0","0","0","0","0","0","0","0","0","0","0","0","0","0","0","0","0","","","",""
"IMF.STA:FFS(1.0.2)","PAN.IM.COA.POGDP_PT.A","OBS_VALUE","Panama","Implicit fossil fuel subsidies","Coal","Percent of GDP","Annual","Units","0.03813521729723418","0.03203220689983723","0.008650362054822147","0.02083640421376219","0.08086538683254964","0.1024666767858666","0.08522071351800682","0.275949041063449","0.2766272433873106","0.3482320451841553","0.4586898839991923","0.4972516751617129","0.5121769944431094","0.5033541473678813","0.4874276120555713","0.4726842244185343","0.4458922608937495","","","",""
"IMF.STA:FFS(1.0.2)","MDG.IM.COA.POGDP_PT.A","OBS_VALUE","Madagascar, Republic of","Implicit fossil fuel subsidies","Coal","Percent of GDP","Annual","Units","0.6031837696360972","0.5674648387174366","0.4997343035187461","0.4338191485441932","0.4633846390538166","0.2249987185323061","0.4501111967816606","1.058927092429309","1.065053912561107","1.001333071256915","0.9391033116252993","0.8848721742004878","0.831809915678796","0.7749343003504522","0.7215574623725908","0.6716757528971995","0.6280930819501488","","","",""
"IMF.STA:FFS(1.0.2)","ZMB.IM.COA.POGDP_PT.A","OBS_VALUE","Zambia","Implicit fossil fuel subsidies","Coal","Percent of GDP","Annual","Units","0.2643788975658493","0.3974940818397024","0.7476891150673314","1.026347295216304","1.03201481984297","1.552634803681711","1.160220944418274","1.344866025949584","1.524980904132964","1.826342757785522","1.737364077243966","1.356633971941943","1.416531830657335","1.482980815087878","1.433420086972456","1.436784181705076","1.404102089369247","","","",""
"IMF.STA:FFS(1.0.2)","GEO.IM.COA.POGDP_PT.A","OBS_VALUE","Georgia","Implicit fossil fuel subsidies","Coal","Percent of GDP","Annual","Units","0.5700676400956503","0.5099191745209674","0.5527232465532563","0.5705312933938548","0.5231848967166443","0.4320917949873066","0.4107829659944761","0.3285863627494634","0.2675041716914488","0.2690719916647037","0.2656781957814746","0.2474452981601575","0.2351550326635035","0.2241658519793002","0.2132732887941325","0.2021443168434701","0.1914954466518739","","","",""
"IMF.STA:FFS(1.0.2)","NOR.IM.COA.POGDP_PT.A","OBS_VALUE","Norway","Implicit fossil fuel subsidies","Coal","Percent of GDP","Annual","Units","0.05608026578497099","0.06192309696345239","0.05623574871147494","0.04734352522874601","0.05048856944525706","0.05093191851780032","0.04059915121430113","0.00238803257952579","0.00006452560493332087","0.02010947222340635","0.02073297000121444","0.01937194369101503","0.02017804319482286","0.0211193646593265","0.02203252335027479","0.02287822538104566","0.02365400588443957","","","",""
"IMF.STA:FFS(1.0.2)","TZA.IM.COA.POGDP_PT.A","OBS_VALUE","Tanzania, United Republic of","Implicit fossil fuel subsidies","Coal","Percent of GDP","Annual","Units","0.1391653535443675","0.132895339913337","0.1681086442655749","0.1665058497310931","0.187376992756923","0.1593959984388866","0.1816834200869277","0.1758919757896268","0.1641527337457053","0.1708248997415484","0.1660841964681573","0.161465231089282","0.156029220571682","0.1504080450297699","0.144910338745353","0.1395658447332132","0.1331153650549641","","","",""
"IMF.STA:FFS(1.0.2)","BHR.IM.COA.POGDP_PT.A","OBS_VALUE","Bahrain, Kingdom of","Implicit fossil fuel subsidies","Coal","Percent of GDP","Annual","Units","0","0","0","0","0","0","0","0","0","0","0","0","0","0","0","0","0","","","",""
"IMF.STA:FFS(1.0.2)","UZB.IM.COA.POGDP_PT.A","OBS_VALUE","Uzbekistan, Republic of","Implicit fossil fuel subsidies","Coal","Percent of GDP","Annual","Units","3.500587838459646","4.545368816038165","5.853737728221516","9.41178268102311","6.405994319904081","8.534488717995424","6.091512615275746","8.0315061396238","7.664888600846544","7.943866938538897","6.867681568727231","5.97305963502791","5.663203313866013","5.425604578082105","5.266306880125776","5.167819981655176","5.08894896653062","","","",""
"IMF.STA:FFS(1.0.2)","KGZ.IM.COA.POGDP_PT.A","OBS_VALUE","Kyrgyz Republic","Implicit fossil fuel subsidies","Coal","Percent of GDP","Annual","Units","8.328768509729526","9.234158778059017","8.220041820379561","9.215196806811568","7.743493197494126","7.019735159944149","6.340902700235261","5.722566925770976","5.22844992046216","3.936519521119716","3.448186055560615","2.998362202426869","2.726764502318366","2.546903528500777","2.649201349973535","2.825446867940449","2.962292751261626","","","",""
"IMF.STA:FFS(1.0.2)","SLE.IM.COA.POGDP_PT.A","OBS_VALUE","Sierra Leone","Implicit fossil fuel subsidies","Coal","Percent of GDP","Annual","Units","0","0","0","0","0","0","0","0","0","0","0","0","0","0","0","0","0","","","",""
"IMF.STA:FFS(1.0.2)","HRV.IM.COA.POGDP_PT.A","OBS_VALUE","Croatia, Republic of","Implicit fossil fuel subsidies","Coal","Percent of GDP","Annual","Units","0.5671294909269052","0.5806950965989806","0.446640689169241","0.3572510735062554","0.3328279454338339","0.3060339261697291","0.259760921661047","0.08115598157622612","0.06650333989650439","0.1040848755515952","0.09858120219947533","0.08959951998094665","0.08603511229546105","0.08378330089609888","0.08181089939081529","0.07980586684233969","0.07759369730379187","","","",""
"IMF.STA:FFS(1.0.2)","LBY.IM.COA.POGDP_PT.A","OBS_VALUE","Libya","Implicit fossil fuel subsidies","Coal","Percent of GDP","Annual","Units","0","0","0","0","0","0","0","0","0","0","0","0","0","0","0","0","0","","","",""
"IMF.STA:FFS(1.0.2)","BRB.IM.COA.POGDP_PT.A","OBS_VALUE","Barbados","Implicit fossil fuel subsidies","Coal","Percent of GDP","Annual","Units","0","0","0","0","0","0","0","0","0","0","0","0","0","0","0","0","0","","","",""
"IMF.STA:FFS(1.0.2)","LTU.IM.COA.POGDP_PT.A","OBS_VALUE","Lithuania, Republic of","Implicit fossil fuel subsidies","Coal","Percent of GDP","Annual","Units","1.419631303315095","1.382172008355531","1.262344651376037","1.326167828121527","1.022487824496665","0.59320281620254","0.6364738854667285","0.5415740973887979","0.4806047202089198","0.5471738542998538","0.5243656697573826","0.4787899145581476","0.4675511895821422","0.4530257146405562","0.4423354110067226","0.4264379477417675","0.4134544608778918","","","",""
"IMF.STA:FFS(1.0.2)","LVA.IM.COA.POGDP_PT.A","OBS_VALUE","Latvia, Republic of","Implicit fossil fuel subsidies","Coal","Percent of GDP","Annual","Units","0.3791541495399479","0.3334518312354189","0.2350976282414616","0.1974523805164613","0.1408730623487059","0.06619013181010559","0.06141274534456958","0.0497419287070905","0.04513987241180812","0.05494859999062927","0.05394912431244899","0.04987717533215747","0.0481683382160658","0.04690394851358298","0.04583843224663707","0.04463861954300863","0.04345338503984973","","","",""
"IMF.STA:FFS(1.0.2)","PHL.IM.COA.POGDP_PT.A","OBS_VALUE","Philippines","Implicit fossil fuel subsidies","Coal","Percent of GDP","Annual","Units","1.651804858572939","1.96220982632542","2.25920754347263","2.326458429592972","2.441735543844229","2.318547903974153","2.368347373980199","2.040080993139714","2.058683934582145","2.147832525755595","2.360016092162248","2.392989880590924","2.340710660451727","2.281917619993042","2.197097970147565","2.149192231418248","2.116273971781219","","","",""
"IMF.STA:FFS(1.0.2)","MLI.IM.COA.POGDP_PT.A","OBS_VALUE","Mali","Implicit fossil fuel subsidies","Coal","Percent of GDP","Annual","Units","0","0.1157465295485684","0.07482602141273242","0.0718221846687892","0.07741229220046996","0.07757133015709844","0.07247567899385434","0.08012631929992015","0.07403389172121331","0.0774065240211819","0.07634642527603823","0.07075430594943786","0.06849141412530879","0.06680389879109283","0.06515231312671899","0.06333748155754271","0.06155688162086074","","","",""
"IMF.STA:FFS(1.0.2)","NIC.IM.COA.POGDP_PT.A","OBS_VALUE","Nicaragua","Implicit fossil fuel subsidies","Coal","Percent of GDP","Annual","Units","0","0","0","0","0","0","0","0","0","0","0","0","0","0","0","0","0","","","",""
"IMF.STA:FFS(1.0.2)","BRN.IM.COA.POGDP_PT.A","OBS_VALUE","Brunei Darussalam","Implicit fossil fuel subsidies","Coal","Percent of GDP","Annual","Units","0","0","0","0","0.3406552267810927","1.402148253680367","1.254125501081207","0.6067439885174019","0.6796544370502383","0.7315634518574205","0.8231320225168422","0.7944900551990152","0.7582956798283958","0.7236323535954793","0.6983076207192491","0.6727446566742093","0.6492797728872819","","","",""
"IMF.STA:FFS(1.0.2)","TUR.IM.COA.POGDP_PT.A","OBS_VALUE","Türkiye, Republic of","Implicit fossil fuel subsidies","Coal","Percent of GDP","Annual","Units","5.548063489534645","5.876471196456966","6.047728397617904","5.472093587668681","6.456752708491305","7.369039516740096","6.774829883908367","7.465115447193429","6.249467723247651","5.189020349668017","4.732625801676032","4.692487050265208","4.7176690636849","4.522734499153968","4.381476151871692","4.292834891856583","4.177128836488636","","","",""
"IMF.STA:FFS(1.0.2)","ROU.IM.COA.POGDP_PT.A","OBS_VALUE","Romania","Implicit fossil fuel subsidies","Coal","Percent of GDP","Annual","Units","2.922940847550552","2.489345375921221","2.26864802051588","1.983011979506353","1.719828790310997","1.330202064632855","1.333463666122444","0.6385358520764827","0.5230463782970743","0.7180775868240982","0.605816785026468","0.5618489691430019","0.5633551427439685","0.5506190516702447","0.5581179414757852","0.5731862475650049","0.5314008971139098","","","",""
"IMF.STA:FFS(1.0.2)","MWI.IM.COA.POGDP_PT.A","OBS_VALUE","Malawi","Implicit fossil fuel subsidies","Coal","Percent of GDP","Annual","Units","0.1774452219996375","0.1922752125506636","0.1634478587534727","0.1797518523192025","0.1703301327760031","0.132555726667643","0.0771622421825394","0.08577368688053222","0.07979203522208568","0.1007108639353809","0.08691171806860663","0.07467071222941681","0.06683159155840631","0.06032908282994618","0.05509435180551744","0.05015689849501863","0.04903078230192789","","","",""
"IMF.STA:FFS(1.0.2)","URY.IM.COA.POGDP_PT.A","OBS_VALUE","Uruguay","Implicit fossil fuel subsidies","Coal","Percent of GDP","Annual","Units","0","0","0","0.00005216436050731416","0.00005592206649390819","0.00006647180717798424","0.00006009014740376567","0.00005249374703327869","0.00004708773826711165","0.00004956101753870876","0.00005129977204087402","0.00004682989256941665","0.0000456082289618758","0.0000449879497107923","0.00004415685155955431","0.00004285452944963264","0.00004166166176736524","","","",""
"IMF.STA:FFS(1.0.2)","POL.IM.COA.POGDP_PT.A","OBS_VALUE","Poland, Republic of","Implicit fossil fuel subsidies","Coal","Percent of GDP","Annual","Units","12.59025334123149","12.8355967160449","12.36690929551352","10.04073529891021","7.791979877122996","7.39506279843739","6.853515262767623","5.59483059296861","4.998345227339085","5.309561792133013","4.908578058236519","4.594833218536106","4.400640100983622","4.244990945617651","4.066501436720579","3.880374203545022","3.724606627482982","","","",""
"IMF.STA:FFS(1.0.2)","SEN.IM.COA.POGDP_PT.A","OBS_VALUE","Senegal","Implicit fossil fuel subsidies","Coal","Percent of GDP","Annual","Units","0.5699157137548388","0.6637881271493893","0.4516942512308976","0.5404175493220446","0.5387777281160013","0.4434631128547317","0.5914512234317829","0.5963619490462473","0.5965424336006623","0.6854800740450191","0.9549743091216002","1.002800320807339","1.049071577619014","1.051437339423448","1.052737563660452","1.050390123936274","1.016613881003337","","","",""
"IMF.STA:FFS(1.0.2)","COD.IM.COA.POGDP_PT.A","OBS_VALUE","Congo, Democratic Republic of the","Implicit fossil fuel subsidies","Coal","Percent of GDP","Annual","Units","0","0","0","0","0","0","0","0","0","0","0","0","0","0","0","0","0","","","",""
"IMF.STA:FFS(1.0.2)","MAR.IM.COA.POGDP_PT.A","OBS_VALUE","Morocco","Implicit fossil fuel subsidies","Coal","Percent of GDP","Annual","Units","1.426253255921648","1.397231017838043","1.460605045150152","1.570412892166461","2.038987969812194","2.326566375627169","2.154780505293058","1.393052962425857","1.133768931419273","0.8964443733994803","0.8092647120115701","0.7400864783380809","0.5949068286899809","0.5409433303515024","0.483826037122918","0.4382278474020706","0.4059079658163335","","","",""
"IMF.STA:FFS(1.0.2)","TCD.IM.COA.POGDP_PT.A","OBS_VALUE","Chad","Implicit fossil fuel subsidies","Coal","Percent of GDP","Annual","Units","0","0","0","0","0","0","0","0","0","0","0","0","0","0","0","0","0","","","",""
"IMF.STA:FFS(1.0.2)","CYP.IM.COA.POGDP_PT.A","OBS_VALUE","Cyprus","Implicit fossil fuel subsidies","Coal","Percent of GDP","Annual","Units","0.004663943616303829","0","0.003529852381404523","0.0126654665957248","0.01413416192253091","0.01096366796370791","0.02815433681149521","0","0","0.01115687401579868","0.01143278183917454","0.01133245756334767","0.01172205626890729","0.01203702348724671","0.01228028170117147","0.01248131236725805","0.01263866318840007","","","",""
"IMF.STA:FFS(1.0.2)","LBN.IM.COA.POGDP_PT.A","OBS_VALUE","Lebanon","Implicit fossil fuel subsidies","Coal","Percent of GDP","Annual","Units","","","","","","","0.1571647685707496","0.1402728185880366","0.1635275033520556","0.1501201534913432","0.1386306544972473","","","","","","","","","",""
"IMF.STA:FFS(1.0.2)","BGR.IM.COA.POGDP_PT.A","OBS_VALUE","Bulgaria","Implicit fossil fuel subsidies","Coal","Percent of GDP","Annual","Units","6.951611152119399","6.110537857470142","6.110964194291958","4.615154897336175","3.709954769854712","2.838032732861719","3.237203991252507","2.017129774373447","1.454963283126906","1.999237473864244","1.728539733156951","1.489117644606536","1.360984832925546","1.300406334196777","1.256179419182218","1.211557696510931","1.171365578548802","","","",""
"IMF.STA:FFS(1.0.2)","PRT.IM.COA.POGDP_PT.A","OBS_VALUE","Portugal","Implicit fossil fuel subsidies","Coal","Percent of GDP","Annual","Units","0.5029210143865508","0.437165027174808","0.4799420079291524","0.3408853231122935","0.1498626078128719","0.07089806899980355","0.02301273948714919","0.0004595374811990156","0.0003233077343729799","0.04963237240910764","0.04323016859002417","0.04161541232176225","0.03978027188609416","0.0378439717175193","0.03645937464860901","0.03533609581374142","0.03416733646907119","","","",""
"IMF.STA:FFS(1.0.2)","SRB.IM.COA.POGDP_PT.A","OBS_VALUE","Serbia, Republic of","Implicit fossil fuel subsidies","Coal","Percent of GDP","Annual","Units","14.98893552189022","15.81190805431865","14.29633690199876","12.73287770859476","11.14492790295862","11.5092656321942","8.12929488769433","8.486896168795114","7.175538896538159","6.488657555531004","6.40749330950221","5.65733679722421","5.179463598666333","4.808219377375499","4.408980017453742","4.085841278957898","3.84967564370734","","","",""
"IMF.STA:FFS(1.0.2)","MKD.IM.COA.POGDP_PT.A","OBS_VALUE","North Macedonia, Republic of","Implicit fossil fuel subsidies","Coal","Percent of GDP","Annual","Units","4.451640347919027","4.0019285839152","4.015362312192575","3.451054641811267","3.955563793871777","2.916259360295247","2.363592220222718","1.491307309803247","1.477885050761845","1.668366869462466","1.397081553974646","1.269532380401","1.328341646815592","1.169881509959235","1.239271717699363","1.329929303775359","1.268194873547364","","","",""
"IMF.STA:FFS(1.0.2)","BLR.IM.COA.POGDP_PT.A","OBS_VALUE","Belarus, Republic of","Implicit fossil fuel subsidies","Coal","Percent of GDP","Annual","Units","3.409860729034678","3.664302874322929","3.368709371403078","3.489559567757697","2.882061919390926","2.328304588179988","2.369958865124907","2.06376635296203","2.084021018131398","1.986895983062061","1.736871815964772","1.579357147167009","1.498132593453833","1.421671226615799","1.335165381636481","1.256789537967586","1.18579855164439","","","",""
"IMF.STA:FFS(1.0.2)","IRL.IM.COA.POGDP_PT.A","OBS_VALUE","Ireland","Implicit fossil fuel subsidies","Coal","Percent of GDP","Annual","Units","0.440613886534381","0.4070221606863658","0.3181062731635583","0.2601398892856424","0.1972771212452487","0.1811389317433555","0.1474263973783767","0.1543555521802666","0.1480465599040228","0.1538172529070806","0.1384798095971997","0.1298305175421799","0.1270694254544987","0.1248669403197326","0.1232949352971902","0.1220471241143853","0.1206978921902536","","","",""
"IMF.STA:FFS(1.0.2)","YEM.IM.COA.POGDP_PT.A","OBS_VALUE","Yemen, Republic of","Implicit fossil fuel subsidies","Coal","Percent of GDP","Annual","Units","0.3045398952059861","0.2793668463695887","0.2571208638086513","0.2432696096441542","0.229946706401108","0.241881118870743","0.2578453139228172","0.2413867876958643","0.3044988178795478","0.3870943391168933","0.4323843697584345","0.4878821422048222","0.5386157568364681","0.5812197230981791","0.6189398621878013","0.6537054900575082","0.6834110370109795","","","",""
"IMF.STA:FFS(1.0.2)","NER.IM.COA.POGDP_PT.A","OBS_VALUE","Niger","Implicit fossil fuel subsidies","Coal","Percent of GDP","Annual","Units","0.1748011827016766","0.1766376942541757","0.1610440269639575","0.1388037859362054","0.1325685075073459","0.1500540974495152","0.1365118806352377","0.1536394382383078","0.1836212370768732","0.193135744904631","0.2112076591054714","0.2342574727000346","0.2699250522664465","0.3080645828919685","0.3375533791852925","0.3522699770149214","0.3597148791880854","","","",""
"IMF.STA:FFS(1.0.2)","RUS.IM.COA.POGDP_PT.A","OBS_VALUE","Russian Federation","Implicit fossil fuel subsidies","Coal","Percent of GDP","Annual","Units","8.42903300739747","8.071486623020323","5.626605519682948","5.909918617970435","5.70086869302573","6.760869918771707","5.967030960157281","5.12511161294544","6.295275789845312","7.342506896373775","6.529099195718926","6.829499444464876","7.913398750795116","8.374518211196598","8.681675854115685","8.924299477412882","8.987627990994574","","","",""
"IMF.STA:FFS(1.0.2)","BGD.IM.COA.POGDP_PT.A","OBS_VALUE","Bangladesh","Implicit fossil fuel subsidies","Coal","Percent of GDP","Annual","Units","0.7613902188076066","0.9396146744969853","1.195296036154242","1.083826387667568","1.195249453646758","1.221925514260684","1.097139662960617","1.17196430516231","1.341906786846689","1.806406121831309","2.345688179751513","2.504060586006801","2.681915035686749","2.772592069171005","2.771025657347462","2.764053577754467","2.743975464106192","","","",""
"IMF.STA:FFS(1.0.2)","EST.IM.COA.POGDP_PT.A","OBS_VALUE","Estonia, Republic of","Implicit fossil fuel subsidies","Coal","Percent of GDP","Annual","Units","3.043211373113415","3.391309240098588","3.212854519852143","2.347857643937355","1.108132931613357","0.6293663203145397","0.7431209443314211","0.008320494193987053","0.007080697601442697","0.1889085321391994","0.184989443064756","0.1723879231210768","0.1679900410572164","0.1602079160603814","0.155834653339072","0.1515147546377861","0.1464620892759053","","","",""
"IMF.STA:FFS(1.0.2)","SVN.IM.COA.POGDP_PT.A","OBS_VALUE","Slovenia, Republic of","Implicit fossil fuel subsidies","Coal","Percent of GDP","Annual","Units","0.8568587933975348","0.894681589811257","0.8490632856348208","0.7225343770535505","0.6139938001861124","0.5697931537288701","0.4636670902825739","0.03391909120399163","0.02984324368402323","0.1356671501716485","0.1449536482020459","0.1239129974343602","0.1165299314073198","0.1088815442101493","0.09753020498204327","0.09129720511884551","0.08365837004890582","","","",""
"IMF.STA:FFS(1.0.2)","NAM.IM.COA.POGDP_PT.A","OBS_VALUE","Namibia","Implicit fossil fuel subsidies","Coal","Percent of GDP","Annual","Units","0.006438300641390821","0.05495071618129191","0.05363899852907502","0.01700558357592345","0.04514419421069904","0.07012806933167538","0.04362953581890299","0.0881495304252207","0.07193828036885223","0.0718993489846963","0.06722004631116921","0.03228601792810276","0.01772236997374258","0.01049448433241955","0.006976930035171025","0","0","","","",""
"IMF.STA:FFS(1.0.2)","GNQ.IM.COA.POGDP_PT.A","OBS_VALUE","Equatorial Guinea, Republic of","Implicit fossil fuel subsidies","Coal","Percent of GDP","Annual","Units","0","0","0","0","0","0","0","0","0","0","0","0","0","0","0","0","0","","","",""
"IMF.STA:FFS(1.0.2)","MMR.IM.COA.POGDP_PT.A","OBS_VALUE","Myanmar","Implicit fossil fuel subsidies","Coal","Percent of GDP","Annual","Units","0.2042115480208269","0.1507001842644611","0.2753745243709821","0.3188413857606205","0.4031377344948276","0.4180263073695659","0.4905376038241135","0.585394257502353","0.6613103133960642","0.6911307238426791","0.6597167504000931","0.7427928566164627","0.7954582903205446","0.8307873846914322","0.8637713750327238","0.9367054726431777","0.9985337353924125","","","",""
"IMF.STA:FFS(1.0.2)","KHM.IM.ECY.POGDP_PT.A","OBS_VALUE","Cambodia","Implicit fossil fuel subsidies","Electricity","Percent of GDP","Annual","Units","0","0","0","0","0","0","0","0","0","0","0","0","0","0","0","0","0","","","",""
"IMF.STA:FFS(1.0.2)","GUY.IM.ECY.POGDP_PT.A","OBS_VALUE","Guyana","Implicit fossil fuel subsidies","Electricity","Percent of GDP","Annual","Units","0","0","0","0","0","0","0","0","0","0","0","0","0","0","0","0","0","","","",""
"IMF.STA:FFS(1.0.2)","KAZ.IM.ECY.POGDP_PT.A","OBS_VALUE","Kazakhstan, Republic of","Implicit fossil fuel subsidies","Electricity","Percent of GDP","Annual","Units","0","0","0","0","0","0","0","0","0","0","0","0","0","0","0","0","0","","","",""
"IMF.STA:FFS(1.0.2)","HUN.IM.ECY.POGDP_PT.A","OBS_VALUE","Hungary","Implicit fossil fuel subsidies","Electricity","Percent of GDP","Annual","Units","0","0","0","0","0","0","0","0","0","0","0","0","0","0","0","0","0","","","",""
"IMF.STA:FFS(1.0.2)","MMR.IM.ECY.POGDP_PT.A","OBS_VALUE","Myanmar","Implicit fossil fuel subsidies","Electricity","Percent of GDP","Annual","Units","0","0","0","0","0","0","0","0","0","0","0","0","0","0","0","0","0","","","",""
"IMF.STA:FFS(1.0.2)","AUS.IM.ECY.POGDP_PT.A","OBS_VALUE","Australia","Implicit fossil fuel subsidies","Electricity","Percent of GDP","Annual","Units","0","0","0","0","0","0","0","0","0","0","0","0","0","0","0","0","0","","","",""
"IMF.STA:FFS(1.0.2)","LKA.IM.ECY.POGDP_PT.A","OBS_VALUE","Sri Lanka","Implicit fossil fuel subsidies","Electricity","Percent of GDP","Annual","Units","0","0","0","0","0","0","0","0","0","0","","","","","","","","","","",""
"IMF.STA:FFS(1.0.2)","THA.IM.ECY.POGDP_PT.A","OBS_VALUE","Thailand","Implicit fossil fuel subsidies","Electricity","Percent of GDP","Annual","Units","0","0","0","0","0","0","0","0","0","0","0","0","0","0","0","0","0","","","",""
"IMF.STA:FFS(1.0.2)","JAM.IM.ECY.POGDP_PT.A","OBS_VALUE","Jamaica","Implicit fossil fuel subsidies","Electricity","Percent of GDP","Annual","Units","0","0","0","0","0","0","0","0","0","0","0","0","0","0","0","0","0","","","",""
"IMF.STA:FFS(1.0.2)","PRY.IM.ECY.POGDP_PT.A","OBS_VALUE","Paraguay","Implicit fossil fuel subsidies","Electricity","Percent of GDP","Annual","Units","0","0","0","0","0","0","0","0","0","0","0","0","0","0","0","0","0","","","",""
"IMF.STA:FFS(1.0.2)","CHE.IM.ECY.POGDP_PT.A","OBS_VALUE","Switzerland","Implicit fossil fuel subsidies","Electricity","Percent of GDP","Annual","Units","0","0","0","0","0","0","0","0","0","0","0","0","0","0","0","0","0","","","",""
"IMF.STA:FFS(1.0.2)","ETH.IM.ECY.POGDP_PT.A","OBS_VALUE","Ethiopia, The Federal Democratic Republic of","Implicit fossil fuel subsidies","Electricity","Percent of GDP","Annual","Units","0","0","0","0","0","0","0","0","0","0","0","0","0","0","0","0","0","","","",""
"IMF.STA:FFS(1.0.2)","JPN.IM.ECY.POGDP_PT.A","OBS_VALUE","Japan","Implicit fossil fuel subsidies","Electricity","Percent of GDP","Annual","Units","0","0","0","0","0","0","0","0","0","0","0","0","0","0","0","0","0","","","",""
"IMF.STA:FFS(1.0.2)","SLV.IM.ECY.POGDP_PT.A","OBS_VALUE","El Salvador","Implicit fossil fuel subsidies","Electricity","Percent of GDP","Annual","Units","0","0","0","0","0","0","0","0","0","0","0","0","0","0","0","0","0","","","",""
"IMF.STA:FFS(1.0.2)","CMR.IM.ECY.POGDP_PT.A","OBS_VALUE","Cameroon","Implicit fossil fuel subsidies","Electricity","Percent of GDP","Annual","Units","0","0","0","0","0","0","0","0","0","0","0","0","0","0","0","0","0","","","",""
"IMF.STA:FFS(1.0.2)","MOZ.IM.ECY.POGDP_PT.A","OBS_VALUE","Mozambique, Republic of","Implicit fossil fuel subsidies","Electricity","Percent of GDP","Annual","Units","0","0","0","0","0","0","0","0","0","0","0","0","0","0","0","0","0","","","",""
"IMF.STA:FFS(1.0.2)","DEU.IM.ECY.POGDP_PT.A","OBS_VALUE","Germany","Implicit fossil fuel subsidies","Electricity","Percent of GDP","Annual","Units","0","0","0","0","0","0","0","0","0","0","0","0","0","0","0","0","0","","","",""
"IMF.STA:FFS(1.0.2)","LBR.IM.ECY.POGDP_PT.A","OBS_VALUE","Liberia","Implicit fossil fuel subsidies","Electricity","Percent of GDP","Annual","Units","0","0","0","0","0","0","0","0","0","0","0","0","0","0","0","0","0","","","",""
"IMF.STA:FFS(1.0.2)","MYS.IM.ECY.POGDP_PT.A","OBS_VALUE","Malaysia","Implicit fossil fuel subsidies","Electricity","Percent of GDP","Annual","Units","0","0","0","0","0","0","0","0","0","0","0","0","0","0","0","0","0","","","",""
"IMF.STA:FFS(1.0.2)","COL.IM.ECY.POGDP_PT.A","OBS_VALUE","Colombia","Implicit fossil fuel subsidies","Electricity","Percent of GDP","Annual","Units","0","0","0","0","0","0","0","0","0","0","0","0","0","0","0","0","0","","","",""
"IMF.STA:FFS(1.0.2)","GNQ.IM.ECY.POGDP_PT.A","OBS_VALUE","Equatorial Guinea, Republic of","Implicit fossil fuel subsidies","Electricity","Percent of GDP","Annual","Units","0","0","0","0","0","0","0","0","0","0","0","0","0","0","0","0","0","","","",""
"IMF.STA:FFS(1.0.2)","ESP.IM.ECY.POGDP_PT.A","OBS_VALUE","Spain","Implicit fossil fuel subsidies","Electricity","Percent of GDP","Annual","Units","0","0","0","0","0","0","0","0","0","0","0","0","0","0","0","0","0","","","",""
"IMF.STA:FFS(1.0.2)","MRT.IM.ECY.POGDP_PT.A","OBS_VALUE","Mauritania, Islamic Republic of","Implicit fossil fuel subsidies","Electricity","Percent of GDP","Annual","Units","0","0","0","0","0","0","0","0","0","0","0","0","0","0","0","0","0","","","",""
"IMF.STA:FFS(1.0.2)","MAR.IM.ECY.POGDP_PT.A","OBS_VALUE","Morocco","Implicit fossil fuel subsidies","Electricity","Percent of GDP","Annual","Units","0","0","0","0","0","0","0","0","0","0","0","0","0","0","0","0","0","","","",""
"IMF.STA:FFS(1.0.2)","BOL.IM.ECY.POGDP_PT.A","OBS_VALUE","Bolivia","Implicit fossil fuel subsidies","Electricity","Percent of GDP","Annual","Units","0","0","0","0","0","0","0","0","0","0","0","0","","","","","","","","",""
"IMF.STA:FFS(1.0.2)","COM.IM.ECY.POGDP_PT.A","OBS_VALUE","Comoros, Union of the","Implicit fossil fuel subsidies","Electricity","Percent of GDP","Annual","Units","0","0","0","0","0","0","0","0","0","0","0","0","0","0","0","0","0","","","",""
"IMF.STA:FFS(1.0.2)","ZWE.IM.ECY.POGDP_PT.A","OBS_VALUE","Zimbabwe","Implicit fossil fuel subsidies","Electricity","Percent of GDP","Annual","Units","0","0","0","0","0","0","0","0","0","0","0","0","0","0","0","0","0","","","",""
"IMF.STA:FFS(1.0.2)","SLB.IM.ECY.POGDP_PT.A","OBS_VALUE","Solomon Islands","Implicit fossil fuel subsidies","Electricity","Percent of GDP","Annual","Units","0","0","0","0","0","0","0","0","0","0","0","0","0","0","0","0","0","","","",""
"IMF.STA:FFS(1.0.2)","SEN.IM.ECY.POGDP_PT.A","OBS_VALUE","Senegal","Implicit fossil fuel subsidies","Electricity","Percent of GDP","Annual","Units","0","0","0","0","0","0","0","0","0","0","0","0","0","0","0","0","0","","","",""
"IMF.STA:FFS(1.0.2)","GTM.IM.ECY.POGDP_PT.A","OBS_VALUE","Guatemala","Implicit fossil fuel subsidies","Electricity","Percent of GDP","Annual","Units","0","0","0","0","0","0","0","0","0","0","0","0","0","0","0","0","0","","","",""
"IMF.STA:FFS(1.0.2)","ISL.IM.ECY.POGDP_PT.A","OBS_VALUE","Iceland","Implicit fossil fuel subsidies","Electricity","Percent of GDP","Annual","Units","0","0","0","0","0","0","0","0","0","0","0","0","0","0","0","0","0","","","",""
"IMF.STA:FFS(1.0.2)","DOM.IM.ECY.POGDP_PT.A","OBS_VALUE","Dominican Republic","Implicit fossil fuel subsidies","Electricity","Percent of GDP","Annual","Units","0","0","0","0","0","0","0","0","0","0","0","0","0","0","0","0","0","","","",""
"IMF.STA:FFS(1.0.2)","GHA.IM.ECY.POGDP_PT.A","OBS_VALUE","Ghana","Implicit fossil fuel subsidies","Electricity","Percent of GDP","Annual","Units","0","0","0","0","0","0","0","0","0","0","0","0","0","0","0","0","0","","","",""
"IMF.STA:FFS(1.0.2)","TUN.IM.ECY.POGDP_PT.A","OBS_VALUE","Tunisia","Implicit fossil fuel subsidies","Electricity","Percent of GDP","Annual","Units","0","0","0","0","0","0","0","0","0","0","0","0","0","0","0","0","0","","","",""
"IMF.STA:FFS(1.0.2)","CAN.IM.ECY.POGDP_PT.A","OBS_VALUE","Canada","Implicit fossil fuel subsidies","Electricity","Percent of GDP","Annual","Units","0","0","0","0","0","0","0","0","0","0","0","0","0","0","0","0","0","","","",""
"IMF.STA:FFS(1.0.2)","BHS.IM.ECY.POGDP_PT.A","OBS_VALUE","Bahamas, The","Implicit fossil fuel subsidies","Electricity","Percent of GDP","Annual","Units","0","0","0","0","0","0","0","0","0","0","0","0","0","0","0","0","0","","","",""
"IMF.STA:FFS(1.0.2)","EST.IM.ECY.POGDP_PT.A","OBS_VALUE","Estonia, Republic of","Implicit fossil fuel subsidies","Electricity","Percent of GDP","Annual","Units","0","0","0","0","0","0","0","0","0","0","0","0","0","0","0","0","0","","","",""
"IMF.STA:FFS(1.0.2)","EGY.IM.ECY.POGDP_PT.A","OBS_VALUE","Egypt, Arab Republic of","Implicit fossil fuel subsidies","Electricity","Percent of GDP","Annual","Units","0","0","0","0","0","0","0","0","0","0","0","0","0","0","0","0","0","","","",""
"IMF.STA:FFS(1.0.2)","GRC.IM.ECY.POGDP_PT.A","OBS_VALUE","Greece","Implicit fossil fuel subsidies","Electricity","Percent of GDP","Annual","Units","0","0","0","0","0","0","0","0","0","0","0","0","0","0","0","0","0","","","",""
"IMF.STA:FFS(1.0.2)","QAT.IM.ECY.POGDP_PT.A","OBS_VALUE","Qatar","Implicit fossil fuel subsidies","Electricity","Percent of GDP","Annual","Units","0","0","0","0","0","0","0","0","0","0","0","0","0","0","0","0","0","","","",""
"IMF.STA:FFS(1.0.2)","SWE.IM.ECY.POGDP_PT.A","OBS_VALUE","Sweden","Implicit fossil fuel subsidies","Electricity","Percent of GDP","Annual","Units","0","0","0","0","0","0","0","0","0","0","0","0","0","0","0","0","0","","","",""
"IMF.STA:FFS(1.0.2)","ALB.IM.ECY.POGDP_PT.A","OBS_VALUE","Albania","Implicit fossil fuel subsidies","Electricity","Percent of GDP","Annual","Units","0","0","0","0","0","0","0","0","0","0","0","0","0","0","0","0","0","","","",""
"IMF.STA:FFS(1.0.2)","KEN.IM.ECY.POGDP_PT.A","OBS_VALUE","Kenya","Implicit fossil fuel subsidies","Electricity","Percent of GDP","Annual","Units","0","0","0","0","0","0","0","0","0","0","0","0","0","0","0","0","0","","","",""
"IMF.STA:FFS(1.0.2)","NOR.IM.ECY.POGDP_PT.A","OBS_VALUE","Norway","Implicit fossil fuel subsidies","Electricity","Percent of GDP","Annual","Units","0","0","0","0","0","0","0","0","0","0","0","0","0","0","0","0","0","","","",""
"IMF.STA:FFS(1.0.2)","HRV.IM.ECY.POGDP_PT.A","OBS_VALUE","Croatia, Republic of","Implicit fossil fuel subsidies","Electricity","Percent of GDP","Annual","Units","0","0","0","0","0","0","0","0","0","0","0","0","0","0","0","0","0","","","",""
"IMF.STA:FFS(1.0.2)","LBN.IM.ECY.POGDP_PT.A","OBS_VALUE","Lebanon","Implicit fossil fuel subsidies","Electricity","Percent of GDP","Annual","Units","0","0","0","0","0","0","0","0","0","0","0","","","","","","","","","",""
"IMF.STA:FFS(1.0.2)","BEN.IM.ECY.POGDP_PT.A","OBS_VALUE","Benin","Implicit fossil fuel subsidies","Electricity","Percent of GDP","Annual","Units","0","0","0","0","0","0","0","0","0","0","0","0","0","0","0","0","0","","","",""
"IMF.STA:FFS(1.0.2)","BDI.IM.ECY.POGDP_PT.A","OBS_VALUE","Burundi","Implicit fossil fuel subsidies","Electricity","Percent of GDP","Annual","Units","0","0","0","0","0","0","0","0","0","0","0","0","0","0","0","0","0","","","",""
"IMF.STA:FFS(1.0.2)","IRL.IM.ECY.POGDP_PT.A","OBS_VALUE","Ireland","Implicit fossil fuel subsidies","Electricity","Percent of GDP","Annual","Units","0","0","0","0","0","0","0","0","0","0","0","0","0","0","0","0","0","","","",""
"IMF.STA:FFS(1.0.2)","NPL.IM.ECY.POGDP_PT.A","OBS_VALUE","Nepal","Implicit fossil fuel subsidies","Electricity","Percent of GDP","Annual","Units","0","0","0","0","0","0","0","0","0","0","0","0","0","0","0","0","0","","","",""
"IMF.STA:FFS(1.0.2)","TJK.IM.ECY.POGDP_PT.A","OBS_VALUE","Tajikistan, Republic of","Implicit fossil fuel subsidies","Electricity","Percent of GDP","Annual","Units","0","0","0","0","0","0","0","0","0","0","0","0","0","0","0","0","0","","","",""
"IMF.STA:FFS(1.0.2)","FJI.IM.ECY.POGDP_PT.A","OBS_VALUE","Fiji, Republic of","Implicit fossil fuel subsidies","Electricity","Percent of GDP","Annual","Units","0","0","0","0","0","0","0","0","0","0","0","0","0","0","0","0","0","","","",""
"IMF.STA:FFS(1.0.2)","KOR.IM.ECY.POGDP_PT.A","OBS_VALUE","Korea, Republic of","Implicit fossil fuel subsidies","Electricity","Percent of GDP","Annual","Units","0","0","0","0","0","0","0","0","0","0","0","0","0","0","0","0","0","","","",""
"IMF.STA:FFS(1.0.2)","GBR.IM.ECY.POGDP_PT.A","OBS_VALUE","United Kingdom","Implicit fossil fuel subsidies","Electricity","Percent of GDP","Annual","Units","0","0","0","0","0","0","0","0","0","0","0","0","0","0","0","0","0","","","",""
"IMF.STA:FFS(1.0.2)","SDN.IM.ECY.POGDP_PT.A","OBS_VALUE","Sudan","Implicit fossil fuel subsidies","Electricity","Percent of GDP","Annual","Units","0","0","0","0","0","0","0","0","0","0","0","0","0","0","0","0","0","","","",""
"IMF.STA:FFS(1.0.2)","STP.IM.ECY.POGDP_PT.A","OBS_VALUE","São Tomé and Príncipe, Democratic Republic of","Implicit fossil fuel subsidies","Electricity","Percent of GDP","Annual","Units","0","0","0","0","0","0","0","0","0","0","0","0","0","0","0","0","0","","","",""
"IMF.STA:FFS(1.0.2)","VNM.IM.ECY.POGDP_PT.A","OBS_VALUE","Vietnam","Implicit fossil fuel subsidies","Electricity","Percent of GDP","Annual","Units","0","0","0","0","0","0","0","0","0","0","0","0","0","0","0","0","0","","","",""
"IMF.STA:FFS(1.0.2)","COG.IM.ECY.POGDP_PT.A","OBS_VALUE","Congo, Republic of","Implicit fossil fuel subsidies","Electricity","Percent of GDP","Annual","Units","0","0","0","0","0","0","0","0","0","0","0","0","0","0","0","0","0","","","",""
"IMF.STA:FFS(1.0.2)","IDN.IM.ECY.POGDP_PT.A","OBS_VALUE","Indonesia","Implicit fossil fuel subsidies","Electricity","Percent of GDP","Annual","Units","0","0","0","0","0","0","0","0","0","0","0","0","0","0","0","0","0","","","",""
"IMF.STA:FFS(1.0.2)","TGO.IM.ECY.POGDP_PT.A","OBS_VALUE","Togo","Implicit fossil fuel subsidies","Electricity","Percent of GDP","Annual","Units","0","0","0","0","0","0","0","0","0","0","0","0","0","0","0","0","0","","","",""
"IMF.STA:FFS(1.0.2)","IRN.IM.ECY.POGDP_PT.A","OBS_VALUE","Iran, Islamic Republic of","Implicit fossil fuel subsidies","Electricity","Percent of GDP","Annual","Units","0","0","0","0","0","0","0","0","0","0","0","0","0","0","0","0","0","","","",""
"IMF.STA:FFS(1.0.2)","UGA.IM.ECY.POGDP_PT.A","OBS_VALUE","Uganda","Implicit fossil fuel subsidies","Electricity","Percent of GDP","Annual","Units","0","0","0","0","0","0","0","0","0","0","0","0","0","0","0","0","0","","","",""
"IMF.STA:FFS(1.0.2)","FIN.IM.ECY.POGDP_PT.A","OBS_VALUE","Finland","Implicit fossil fuel subsidies","Electricity","Percent of GDP","Annual","Units","0","0","0","0","0","0","0","0","0","0","0","0","0","0","0","0","0","","","",""
"IMF.STA:FFS(1.0.2)","BFA.IM.ECY.POGDP_PT.A","OBS_VALUE","Burkina Faso","Implicit fossil fuel subsidies","Electricity","Percent of GDP","Annual","Units","0","0","0","0","0","0","0","0","0","0","0","0","0","0","0","0","0","","","",""
"IMF.STA:FFS(1.0.2)","ITA.IM.ECY.POGDP_PT.A","OBS_VALUE","Italy","Implicit fossil fuel subsidies","Electricity","Percent of GDP","Annual","Units","0","0","0","0","0","0","0","0","0","0","0","0","0","0","0","0","0","","","",""
"IMF.STA:FFS(1.0.2)","NER.IM.ECY.POGDP_PT.A","OBS_VALUE","Niger","Implicit fossil fuel subsidies","Electricity","Percent of GDP","Annual","Units","0","0","0","0","0","0","0","0","0","0","0","0","0","0","0","0","0","","","",""
"IMF.STA:FFS(1.0.2)","BLZ.IM.ECY.POGDP_PT.A","OBS_VALUE","Belize","Implicit fossil fuel subsidies","Electricity","Percent of GDP","Annual","Units","0","0","0","0","0","0","0","0","0","0","0","0","0","0","0","0","0","","","",""
"IMF.STA:FFS(1.0.2)","DZA.IM.ECY.POGDP_PT.A","OBS_VALUE","Algeria","Implicit fossil fuel subsidies","Electricity","Percent of GDP","Annual","Units","0","0","0","0","0","0","0","0","0","0","0","0","0","0","0","0","0","","","",""
"IMF.STA:FFS(1.0.2)","NGA.IM.ECY.POGDP_PT.A","OBS_VALUE","Nigeria","Implicit fossil fuel subsidies","Electricity","Percent of GDP","Annual","Units","0","0","0","0","0","0","0","0","0","0","0","0","0","0","0","0","0","","","",""
"IMF.STA:FFS(1.0.2)","PAK.IM.ECY.POGDP_PT.A","OBS_VALUE","Pakistan","Implicit fossil fuel subsidies","Electricity","Percent of GDP","Annual","Units","0","0","0","0","0","0","0","0","0","0","0","","","","","","","","","",""
"IMF.STA:FFS(1.0.2)","SYC.IM.ECY.POGDP_PT.A","OBS_VALUE","Seychelles","Implicit fossil fuel subsidies","Electricity","Percent of GDP","Annual","Units","0","0","0","0","0","0","0","0","0","0","0","0","0","0","0","0","0","","","",""
"IMF.STA:FFS(1.0.2)","MUS.IM.ECY.POGDP_PT.A","OBS_VALUE","Mauritius","Implicit fossil fuel subsidies","Electricity","Percent of GDP","Annual","Units","0","0","0","0","0","0","0","0","0","0","0","0","0","0","0","0","0","","","",""
"IMF.STA:FFS(1.0.2)","CAF.IM.ECY.POGDP_PT.A","OBS_VALUE","Central African Republic","Implicit fossil fuel subsidies","Electricity","Percent of GDP","Annual","Units","0","0","0","0","0","0","0","0","0","0","0","0","0","0","0","0","0","","","",""
"IMF.STA:FFS(1.0.2)","DJI.IM.ECY.POGDP_PT.A","OBS_VALUE","Djibouti","Implicit fossil fuel subsidies","Electricity","Percent of GDP","Annual","Units","0","0","0","0","0","0","0","0","0","0","0","0","0","0","0","0","0","","","",""
"IMF.STA:FFS(1.0.2)","BRB.IM.ECY.POGDP_PT.A","OBS_VALUE","Barbados","Implicit fossil fuel subsidies","Electricity","Percent of GDP","Annual","Units","0","0","0","0","0","0","0","0","0","0","0","0","0","0","0","0","0","","","",""
"IMF.STA:FFS(1.0.2)","BTN.IM.ECY.POGDP_PT.A","OBS_VALUE","Bhutan","Implicit fossil fuel subsidies","Electricity","Percent of GDP","Annual","Units","0","0","0","0","0","0","0","0","0","0","0","0","0","0","0","0","0","","","",""
"IMF.STA:FFS(1.0.2)","MKD.IM.ECY.POGDP_PT.A","OBS_VALUE","North Macedonia, Republic of","Implicit fossil fuel subsidies","Electricity","Percent of GDP","Annual","Units","0","0","0","0","0","0","0","0","0","0","0","0","0","0","0","0","0","","","",""
"IMF.STA:FFS(1.0.2)","CRI.IM.ECY.POGDP_PT.A","OBS_VALUE","Costa Rica","Implicit fossil fuel subsidies","Electricity","Percent of GDP","Annual","Units","0","0","0","0","0","0","0","0","0","0","0","0","0","0","0","0","0","","","",""
"IMF.STA:FFS(1.0.2)","BRN.IM.ECY.POGDP_PT.A","OBS_VALUE","Brunei Darussalam","Implicit fossil fuel subsidies","Electricity","Percent of GDP","Annual","Units","0","0","0","0","0","0","0","0","0","0","0","0","0","0","0","0","0","","","",""
"IMF.STA:FFS(1.0.2)","BGD.IM.ECY.POGDP_PT.A","OBS_VALUE","Bangladesh","Implicit fossil fuel subsidies","Electricity","Percent of GDP","Annual","Units","0","0","0","0","0","0","0","0","0","0","0","0","0","0","0","0","0","","","",""
"IMF.STA:FFS(1.0.2)","ZAF.IM.ECY.POGDP_PT.A","OBS_VALUE","South Africa","Implicit fossil fuel subsidies","Electricity","Percent of GDP","Annual","Units","0","0","0","0","0","0","0","0","0","0","0","0","0","0","0","0","0","","","",""
"IMF.STA:FFS(1.0.2)","CHN.IM.ECY.POGDP_PT.A","OBS_VALUE","China, People's Republic of","Implicit fossil fuel subsidies","Electricity","Percent of GDP","Annual","Units","0","0","0","0","0","0","0","0","0","0","0","0","0","0","0","0","0","","","",""
"IMF.STA:FFS(1.0.2)","PER.IM.ECY.POGDP_PT.A","OBS_VALUE","Peru","Implicit fossil fuel subsidies","Electricity","Percent of GDP","Annual","Units","0","0","0","0","0","0","0","0","0","0","0","0","0","0","0","0","0","","","",""
"IMF.STA:FFS(1.0.2)","UZB.IM.ECY.POGDP_PT.A","OBS_VALUE","Uzbekistan, Republic of","Implicit fossil fuel subsidies","Electricity","Percent of GDP","Annual","Units","0","0","0","0","0","0","0","0","0","0","0","0","0","0","0","0","0","","","",""
"IMF.STA:FFS(1.0.2)","COD.IM.ECY.POGDP_PT.A","OBS_VALUE","Congo, Democratic Republic of the","Implicit fossil fuel subsidies","Electricity","Percent of GDP","Annual","Units","0","0","0","0","0","0","0","0","0","0","0","0","0","0","0","0","0","","","",""
"IMF.STA:FFS(1.0.2)","KGZ.IM.ECY.POGDP_PT.A","OBS_VALUE","Kyrgyz Republic","Implicit fossil fuel subsidies","Electricity","Percent of GDP","Annual","Units","0","0","0","0","0","0","0","0","0","0","0","0","0","0","0","0","0","","","",""
"IMF.STA:FFS(1.0.2)","VEN.IM.ECY.POGDP_PT.A","OBS_VALUE","Venezuela, República Bolivariana de","Implicit fossil fuel subsidies","Electricity","Percent of GDP","Annual","Units","0","0","0","0","0","0","0","0","0","0","0","0","0","","","","","","","",""
"IMF.STA:FFS(1.0.2)","NLD.IM.ECY.POGDP_PT.A","OBS_VALUE","Netherlands, The","Implicit fossil fuel subsidies","Electricity","Percent of GDP","Annual","Units","0","0","0","0","0","0","0","0","0","0","0","0","0","0","0","0","0","","","",""
"IMF.STA:FFS(1.0.2)","MLI.IM.ECY.POGDP_PT.A","OBS_VALUE","Mali","Implicit fossil fuel subsidies","Electricity","Percent of GDP","Annual","Units","0","0","0","0","0","0","0","0","0","0","0","0","0","0","0","0","0","","","",""
"IMF.STA:FFS(1.0.2)","CYP.IM.ECY.POGDP_PT.A","OBS_VALUE","Cyprus","Implicit fossil fuel subsidies","Electricity","Percent of GDP","Annual","Units","0","0","0","0","0","0","0","0","0","0","0","0","0","0","0","0","0","","","",""
"IMF.STA:FFS(1.0.2)","GEO.IM.ECY.POGDP_PT.A","OBS_VALUE","Georgia","Implicit fossil fuel subsidies","Electricity","Percent of GDP","Annual","Units","0","0","0","0","0","0","0","0","0","0","0","0","0","0","0","0","0","","","",""
"IMF.STA:FFS(1.0.2)","IRQ.IM.ECY.POGDP_PT.A","OBS_VALUE","Iraq","Implicit fossil fuel subsidies","Electricity","Percent of GDP","Annual","Units","0","0","0","0","0","0","0","0","0","0","0","0","0","0","0","0","0","","","",""
"IMF.STA:FFS(1.0.2)","ARG.IM.ECY.POGDP_PT.A","OBS_VALUE","Argentina","Implicit fossil fuel subsidies","Electricity","Percent of GDP","Annual","Units","0","0","0","0","0","0","0","0","0","0","0","0","0","0","0","0","0","","","",""
"IMF.STA:FFS(1.0.2)","LTU.IM.ECY.POGDP_PT.A","OBS_VALUE","Lithuania, Republic of","Implicit fossil fuel subsidies","Electricity","Percent of GDP","Annual","Units","0","0","0","0","0","0","0","0","0","0","0","0","0","0","0","0","0","","","",""
"IMF.STA:FFS(1.0.2)","AFG.IM.ECY.POGDP_PT.A","OBS_VALUE","Afghanistan, Islamic Republic of","Implicit fossil fuel subsidies","Electricity","Percent of GDP","Annual","Units","0","0","0","0","0","0","0","0","0","0","0","","","","","","","","","",""
"IMF.STA:FFS(1.0.2)","FRA.IM.ECY.POGDP_PT.A","OBS_VALUE","France","Implicit fossil fuel subsidies","Electricity","Percent of GDP","Annual","Units","0","0","0","0","0","0","0","0","0","0","0","0","0","0","0","0","0","","","",""
"IMF.STA:FFS(1.0.2)","SLE.IM.ECY.POGDP_PT.A","OBS_VALUE","Sierra Leone","Implicit fossil fuel subsidies","Electricity","Percent of GDP","Annual","Units","0","0","0","0","0","0","0","0","0","0","0","0","0","0","0","0","0","","","",""
"IMF.STA:FFS(1.0.2)","DNK.IM.ECY.POGDP_PT.A","OBS_VALUE","Denmark","Implicit fossil fuel subsidies","Electricity","Percent of GDP","Annual","Units","0","0","0","0","0","0","0","0","0","0","0","0","0","0","0","0","0","","","",""
"IMF.STA:FFS(1.0.2)","PRT.IM.ECY.POGDP_PT.A","OBS_VALUE","Portugal","Implicit fossil fuel subsidies","Electricity","Percent of GDP","Annual","Units","0","0","0","0","0","0","0","0","0","0","0","0","0","0","0","0","0","","","",""
"IMF.STA:FFS(1.0.2)","URY.IM.ECY.POGDP_PT.A","OBS_VALUE","Uruguay","Implicit fossil fuel subsidies","Electricity","Percent of GDP","Annual","Units","0","0","0","0","0","0","0","0","0","0","0","0","0","0","0","0","0","","","",""
"IMF.STA:FFS(1.0.2)","AZE.IM.ECY.POGDP_PT.A","OBS_VALUE","Azerbaijan, Republic of","Implicit fossil fuel subsidies","Electricity","Percent of GDP","Annual","Units","0","0","0","0","0","0","0","0","0","0","0","0","0","0","0","0","0","","","",""
"IMF.STA:FFS(1.0.2)","LUX.IM.ECY.POGDP_PT.A","OBS_VALUE","Luxembourg","Implicit fossil fuel subsidies","Electricity","Percent of GDP","Annual","Units","0","0","0","0","0","0","0","0","0","0","0","0","0","0","0","0","0","","","",""
"IMF.STA:FFS(1.0.2)","BGR.IM.ECY.POGDP_PT.A","OBS_VALUE","Bulgaria","Implicit fossil fuel subsidies","Electricity","Percent of GDP","Annual","Units","0","0","0","0","0","0","0","0","0","0","0","0","0","0","0","0","0","","","",""
"IMF.STA:FFS(1.0.2)","RUS.IM.ECY.POGDP_PT.A","OBS_VALUE","Russian Federation","Implicit fossil fuel subsidies","Electricity","Percent of GDP","Annual","Units","0","0","0","0","0","0","0","0","0","0","0","0","0","0","0","0","0","","","",""
"IMF.STA:FFS(1.0.2)","NAM.IM.ECY.POGDP_PT.A","OBS_VALUE","Namibia","Implicit fossil fuel subsidies","Electricity","Percent of GDP","Annual","Units","0","0","0","0","0","0","0","0","0","0","0","0","0","0","0","0","0","","","",""
"IMF.STA:FFS(1.0.2)","BEL.IM.ECY.POGDP_PT.A","OBS_VALUE","Belgium","Implicit fossil fuel subsidies","Electricity","Percent of GDP","Annual","Units","0","0","0","0","0","0","0","0","0","0","0","0","0","0","0","0","0","","","",""
"IMF.STA:FFS(1.0.2)","YEM.IM.ECY.POGDP_PT.A","OBS_VALUE","Yemen, Republic of","Implicit fossil fuel subsidies","Electricity","Percent of GDP","Annual","Units","0","0","0","0","0","0","0","0","0","0","0","0","0","0","0","0","0","","","",""
"IMF.STA:FFS(1.0.2)","NIC.IM.ECY.POGDP_PT.A","OBS_VALUE","Nicaragua","Implicit fossil fuel subsidies","Electricity","Percent of GDP","Annual","Units","0","0","0","0","0","0","0","0","0","0","0","0","0","0","0","0","0","","","",""
"IMF.STA:FFS(1.0.2)","PAN.IM.ECY.POGDP_PT.A","OBS_VALUE","Panama","Implicit fossil fuel subsidies","Electricity","Percent of GDP","Annual","Units","0","0","0","0","0","0","0","0","0","0","0","0","0","0","0","0","0","","","",""
"IMF.STA:FFS(1.0.2)","MEX.IM.ECY.POGDP_PT.A","OBS_VALUE","Mexico","Implicit fossil fuel subsidies","Electricity","Percent of GDP","Annual","Units","0","0","0","0","0","0","0","0","0","0","0","0","0","0","0","0","0","","","",""
"IMF.STA:FFS(1.0.2)","PHL.IM.ECY.POGDP_PT.A","OBS_VALUE","Philippines","Implicit fossil fuel subsidies","Electricity","Percent of GDP","Annual","Units","0","0","0","0","0","0","0","0","0","0","0","0","0","0","0","0","0","","","",""
"IMF.STA:FFS(1.0.2)","TON.IM.ECY.POGDP_PT.A","OBS_VALUE","Tonga","Implicit fossil fuel subsidies","Electricity","Percent of GDP","Annual","Units","0","0","0","0","0","0","0","0","0","0","0","0","0","0","0","0","0","","","",""
"IMF.STA:FFS(1.0.2)","POL.IM.ECY.POGDP_PT.A","OBS_VALUE","Poland, Republic of","Implicit fossil fuel subsidies","Electricity","Percent of GDP","Annual","Units","0","0","0","0","0","0","0","0","0","0","0","0","0","0","0","0","0","","","",""
"IMF.STA:FFS(1.0.2)","AGO.IM.ECY.POGDP_PT.A","OBS_VALUE","Angola","Implicit fossil fuel subsidies","Electricity","Percent of GDP","Annual","Units","0","0","0","0","0","0","0","0","0","0","0","0","0","0","0","0","0","","","",""
"IMF.STA:FFS(1.0.2)","SVN.IM.ECY.POGDP_PT.A","OBS_VALUE","Slovenia, Republic of","Implicit fossil fuel subsidies","Electricity","Percent of GDP","Annual","Units","0","0","0","0","0","0","0","0","0","0","0","0","0","0","0","0","0","","","",""
"IMF.STA:FFS(1.0.2)","ECU.IM.ECY.POGDP_PT.A","OBS_VALUE","Ecuador","Implicit fossil fuel subsidies","Electricity","Percent of GDP","Annual","Units","0","0","0","0","0","0","0","0","0","0","0","0","0","0","0","0","0","","","",""
"IMF.STA:FFS(1.0.2)","MDG.IM.ECY.POGDP_PT.A","OBS_VALUE","Madagascar, Republic of","Implicit fossil fuel subsidies","Electricity","Percent of GDP","Annual","Units","0","0","0","0","0","0","0","0","0","0","0","0","0","0","0","0","0","","","",""
"IMF.STA:FFS(1.0.2)","SRB.IM.ECY.POGDP_PT.A","OBS_VALUE","Serbia, Republic of","Implicit fossil fuel subsidies","Electricity","Percent of GDP","Annual","Units","0","0","0","0","0","0","0","0","0","0","0","0","0","0","0","0","0","","","",""
"IMF.STA:FFS(1.0.2)","RWA.IM.ECY.POGDP_PT.A","OBS_VALUE","Rwanda","Implicit fossil fuel subsidies","Electricity","Percent of GDP","Annual","Units","0","0","0","0","0","0","0","0","0","0","0","0","0","0","0","0","0","","","",""
"IMF.STA:FFS(1.0.2)","ISR.IM.ECY.POGDP_PT.A","OBS_VALUE","Israel","Implicit fossil fuel subsidies","Electricity","Percent of GDP","Annual","Units","0","0","0","0","0","0","0","0","0","0","0","0","0","0","0","0","0","","","",""
"IMF.STA:FFS(1.0.2)","SGP.IM.ECY.POGDP_PT.A","OBS_VALUE","Singapore","Implicit fossil fuel subsidies","Electricity","Percent of GDP","Annual","Units","0","0","0","0","0","0","0","0","0","0","0","0","0","0","0","0","0","","","",""
"IMF.STA:FFS(1.0.2)","BHR.IM.ECY.POGDP_PT.A","OBS_VALUE","Bahrain, Kingdom of","Implicit fossil fuel subsidies","Electricity","Percent of GDP","Annual","Units","0","0","0","0","0","0","0","0","0","0","0","0","0","0","0","0","0","","","",""
"IMF.STA:FFS(1.0.2)","BLR.IM.ECY.POGDP_PT.A","OBS_VALUE","Belarus, Republic of","Implicit fossil fuel subsidies","Electricity","Percent of GDP","Annual","Units","0","0","0","0","0","0","0","0","0","0","0","0","0","0","0","0","0","","","",""
"IMF.STA:FFS(1.0.2)","IND.IM.ECY.POGDP_PT.A","OBS_VALUE","India","Implicit fossil fuel subsidies","Electricity","Percent of GDP","Annual","Units","0","0","0","0","0","0","0","0","0","0","0","0","0","0","0","0","0","","","",""
"IMF.STA:FFS(1.0.2)","TTO.IM.ECY.POGDP_PT.A","OBS_VALUE","Trinidad and Tobago","Implicit fossil fuel subsidies","Electricity","Percent of GDP","Annual","Units","0","0","0","0","0","0","0","0","0","0","0","0","0","0","0","0","0","","","",""
"IMF.STA:FFS(1.0.2)","LVA.IM.ECY.POGDP_PT.A","OBS_VALUE","Latvia, Republic of","Implicit fossil fuel subsidies","Electricity","Percent of GDP","Annual","Units","0","0","0","0","0","0","0","0","0","0","0","0","0","0","0","0","0","","","",""
"IMF.STA:FFS(1.0.2)","TUR.IM.ECY.POGDP_PT.A","OBS_VALUE","Türkiye, Republic of","Implicit fossil fuel subsidies","Electricity","Percent of GDP","Annual","Units","0","0","0","0","0","0","0","0","0","0","0","0","0","0","0","0","0","","","",""
"IMF.STA:FFS(1.0.2)","CZE.IM.ECY.POGDP_PT.A","OBS_VALUE","Czech Republic","Implicit fossil fuel subsidies","Electricity","Percent of GDP","Annual","Units","0","0","0","0","0","0","0","0","0","0","0","0","0","0","0","0","0","","","",""
"IMF.STA:FFS(1.0.2)","BRA.IM.ECY.POGDP_PT.A","OBS_VALUE","Brazil","Implicit fossil fuel subsidies","Electricity","Percent of GDP","Annual","Units","0","0","0","0","0","0","0","0","0","0","0","0","0","0","0","0","0","","","",""
"IMF.STA:FFS(1.0.2)","TCD.IM.ECY.POGDP_PT.A","OBS_VALUE","Chad","Implicit fossil fuel subsidies","Electricity","Percent of GDP","Annual","Units","0","0","0","0","0","0","0","0","0","0","0","0","0","0","0","0","0","","","",""
"IMF.STA:FFS(1.0.2)","ROU.IM.ECY.POGDP_PT.A","OBS_VALUE","Romania","Implicit fossil fuel subsidies","Electricity","Percent of GDP","Annual","Units","0","0","0","0","0","0","0","0","0","0","0","0","0","0","0","0","0","","","",""
"IMF.STA:FFS(1.0.2)","BWA.IM.ECY.POGDP_PT.A","OBS_VALUE","Botswana","Implicit fossil fuel subsidies","Electricity","Percent of GDP","Annual","Units","0","0","0","0","0","0","0","0","0","0","0","0","0","0","0","0","0","","","",""
"IMF.STA:FFS(1.0.2)","BIH.IM.ECY.POGDP_PT.A","OBS_VALUE","Bosnia and Herzegovina","Implicit fossil fuel subsidies","Electricity","Percent of GDP","Annual","Units","0","0","0","0","0","0","0","0","0","0","0","0","0","0","0","0","0","","","",""
"IMF.STA:FFS(1.0.2)","USA.IM.ECY.POGDP_PT.A","OBS_VALUE","United States","Implicit fossil fuel subsidies","Electricity","Percent of GDP","Annual","Units","0","0","0","0","0","0","0","0","0","0","0","0","0","0","0","0","0","","","",""
"IMF.STA:FFS(1.0.2)","LCA.IM.ECY.POGDP_PT.A","OBS_VALUE","St. Lucia","Implicit fossil fuel subsidies","Electricity","Percent of GDP","Annual","Units","0","0","0","0","0","0","0","0","0","0","0","0","0","0","0","0","0","","","",""
"IMF.STA:FFS(1.0.2)","TZA.IM.ECY.POGDP_PT.A","OBS_VALUE","Tanzania, United Republic of","Implicit fossil fuel subsidies","Electricity","Percent of GDP","Annual","Units","0","0","0","0","0","0","0","0","0","0","0","0","0","0","0","0","0","","","",""
"IMF.STA:FFS(1.0.2)","HND.IM.ECY.POGDP_PT.A","OBS_VALUE","Honduras","Implicit fossil fuel subsidies","Electricity","Percent of GDP","Annual","Units","0","0","0","0","0","0","0","0","0","0","0","0","0","0","0","0","0","","","",""
"IMF.STA:FFS(1.0.2)","SVK.IM.ECY.POGDP_PT.A","OBS_VALUE","Slovak Republic","Implicit fossil fuel subsidies","Electricity","Percent of GDP","Annual","Units","0","0","0","0","0","0","0","0","0","0","0","0","0","0","0","0","0","","","",""
"IMF.STA:FFS(1.0.2)","TKM.IM.ECY.POGDP_PT.A","OBS_VALUE","Turkmenistan","Implicit fossil fuel subsidies","Electricity","Percent of GDP","Annual","Units","0","0","0","0","0","0","0","0","0","0","0","0","0","0","0","0","0","","","",""
"IMF.STA:FFS(1.0.2)","LAO.IM.ECY.POGDP_PT.A","OBS_VALUE","Lao People's Democratic Republic","Implicit fossil fuel subsidies","Electricity","Percent of GDP","Annual","Units","0","0","0","0","0","0","0","0","0","0","0","0","0","0","0","0","0","","","",""
"IMF.STA:FFS(1.0.2)","ARM.IM.ECY.POGDP_PT.A","OBS_VALUE","Armenia, Republic of","Implicit fossil fuel subsidies","Electricity","Percent of GDP","Annual","Units","0","0","0","0","0","0","0","0","0","0","0","0","0","0","0","0","0","","","",""
"IMF.STA:FFS(1.0.2)","GIN.IM.ECY.POGDP_PT.A","OBS_VALUE","Guinea","Implicit fossil fuel subsidies","Electricity","Percent of GDP","Annual","Units","0","0","0","0","0","0","0","0","0","0","0","0","0","0","0","0","0","","","",""
"IMF.STA:FFS(1.0.2)","KWT.IM.ECY.POGDP_PT.A","OBS_VALUE","Kuwait","Implicit fossil fuel subsidies","Electricity","Percent of GDP","Annual","Units","0","0","0","0","0","0","0","0","0","0","0","0","0","0","0","0","0","","","",""
"IMF.STA:FFS(1.0.2)","JOR.IM.ECY.POGDP_PT.A","OBS_VALUE","Jordan","Implicit fossil fuel subsidies","Electricity","Percent of GDP","Annual","Units","0","0","0","0","0","0","0","0","0","0","0","0","0","0","0","0","0","","","",""
"IMF.STA:FFS(1.0.2)","CPV.IM.ECY.POGDP_PT.A","OBS_VALUE","Cabo Verde","Implicit fossil fuel subsidies","Electricity","Percent of GDP","Annual","Units","0","0","0","0","0","0","0","0","0","0","0","0","0","0","0","0","0","","","",""
"IMF.STA:FFS(1.0.2)","PNG.IM.ECY.POGDP_PT.A","OBS_VALUE","Papua New Guinea","Implicit fossil fuel subsidies","Electricity","Percent of GDP","Annual","Units","0","0","0","0","0","0","0","0","0","0","0","0","0","0","0","0","0","","","",""
"IMF.STA:FFS(1.0.2)","GMB.IM.ECY.POGDP_PT.A","OBS_VALUE","Gambia, The","Implicit fossil fuel subsidies","Electricity","Percent of GDP","Annual","Units","0","0","0","0","0","0","0","0","0","0","0","0","0","0","0","0","0","","","",""
"IMF.STA:FFS(1.0.2)","GNB.IM.ECY.POGDP_PT.A","OBS_VALUE","Guinea-Bissau","Implicit fossil fuel subsidies","Electricity","Percent of GDP","Annual","Units","0","0","0","0","0","0","0","0","0","0","0","0","0","0","0","0","0","","","",""
"IMF.STA:FFS(1.0.2)","GAB.IM.ECY.POGDP_PT.A","OBS_VALUE","Gabon","Implicit fossil fuel subsidies","Electricity","Percent of GDP","Annual","Units","0","0","0","0","0","0","0","0","0","0","0","0","0","0","0","0","0","","","",""
"IMF.STA:FFS(1.0.2)","SUR.IM.ECY.POGDP_PT.A","OBS_VALUE","Suriname","Implicit fossil fuel subsidies","Electricity","Percent of GDP","Annual","Units","0","0","0","0","0","0","0","0","0","0","0","0","0","0","0","0","0","","","",""
"IMF.STA:FFS(1.0.2)","AUT.IM.ECY.POGDP_PT.A","OBS_VALUE","Austria","Implicit fossil fuel subsidies","Electricity","Percent of GDP","Annual","Units","0","0","0","0","0","0","0","0","0","0","0","0","0","0","0","0","0","","","",""
"IMF.STA:FFS(1.0.2)","MDV.IM.ECY.POGDP_PT.A","OBS_VALUE","Maldives","Implicit fossil fuel subsidies","Electricity","Percent of GDP","Annual","Units","0","0","0","0","0","0","0","0","0","0","0","0","0","0","0","0","0","","","",""
"IMF.STA:FFS(1.0.2)","CIV.IM.ECY.POGDP_PT.A","OBS_VALUE","Côte d'Ivoire","Implicit fossil fuel subsidies","Electricity","Percent of GDP","Annual","Units","0","0","0","0","0","0","0","0","0","0","0","0","0","0","0","0","0","","","",""
"IMF.STA:FFS(1.0.2)","LSO.IM.ECY.POGDP_PT.A","OBS_VALUE","Lesotho, Kingdom of","Implicit fossil fuel subsidies","Electricity","Percent of GDP","Annual","Units","0","0","0","0","0","0","0","0","0","0","0","0","0","0","0","0","0","","","",""
"IMF.STA:FFS(1.0.2)","MWI.IM.ECY.POGDP_PT.A","OBS_VALUE","Malawi","Implicit fossil fuel subsidies","Electricity","Percent of GDP","Annual","Units","0","0","0","0","0","0","0","0","0","0","0","0","0","0","0","0","0","","","",""
"IMF.STA:FFS(1.0.2)","LBY.IM.ECY.POGDP_PT.A","OBS_VALUE","Libya","Implicit fossil fuel subsidies","Electricity","Percent of GDP","Annual","Units","0","0","0","0","0","0","0","0","0","0","0","0","0","0","0","0","0","","","",""
"IMF.STA:FFS(1.0.2)","OMN.IM.ECY.POGDP_PT.A","OBS_VALUE","Oman","Implicit fossil fuel subsidies","Electricity","Percent of GDP","Annual","Units","0","0","0","0","0","0","0","0","0","0","0","0","0","0","0","0","0","","","",""
"IMF.STA:FFS(1.0.2)","MLT.IM.ECY.POGDP_PT.A","OBS_VALUE","Malta","Implicit fossil fuel subsidies","Electricity","Percent of GDP","Annual","Units","0","0","0","0","0","0","0","0","0","0","0","0","0","0","0","0","0","","","",""
"IMF.STA:FFS(1.0.2)","CHL.IM.ECY.POGDP_PT.A","OBS_VALUE","Chile","Implicit fossil fuel subsidies","Electricity","Percent of GDP","Annual","Units","0","0","0","0","0","0","0","0","0","0","0","0","0","0","0","0","0","","","",""
"IMF.STA:FFS(1.0.2)","ARE.IM.ECY.POGDP_PT.A","OBS_VALUE","United Arab Emirates","Implicit fossil fuel subsidies","Electricity","Percent of GDP","Annual","Units","0","0","0","0","0","0","0","0","0","0","0","0","0","0","0","0","0","","","",""
"IMF.STA:FFS(1.0.2)","MNG.IM.ECY.POGDP_PT.A","OBS_VALUE","Mongolia","Implicit fossil fuel subsidies","Electricity","Percent of GDP","Annual","Units","0","0","0","0","0","0","0","0","0","0","0","0","0","0","0","0","0","","","",""
"IMF.STA:FFS(1.0.2)","HTI.IM.ECY.POGDP_PT.A","OBS_VALUE","Haiti","Implicit fossil fuel subsidies","Electricity","Percent of GDP","Annual","Units","0","0","0","0","0","0","0","0","0","0","0","0","0","0","0","0","0","","","",""
"IMF.STA:FFS(1.0.2)","MDA.IM.ECY.POGDP_PT.A","OBS_VALUE","Moldova, Republic of","Implicit fossil fuel subsidies","Electricity","Percent of GDP","Annual","Units","0","0","0","0","0","0","0","0","0","0","0","0","0","0","0","0","0","","","",""
"IMF.STA:FFS(1.0.2)","SAU.IM.ECY.POGDP_PT.A","OBS_VALUE","Saudi Arabia","Implicit fossil fuel subsidies","Electricity","Percent of GDP","Annual","Units","0","0","0","0","0","0","0","0","0","0","0","0","0","0","0","0","0","","","",""
"IMF.STA:FFS(1.0.2)","UKR.IM.ECY.POGDP_PT.A","OBS_VALUE","Ukraine","Implicit fossil fuel subsidies","Electricity","Percent of GDP","Annual","Units","0","0","0","0","0","0","0","0","0","0","0","0","0","0","0","0","0","","","",""
"IMF.STA:FFS(1.0.2)","ZMB.IM.ECY.POGDP_PT.A","OBS_VALUE","Zambia","Implicit fossil fuel subsidies","Electricity","Percent of GDP","Annual","Units","0","0","0","0","0","0","0","0","0","0","0","0","0","0","0","0","0","","","",""
"IMF.STA:FFS(1.0.2)","NZL.IM.ECY.POGDP_PT.A","OBS_VALUE","New Zealand","Implicit fossil fuel subsidies","Electricity","Percent of GDP","Annual","Units","0","0","0","0","0","0","0","0","0","0","0","0","0","0","0","0","0","","","",""
"IMF.STA:FFS(1.0.2)","BEL.IM.NGA.POGDP_PT.A","OBS_VALUE","Belgium","Implicit fossil fuel subsidies","Natural Gas","Percent of GDP","Annual","Units","0.3886696091762466","0.3607232242325833","0.4168466507098431","0.3638427665654896","0.3809935300366387","0.3655318889341097","0.496091762880491","0.4808311334105508","0.01659789308826174","0.1481582261656672","0.1464992772235033","0.1522059612820299","0.1598554979615619","0.1678244121744468","0.1741932193003418","0.1787552263939237","0.1826830524353462","","","",""
"IMF.STA:FFS(1.0.2)","YEM.IM.NGA.POGDP_PT.A","OBS_VALUE","Yemen, Republic of","Implicit fossil fuel subsidies","Natural Gas","Percent of GDP","Annual","Units","1.105568098915169","0.7081362081778405","0.02762847702056337","0.02571618135329311","0.02356700147525399","0.02876131224866564","0.03113785976831225","0.7412943185216943","0.8806300769291396","1.340031279546396","1.094243748745507","1.400401681561545","1.563496196041794","1.582642849015685","1.607411179849789","1.62832989006473","1.640661574149033","","","",""
"IMF.STA:FFS(1.0.2)","NPL.IM.NGA.POGDP_PT.A","OBS_VALUE","Nepal","Implicit fossil fuel subsidies","Natural Gas","Percent of GDP","Annual","Units","0","0","0","0","0","0","0","0","0","0","0","0","0","0","0","0","0","","","",""
"IMF.STA:FFS(1.0.2)","LUX.IM.NGA.POGDP_PT.A","OBS_VALUE","Luxembourg","Implicit fossil fuel subsidies","Natural Gas","Percent of GDP","Annual","Units","0.1979730373827272","0.1902086606865036","0.1869166790609266","0.1627283891940694","0.1621679885834677","0.1400442921034622","0.159219974793251","0.08808429004729633","0.07872369479661607","0.09255160340732555","0.08639215633831997","0.08598911503524089","0.08639735730934912","0.0877433714342952","0.08894455006987343","0.08865201190936788","0.08828162377757612","","","",""
"IMF.STA:FFS(1.0.2)","IRL.IM.NGA.POGDP_PT.A","OBS_VALUE","Ireland","Implicit fossil fuel subsidies","Natural Gas","Percent of GDP","Annual","Units","0.1242264587974188","0.1484623744970125","0.141939620736427","0.1103539933188074","0.1070015942526258","0.08577463805989912","0.1606222394452566","0.1734838016614243","0","0.02777981669044612","0.024647479739246","0.0252214207603404","0.02600051015525462","0.02681535993785796","0.02765412195583103","0.02804772514176746","0.02838663207592471","","","",""
"IMF.STA:FFS(1.0.2)","RUS.IM.NGA.POGDP_PT.A","OBS_VALUE","Russian Federation","Implicit fossil fuel subsidies","Natural Gas","Percent of GDP","Annual","Units","4.8185122919632","5.199165810767145","4.372661970039363","4.499229238615641","4.3149741738429","4.871627236705305","4.56718940619908","3.533637212499137","4.201192914016638","4.19670381668313","3.491192973515283","3.27704978406359","3.3967961753155","3.292872221760644","3.222670644713033","3.184465240640865","3.17417396030174","","","",""
"IMF.STA:FFS(1.0.2)","BDI.IM.NGA.POGDP_PT.A","OBS_VALUE","Burundi","Implicit fossil fuel subsidies","Natural Gas","Percent of GDP","Annual","Units","0","0","0","0","0","0","0","0","0","0","0","0","0","0","0","0","0","","","",""
"IMF.STA:FFS(1.0.2)","LBN.IM.NGA.POGDP_PT.A","OBS_VALUE","Lebanon","Implicit fossil fuel subsidies","Natural Gas","Percent of GDP","Annual","Units","","","","","","","0","0","0","0","0","","","","","","","","","",""
"IMF.STA:FFS(1.0.2)","ECU.IM.NGA.POGDP_PT.A","OBS_VALUE","Ecuador","Implicit fossil fuel subsidies","Natural Gas","Percent of GDP","Annual","Units","0.02421514867910417","0.00003163668132113921","0.06759042521612897","0.07543108948149313","0.06835649828024467","0.06610732034767804","0.0633860769931071","0.08660208411515881","0.07972395391344555","0.08031613755645752","0.07279373262361672","0.06904927703037533","0.06430198458569315","0.06169775639167071","0.05965784760632945","0.05763297922230488","0.0553489510463833","","","",""
"IMF.STA:FFS(1.0.2)","PNG.IM.NGA.POGDP_PT.A","OBS_VALUE","Papua New Guinea","Implicit fossil fuel subsidies","Natural Gas","Percent of GDP","Annual","Units","0.3046471043533189","0.3722212692178313","0.362023952657152","0.267348897418392","0.3114781370395935","0.5981629703739594","0.5612452128862596","0.6236617612209626","0.7260326640572164","0.8317812833664212","0.8284965117290445","0.8493727999149847","0.8770597273788594","0.8789254727411852","0.8803863837275454","0.8664503558116313","0.8425766348247637","","","",""
"IMF.STA:FFS(1.0.2)","AZE.IM.NGA.POGDP_PT.A","OBS_VALUE","Azerbaijan, Republic of","Implicit fossil fuel subsidies","Natural Gas","Percent of GDP","Annual","Units","2.942160065788143","4.287956788954635","3.849885595652814","3.56491833103775","3.663535202998034","4.307010423254398","3.771039177963679","2.620289991287755","2.993532169138294","3.065194449520329","3.06057345574587","3.076306223291823","3.002902943257683","2.918342991818318","2.825056642805359","2.732976291173117","2.632253661873196","","","",""
"IMF.STA:FFS(1.0.2)","SDN.IM.NGA.POGDP_PT.A","OBS_VALUE","Sudan","Implicit fossil fuel subsidies","Natural Gas","Percent of GDP","Annual","Units","0","0","0","0","0","0","0","0","0","0","0","0","0","0","0","0","0","","","",""
"IMF.STA:FFS(1.0.2)","TKM.IM.NGA.POGDP_PT.A","OBS_VALUE","Turkmenistan","Implicit fossil fuel subsidies","Natural Gas","Percent of GDP","Annual","Units","9.181984539560452","9.332884651741294","9.855417095338462","10.20306013471508","9.01990300412996","9.719844790183808","12.4392572121636","11.52803194548574","10.18894337787446","9.574070717416609","8.885686013136297","8.511717015246849","8.304802006443155","8.044514741055381","7.780245658195491","7.521369988242483","7.252403843715046","","","",""
"IMF.STA:FFS(1.0.2)","CZE.IM.NGA.POGDP_PT.A","OBS_VALUE","Czech Republic","Implicit fossil fuel subsidies","Natural Gas","Percent of GDP","Annual","Units","0.5925906781828063","0.6322504170719376","0.59358035411019","0.481745512118917","0.4720800526307819","0.483144262617598","0.5664612875006555","0.6113124712861056","0.217142431369245","0.3873218078873118","0.3524823451911123","0.3469772913669694","0.3497606017676504","0.3540707466467623","0.357280930765787","0.3542561381054553","0.3519169878013715","","","",""
"IMF.STA:FFS(1.0.2)","IRN.IM.NGA.POGDP_PT.A","OBS_VALUE","Iran, Islamic Republic of","Implicit fossil fuel subsidies","Natural Gas","Percent of GDP","Annual","Units","5.602438876464973","6.116695376629788","6.264002813942663","9.182619541568527","13.93036125943782","18.5002062695805","13.3785463534556","11.23916535178937","11.43881835496451","11.98041191374372","13.4185446594631","17.18113571340833","16.94850092996713","16.88408430476921","16.81980060426174","16.69689635379956","16.56760911671275","","","",""
"IMF.STA:FFS(1.0.2)","TGO.IM.NGA.POGDP_PT.A","OBS_VALUE","Togo","Implicit fossil fuel subsidies","Natural Gas","Percent of GDP","Annual","Units","0.05430670142898565","0.02111488078409198","0.08348150479940237","0.0895926186255253","0.2329570877874019","0.2279396040475612","0.2681602305971876","0.2832848857002853","0.2685863445795306","0.2510094257288961","0.2271329574135879","0.2099576841643069","0.199215009703057","0.1892718664508752","0.1795660031826977","0.1709217439181053","0.1626510601212885","","","",""
"IMF.STA:FFS(1.0.2)","MEX.IM.NGA.POGDP_PT.A","OBS_VALUE","Mexico","Implicit fossil fuel subsidies","Natural Gas","Percent of GDP","Annual","Units","0.8697664444607902","0.9854749094456992","0.9509600967588813","0.9307907619102872","0.908023841420606","1.008610510692822","0.9521478307191401","0.6655986580899833","0.5077537024080816","0.6190826356546595","0.5049279165199315","0.4213950681577321","0.397761257124729","0.3926984479637474","0.3895933296557555","0.3839996104966083","0.3772406376200231","","","",""
"IMF.STA:FFS(1.0.2)","FJI.IM.NGA.POGDP_PT.A","OBS_VALUE","Fiji, Republic of","Implicit fossil fuel subsidies","Natural Gas","Percent of GDP","Annual","Units","0","0","0","0","0","0","0","0","0","0","0","0","0","0","0","0","0","","","",""
"IMF.STA:FFS(1.0.2)","GTM.IM.NGA.POGDP_PT.A","OBS_VALUE","Guatemala","Implicit fossil fuel subsidies","Natural Gas","Percent of GDP","Annual","Units","0","0","0","0","0","0.000255293014127061","0.0005734816142525816","0","0","0","0","0","0","0","0","0","0","","","",""
"IMF.STA:FFS(1.0.2)","MKD.IM.NGA.POGDP_PT.A","OBS_VALUE","North Macedonia, Republic of","Implicit fossil fuel subsidies","Natural Gas","Percent of GDP","Annual","Units","0.1520165565989241","0.2544462439391053","0.3341870205573708","0.2893147102969881","0.3445176472902156","0.4117981181468654","0.4887256591064565","0.8758313486092601","0.1885042504043014","0.6273526592462551","0.6194555528111151","0.5213572731600086","0.4525660102746206","0.407293374370909","0.2966757206124278","0.2108449778852055","0.1683294229700283","","","",""
"IMF.STA:FFS(1.0.2)","ISL.IM.NGA.POGDP_PT.A","OBS_VALUE","Iceland","Implicit fossil fuel subsidies","Natural Gas","Percent of GDP","Annual","Units","0","0","0","0","0","0","0","0","0","0","0","0","0","0","0","0","0","","","",""
"IMF.STA:FFS(1.0.2)","BEN.IM.NGA.POGDP_PT.A","OBS_VALUE","Benin","Implicit fossil fuel subsidies","Natural Gas","Percent of GDP","Annual","Units","0.03644986871026648","0.002258312965759121","0.04301186221668261","0.01927466663097607","0.05634763973816018","0.1593068565091674","0.1604215503117566","0.2087975791448735","0.1941315899890843","0.1836750121129764","0.1621654248399869","0.1505121269742784","0.1433373021922873","0.136834534281961","0.1309096312583868","0.1260380206823767","0.1215677947584555","","","",""
"IMF.STA:FFS(1.0.2)","FRA.IM.NGA.POGDP_PT.A","OBS_VALUE","France","Implicit fossil fuel subsidies","Natural Gas","Percent of GDP","Annual","Units","0.182623374392714","0.1589343718710126","0.1232597449530307","0.05608459859832865","0.05157906083145223","0.04668667318759744","0.2747453320999713","0.2876689210187898","0.06911159826939562","0","0","0","0","0","0","0","0","","","",""
"IMF.STA:FFS(1.0.2)","SWE.IM.NGA.POGDP_PT.A","OBS_VALUE","Sweden","Implicit fossil fuel subsidies","Natural Gas","Percent of GDP","Annual","Units","0.0014634458891054","0.001865720281195405","0","0","0","0","0","0.003900418855585332","0","0","0","0","0","0","0","0","0","","","",""
"IMF.STA:FFS(1.0.2)","GBR.IM.NGA.POGDP_PT.A","OBS_VALUE","United Kingdom","Implicit fossil fuel subsidies","Natural Gas","Percent of GDP","Annual","Units","0.3492152143031402","0.4412117375462086","0.4376855860877675","0.3733111382482555","0.3463376904488728","0.3357229771711558","0.4584824075322607","0.4671993719849844","0.09485458058311825","0.3674282608103652","0.3394248405166629","0.339016751400876","0.3344520671115298","0.3305357089438283","0.3250781633739686","0.3141703325346936","0.3037299522463616","","","",""
"IMF.STA:FFS(1.0.2)","ARE.IM.NGA.POGDP_PT.A","OBS_VALUE","United Arab Emirates","Implicit fossil fuel subsidies","Natural Gas","Percent of GDP","Annual","Units","2.592553050399423","2.695229518754107","2.374271066545906","1.957546000153182","2.304136394084775","2.88061805722553","2.455439580518944","2.130139630435467","2.169520348267186","2.189415836655272","2.161936103629245","2.052902123682999","2.028142965166407","1.975917931893282","1.919477559292906","1.867223962021782","1.81458435153121","","","",""
"IMF.STA:FFS(1.0.2)","COG.IM.NGA.POGDP_PT.A","OBS_VALUE","Congo, Republic of","Implicit fossil fuel subsidies","Natural Gas","Percent of GDP","Annual","Units","0.5756343689586386","0.7348249757144562","0.731130596298639","0.6810284900477653","1.035145425810407","1.347529385009227","1.223741468010192","1.338305101467471","1.352702254819758","1.314095476048548","1.251705697853819","1.169160024906491","1.122868537943374","1.070955855892799","1.020932433656283","0.9755448116790741","0.9253623404732018","","","",""
"IMF.STA:FFS(1.0.2)","MOZ.IM.NGA.POGDP_PT.A","OBS_VALUE","Mozambique, Republic of","Implicit fossil fuel subsidies","Natural Gas","Percent of GDP","Annual","Units","0.4662035858277793","1.067491194213829","0.9060663547697268","0.8151258204341457","0.9272288835864423","0.9505233918732536","0.9533381403420163","1.031064857160166","1.103535447442834","0.5335530208142406","0.9887327094921612","1.120900706325133","1.275615241942364","1.452031919180833","1.620766277163427","1.576271617820896","1.482749678053967","","","",""
"IMF.STA:FFS(1.0.2)","DEU.IM.NGA.POGDP_PT.A","OBS_VALUE","Germany","Implicit fossil fuel subsidies","Natural Gas","Percent of GDP","Annual","Units","0.1838668286863495","0.2097341186419174","0.2086749824421631","0.1794757993125502","0.1745236582226348","0.166859299391662","0.3981318953682374","0.451812804454251","0.003357356297001018","0","0.001746557608938521","0.006440653986575805","0.01094217256110407","0.01529363548546093","0.01940512912338062","0.02305687030376926","0.02647892607404052","","","",""
"IMF.STA:FFS(1.0.2)","PAK.IM.NGA.POGDP_PT.A","OBS_VALUE","Pakistan","Implicit fossil fuel subsidies","Natural Gas","Percent of GDP","Annual","Units","0.7714564712095407","0.7125431013667877","0.8555134163460468","0.9227365394469408","0.9198234435543046","0.9776361221984669","0.9085237690413528","1.021111956043714","1.184533687948657","0.565895869983022","0.4929042144849359","","","","","","","","","",""
"IMF.STA:FFS(1.0.2)","VEN.IM.NGA.POGDP_PT.A","OBS_VALUE","Venezuela, República Bolivariana de","Implicit fossil fuel subsidies","Natural Gas","Percent of GDP","Annual","Units","2.601842173556538","2.91886837724857","2.91905956953075","2.93701140412245","3.433855867458254","4.468648724383397","3.57124091298957","3.179160215895477","2.852717025023637","3.110857546822887","3.408829787228705","3.575827909319849","3.690916430290539","","","","","","","",""
"IMF.STA:FFS(1.0.2)","GHA.IM.NGA.POGDP_PT.A","OBS_VALUE","Ghana","Implicit fossil fuel subsidies","Natural Gas","Percent of GDP","Annual","Units","0","0.01780257607476237","0.2243814022465414","0.1231341026779215","0.2084498054274101","0.3589783609934778","0.3551167215180742","0.3615663110467572","0.44812610359285","0.381598656805099","0.315408068471447","0.3254705758960906","0.3277272343230002","0.3358059329400349","0.3292112091748221","0.3219024644745596","0.3140291004479692","","","",""
"IMF.STA:FFS(1.0.2)","PRY.IM.NGA.POGDP_PT.A","OBS_VALUE","Paraguay","Implicit fossil fuel subsidies","Natural Gas","Percent of GDP","Annual","Units","0","0","0","0","0","0","0","0","0","0","0","0","0","0","0","0","0","","","",""
"IMF.STA:FFS(1.0.2)","CAN.IM.NGA.POGDP_PT.A","OBS_VALUE","Canada","Implicit fossil fuel subsidies","Natural Gas","Percent of GDP","Annual","Units","0.8587791497387157","0.9204381509964843","0.8921129766770307","1.004419163552734","1.019964764699986","0.9929511406790887","0.9435802368486243","0.7054182873594744","0.4871821842806992","0.4160901838717581","0.3896278672939151","0.3701484611135473","0.3689222282358776","0.3719090335279847","0.3743406628535341","0.3729580225293517","0.370607080336338","","","",""
"IMF.STA:FFS(1.0.2)","KHM.IM.NGA.POGDP_PT.A","OBS_VALUE","Cambodia","Implicit fossil fuel subsidies","Natural Gas","Percent of GDP","Annual","Units","0","0","0","0","0","0","0","0","0","0","0","0","0","0","0","0","0","","","",""
"IMF.STA:FFS(1.0.2)","SLV.IM.NGA.POGDP_PT.A","OBS_VALUE","El Salvador","Implicit fossil fuel subsidies","Natural Gas","Percent of GDP","Annual","Units","0","0","0","0","0","0","0.00008194706219782021","0","0","0","0","0","0","0","0","0","0","","","",""
"IMF.STA:FFS(1.0.2)","KAZ.IM.NGA.POGDP_PT.A","OBS_VALUE","Kazakhstan, Republic of","Implicit fossil fuel subsidies","Natural Gas","Percent of GDP","Annual","Units","1.099145008065203","1.644132861620101","1.532458860594404","1.451432007551958","1.416350078057063","1.640651499060116","1.69157228609874","2.386677855348492","2.235029604441569","1.995901532602512","1.950350349900348","1.649423643986677","1.557925245613477","1.476453903725174","1.479461629984355","1.46709133525401","1.443765157225283","","","",""
"IMF.STA:FFS(1.0.2)","GUY.IM.NGA.POGDP_PT.A","OBS_VALUE","Guyana","Implicit fossil fuel subsidies","Natural Gas","Percent of GDP","Annual","Units","0","0","0","0.0001432857169413638","0.001146168357248887","0.003502869633066039","0.002300542544772255","0","0","0","0","0","0","0","0","0","0","","","",""
"IMF.STA:FFS(1.0.2)","HUN.IM.NGA.POGDP_PT.A","OBS_VALUE","Hungary","Implicit fossil fuel subsidies","Natural Gas","Percent of GDP","Annual","Units","1.024556163230963","1.080776328543139","1.04261864688477","0.9165613581751384","0.8972573018354233","0.99144847144626","1.056535546170114","1.057179494581143","0.5805625929199466","0.7033079794187084","0.6529964021922249","0.6336536206343645","0.6307022164526999","0.6286195748808945","0.6232429428647784","0.6116764996417823","0.6011837742195263","","","",""
"IMF.STA:FFS(1.0.2)","IRQ.IM.NGA.POGDP_PT.A","OBS_VALUE","Iraq","Implicit fossil fuel subsidies","Natural Gas","Percent of GDP","Annual","Units","0.4051428144837927","0.6912168592088494","0.8322755196800617","0.9840510429204575","1.068946039246913","1.09724072066002","1.511296463606113","1.405781014549975","2.0841613047025","1.981764653399218","1.938714424494792","2.194038155499948","1.989657101469018","1.910588114651596","1.82347512063618","1.741791377405309","1.654246914219805","","","",""
"IMF.STA:FFS(1.0.2)","LBR.IM.NGA.POGDP_PT.A","OBS_VALUE","Liberia","Implicit fossil fuel subsidies","Natural Gas","Percent of GDP","Annual","Units","0","0","0","0","0","0","0","0","0","0","0","0","0","0","0","0","0","","","",""
"IMF.STA:FFS(1.0.2)","ZWE.IM.NGA.POGDP_PT.A","OBS_VALUE","Zimbabwe","Implicit fossil fuel subsidies","Natural Gas","Percent of GDP","Annual","Units","0","0","0","0","0","0","0","0","0","0","0","0","0","0","0","0","0","","","",""
"IMF.STA:FFS(1.0.2)","COM.IM.NGA.POGDP_PT.A","OBS_VALUE","Comoros, Union of the","Implicit fossil fuel subsidies","Natural Gas","Percent of GDP","Annual","Units","0","0","0","0","0","0","0","0","0","0","0","0","0","0","0","0","0","","","",""
"IMF.STA:FFS(1.0.2)","GRC.IM.NGA.POGDP_PT.A","OBS_VALUE","Greece","Implicit fossil fuel subsidies","Natural Gas","Percent of GDP","Annual","Units","0.1037840843898088","0.1541274363128003","0.2229059887097947","0.2266313834109018","0.2389049905494908","0.3026433552105951","0.4982920608983661","0.4339722060225936","0.05240850989977784","0.1630853937202498","0.1521248681800796","0.1512388703476896","0.1521100678310963","0.152829417504691","0.1531990531259713","0.1515944137748959","0.1500229863337696","","","",""
"IMF.STA:FFS(1.0.2)","KEN.IM.NGA.POGDP_PT.A","OBS_VALUE","Kenya","Implicit fossil fuel subsidies","Natural Gas","Percent of GDP","Annual","Units","0","0","0","0","0","0","0","0","0","0","0","0","0","0","0","0","0","","","",""
"IMF.STA:FFS(1.0.2)","CMR.IM.NGA.POGDP_PT.A","OBS_VALUE","Cameroon","Implicit fossil fuel subsidies","Natural Gas","Percent of GDP","Annual","Units","0.2018908659830567","0.2108862515806091","0.2248626218927951","0.2702024323933638","0.2633961776195496","0.335966047499596","0.2537415107975379","0.09910205321482815","0.1434720074127704","0.1674474526007718","0.18566083314865","0.2300478843798628","0.2170092590534242","0.2005138902889363","0.1856799063391053","0.1712874110420669","0.158502428563051","","","",""
"IMF.STA:FFS(1.0.2)","GNQ.IM.NGA.POGDP_PT.A","OBS_VALUE","Equatorial Guinea, Republic of","Implicit fossil fuel subsidies","Natural Gas","Percent of GDP","Annual","Units","1.249716706007683","1.622631225157301","1.522982299668892","1.336932174820422","1.546425932913175","1.705884885621179","1.510833526491211","1.253502656475746","1.38402492022489","1.367317913345743","1.339565654592153","1.207006674911617","1.273372674985516","1.285350198702055","1.299141350570112","1.321129250195032","1.372480051355012","","","",""
"IMF.STA:FFS(1.0.2)","LAO.IM.NGA.POGDP_PT.A","OBS_VALUE","Lao People's Democratic Republic","Implicit fossil fuel subsidies","Natural Gas","Percent of GDP","Annual","Units","0","0","0","0","0","0","0","0","0","0","0","0","0","0","0","0","0","","","",""
"IMF.STA:FFS(1.0.2)","THA.IM.NGA.POGDP_PT.A","OBS_VALUE","Thailand","Implicit fossil fuel subsidies","Natural Gas","Percent of GDP","Annual","Units","1.439126530619243","1.417528571133365","1.276703793835987","1.182165111239371","1.204191965973484","1.210922054130381","1.243956798542369","1.328568644727764","1.286461239254282","1.303600523112155","1.22228648654647","1.255608334660183","1.273755832280574","1.278792300325704","1.260084003359456","1.233238066881452","1.19987174625651","","","",""
"IMF.STA:FFS(1.0.2)","TUN.IM.NGA.POGDP_PT.A","OBS_VALUE","Tunisia","Implicit fossil fuel subsidies","Natural Gas","Percent of GDP","Annual","Units","1.288753085427868","0.6398954176983467","1.850094223452454","2.292161974109801","0.5052555202630879","0.2693416317551549","1.682535343876563","2.218312395098512","2.054365452190567","1.99842109354225","1.794418370779617","1.787808439261753","1.905542280610983","1.961569885468968","1.99837422826939","2.033199902276303","2.06393661021806","","","",""
"IMF.STA:FFS(1.0.2)","ALB.IM.NGA.POGDP_PT.A","OBS_VALUE","Albania","Implicit fossil fuel subsidies","Natural Gas","Percent of GDP","Annual","Units","0.04409211972979964","0.05487507592391128","0.0549635712438361","0.04169086959133881","0.0733060195823422","0.05501444003557654","0.05160882121679982","0.051541361102657","0.04008562831864848","0.03653756566307862","0.03408195268766721","0.03294481508468165","0.03303406085319123","0.03272687014738928","0.03237613660030981","0.03183966813889326","0.03127231543459547","","","",""
"IMF.STA:FFS(1.0.2)","MYS.IM.NGA.POGDP_PT.A","OBS_VALUE","Malaysia","Implicit fossil fuel subsidies","Natural Gas","Percent of GDP","Annual","Units","1.658129207466375","1.470658045547545","0.9382843672748502","1.152226029697175","0.1911896608047678","0.0009033878411628623","1.514737667261076","1.777819017113674","1.778696915021937","1.691938522436653","1.508866251314568","1.463973846165849","1.448122325317999","1.426603051553862","1.405972555918492","1.386498097514948","1.359800426137675","","","",""
"IMF.STA:FFS(1.0.2)","TTO.IM.NGA.POGDP_PT.A","OBS_VALUE","Trinidad and Tobago","Implicit fossil fuel subsidies","Natural Gas","Percent of GDP","Annual","Units","4.146043616696949","4.079735783328056","4.1074988068987","4.247214406128394","4.26378852706778","4.431701596226367","3.369672500428622","2.881408092483428","3.253938480309456","3.273185323106317","3.255258145454258","3.171597717519252","3.068320521143293","2.992054194438156","2.945492468800767","2.901222083592228","2.865607849898754","","","",""
"IMF.STA:FFS(1.0.2)","COL.IM.NGA.POGDP_PT.A","OBS_VALUE","Colombia","Implicit fossil fuel subsidies","Natural Gas","Percent of GDP","Annual","Units","0.4945668583225259","0.5406361322943712","0.4606689562174685","0.4566647108583962","0.3929808317361957","0.5285559031519568","0.4538368526291037","0.2938899049054395","0.273556742884498","0.2403752638919399","0.1913302995915826","0.1614375131429215","0.1634363719900749","0.1650568734721939","0.1664097950450345","0.164937908335659","0.1633972490039094","","","",""
"IMF.STA:FFS(1.0.2)","DOM.IM.NGA.POGDP_PT.A","OBS_VALUE","Dominican Republic","Implicit fossil fuel subsidies","Natural Gas","Percent of GDP","Annual","Units","0.00804464664880979","0.007774495671927041","0.007473118164099883","0.00755396806967212","0.007472135924160075","0.008719740622496647","0.006239477185327587","0.005636825573556105","0.005519238581015011","0.005931914529391475","0.00558854297515323","0.005425498354615761","0.005415372711580258","0.005380989641131939","0.005336538053381822","0.005239599824976602","0.005132878689824401","","","",""
"IMF.STA:FFS(1.0.2)","GHA.IM.OIL.POGDP_PT.A","OBS_VALUE","Ghana","Implicit fossil fuel subsidies","Petroleum","Percent of GDP","Annual","Units","1.321664823098801","0.07955184774456935","0.2326895087498239","0.11217313827459","0.08323755575845433","0.1027336706354798","1.031413029338049","0.9750430295346544","1.491511332580863","0.901233852183558","0.7287457231128577","0.8269789788375279","0.9345278307421046","1.032157269292111","1.103343954909696","1.195887518385246","1.287543206532239","","","",""
"IMF.STA:FFS(1.0.2)","IDN.IM.OIL.POGDP_PT.A","OBS_VALUE","Indonesia","Implicit fossil fuel subsidies","Petroleum","Percent of GDP","Annual","Units","5.374431764843545","5.172737093410747","5.00891005279219","5.210851286019617","5.135771333870005","4.760162308382493","4.693920769253279","5.189012605699598","5.386371113488705","5.735053017454339","5.871665873199377","5.858461786953784","5.794746351962223","5.721671472913261","5.647702772233707","5.592644477769518","5.532806229230507","","","",""
"IMF.STA:FFS(1.0.2)","SLE.IM.NGA.POGDP_PT.A","OBS_VALUE","Sierra Leone","Implicit fossil fuel subsidies","Natural Gas","Percent of GDP","Annual","Units","0","0","0","0","0","0","0","0","0","0","0","0","0","0","0","0","0","","","",""
"IMF.STA:FFS(1.0.2)","BGD.IM.OIL.POGDP_PT.A","OBS_VALUE","Bangladesh","Implicit fossil fuel subsidies","Petroleum","Percent of GDP","Annual","Units","2.340101860258388","2.468385944543293","2.66508978263483","3.29649746320974","3.090812417130186","2.691939684465413","2.234058175023416","2.901518345244795","2.689333008000998","3.171495354501525","3.68973845221299","3.795890202791061","4.048071954739177","4.271387151061091","4.424039419705471","4.594388855533873","4.747329530337756","","","",""
"IMF.STA:FFS(1.0.2)","LTU.IM.NGA.POGDP_PT.A","OBS_VALUE","Lithuania, Republic of","Implicit fossil fuel subsidies","Natural Gas","Percent of GDP","Annual","Units","0.4687134222053336","0.4208949722791499","0.3067891353827471","0.2474080509888396","0.233737673426884","0.2911944335173359","0.1428463115337066","0.1348908783920807","0.1148546003242146","0.222028894812658","0.206810394610121","0.2030245975000715","0.2047894486913623","0.2043919488892727","0.2046942210737008","0.2006653213822999","0.1976268651745357","","","",""
"IMF.STA:FFS(1.0.2)","LBY.IM.NGA.POGDP_PT.A","OBS_VALUE","Libya","Implicit fossil fuel subsidies","Natural Gas","Percent of GDP","Annual","Units","2.102056961762244","2.178255977307688","1.711794049548045","1.510868606367866","1.75950002911001","2.249757629349541","4.084489745025709","2.737164637869144","2.78074878212685","2.618547386876152","3.041666548557032","2.70013432813057","2.906189749188822","3.005059760515118","3.145227872006842","3.325028678870162","3.519593186334182","","","",""
"IMF.STA:FFS(1.0.2)","CZE.IM.OIL.POGDP_PT.A","OBS_VALUE","Czech Republic","Implicit fossil fuel subsidies","Petroleum","Percent of GDP","Annual","Units","0.2835642556255734","0.4254898349929286","0.4229910763852268","0.4020827921049559","0.4205263589102198","0.08948904160242564","0.6138387116944581","0.9869212005458892","1.035374318969224","1.144100982520695","1.04243074369591","0.977994934458876","0.9795404472582567","0.9878209500680372","0.9975752884479299","1.004074634143229","1.009493534175649","","","",""
"IMF.STA:FFS(1.0.2)","HRV.IM.NGA.POGDP_PT.A","OBS_VALUE","Croatia, Republic of","Implicit fossil fuel subsidies","Natural Gas","Percent of GDP","Annual","Units","0.5997679777993674","0.6284495613066427","0.6954711222296337","0.5972115055524565","0.6005673151237135","0.67057076598704","0.6665988860284868","0.6924325557776239","0.3180024219146202","0.4092798900633949","0.3688539238001847","0.3594812547179379","0.3573503604275062","0.3574807116085236","0.356184812751937","0.3507386547005544","0.3450741727106684","","","",""
"IMF.STA:FFS(1.0.2)","BFA.IM.OIL.POGDP_PT.A","OBS_VALUE","Burkina Faso","Implicit fossil fuel subsidies","Petroleum","Percent of GDP","Annual","Units","0.2279052343303764","0.2999620399704302","0.4254509305537857","0.1520993440504061","0.4903164417376695","0.1916463526826064","1.153983662364325","3.994349271027172","1.45906350542358","1.156304897701983","1.098021901106993","1.029769803864506","1.04105002231539","1.088284287049538","1.133223366967419","1.214899413247729","1.296715166175056","","","",""
"IMF.STA:FFS(1.0.2)","NAM.IM.NGA.POGDP_PT.A","OBS_VALUE","Namibia","Implicit fossil fuel subsidies","Natural Gas","Percent of GDP","Annual","Units","0","0","0","0","0","0","0","0","0","0","0","0","0","0","0","0","0","","","",""
"IMF.STA:FFS(1.0.2)","PAN.IM.NGA.POGDP_PT.A","OBS_VALUE","Panama","Implicit fossil fuel subsidies","Natural Gas","Percent of GDP","Annual","Units","0","0","0","0.05680722033096476","0.1745217554091603","0.117794061032095","0.1220376660216816","0.138849252603031","0.1045714335826349","0.0982960523107825","0.0531320275553293","0.03833193871797038","0.02860590488099391","0.02795905270744036","0.02829176093231466","0.02841497317407126","0.02742560223050882","","","",""
"IMF.STA:FFS(1.0.2)","TKM.IM.OIL.POGDP_PT.A","OBS_VALUE","Turkmenistan","Implicit fossil fuel subsidies","Petroleum","Percent of GDP","Annual","Units","9.490324257270934","8.751830176893311","9.119883707480018","8.286890245331016","7.581359192672898","6.99434353956938","6.580361301379103","6.221040799151281","5.731415813113678","5.401515294789867","5.059629218642233","4.886138489611456","4.740358693348032","4.552984266548197","4.366814076573718","4.192002590443853","4.022056419275892","","","",""
"IMF.STA:FFS(1.0.2)","CYP.IM.NGA.POGDP_PT.A","OBS_VALUE","Cyprus","Implicit fossil fuel subsidies","Natural Gas","Percent of GDP","Annual","Units","0","0","0","0","0","0","0","0","0","0","0","0","0","0","0","0","0","","","",""
"IMF.STA:FFS(1.0.2)","MKD.IM.OIL.POGDP_PT.A","OBS_VALUE","North Macedonia, Republic of","Implicit fossil fuel subsidies","Petroleum","Percent of GDP","Annual","Units","1.25581911111089","1.511641400538813","1.455373727073203","0.7543044402749355","0.9361174066069569","0.381150075906179","1.73955772338641","3.212367159623404","2.904626676420539","2.945585889692321","2.789779616552905","2.650343153582207","2.628473238084219","2.61604931537673","2.611568562390661","2.58343347615595","2.549847608661904","","","",""
"IMF.STA:FFS(1.0.2)","BGR.IM.NGA.POGDP_PT.A","OBS_VALUE","Bulgaria","Implicit fossil fuel subsidies","Natural Gas","Percent of GDP","Annual","Units","0.7907132977699614","0.7715761813415864","0.742586721482089","0.6130709043008442","0.4987485848703277","0.4763471019081312","0.6481705938220259","0.9747989705876031","0.09433282694868177","0.3551393754686459","0.3316756599179293","0.3297357602638141","0.3321218151697514","0.330944634371076","0.3344003442904091","0.3320512782064245","0.3295943594657362","","","",""
"IMF.STA:FFS(1.0.2)","COG.IM.OIL.POGDP_PT.A","OBS_VALUE","Congo, Republic of","Implicit fossil fuel subsidies","Petroleum","Percent of GDP","Annual","Units","1.519907727081184","0.95316233650723","1.120387983496949","1.434300386993762","1.621482453962623","0.1750632679505015","1.086760050447948","1.98126291933979","1.627234768603604","1.097350634783514","1.11798654641336","1.111306672880566","1.132800307835979","1.137017915903712","1.136484726870264","1.150840941213301","1.159926703731795","","","",""
"IMF.STA:FFS(1.0.2)","CPV.IM.NGA.POGDP_PT.A","OBS_VALUE","Cabo Verde","Implicit fossil fuel subsidies","Natural Gas","Percent of GDP","Annual","Units","0","0","0","0","0","0","0","0","0","0","0","0","0","0","0","0","0","","","",""
"IMF.STA:FFS(1.0.2)","KGZ.IM.NGA.POGDP_PT.A","OBS_VALUE","Kyrgyz Republic","Implicit fossil fuel subsidies","Natural Gas","Percent of GDP","Annual","Units","0.5172487042496777","0.5779734026899669","0.5417225078778332","0.5437127997150562","0.4921788707948017","0.6048267872870495","0.6530870952145576","0.4832185987828047","0.4911060701406607","0.4071101271147158","0.525875962403194","0.5851994267272168","0.629979614249531","0.7022007272343181","0.7319724950504625","0.7751006395381793","0.8037368728308101","","","",""
"IMF.STA:FFS(1.0.2)","CIV.IM.OIL.POGDP_PT.A","OBS_VALUE","Côte d'Ivoire","Implicit fossil fuel subsidies","Petroleum","Percent of GDP","Annual","Units","0.6277063748001337","0.9415010229454736","1.452258868886142","1.377598088037215","1.372603261282689","0.6993028599538729","1.427313235813578","2.951706652898333","1.541186506494391","1.157328202206496","1.182577322780973","1.202420108670988","1.267617774132069","1.32483287528568","1.371801871802477","1.461153359488817","1.553958622875528","","","",""
"IMF.STA:FFS(1.0.2)","GAB.IM.OIL.POGDP_PT.A","OBS_VALUE","Gabon","Implicit fossil fuel subsidies","Petroleum","Percent of GDP","Annual","Units","7.005653063817978","6.137210097867402","2.914185344294732","2.613985487535135","2.664398406387723","1.362503754613985","0.2913560189391439","0.9379425893565516","0.8096628911784152","0.771572475055021","0.8376119159756058","0.8299205899375627","0.8355613009089102","0.8319074832703677","0.8251193052475229","0.8228000723165863","0.8207492951913112","","","",""
"IMF.STA:FFS(1.0.2)","PRT.IM.NGA.POGDP_PT.A","OBS_VALUE","Portugal","Implicit fossil fuel subsidies","Natural Gas","Percent of GDP","Annual","Units","0.2892182568552166","0.3071115013220529","0.3592056029564435","0.2914432388290031","0.2779970087424267","0.2588645360120332","0.3807990444535779","0.07302019285035564","0.0146020869962292","0.02195481660194314","0.02397694855995775","0.02607062871614892","0.0294573276769349","0.03346444678746808","0.03711596441076967","0.0401752600752655","0.04285152447288925","","","",""
"IMF.STA:FFS(1.0.2)","UGA.IM.OIL.POGDP_PT.A","OBS_VALUE","Uganda","Implicit fossil fuel subsidies","Petroleum","Percent of GDP","Annual","Units","0.01943525314358093","0.02689068186460286","0.1507182323730047","0.09063220288384349","0.01712854955559973","0.007779720528883901","0.1728160912786858","0.4813320187917452","0.2235916525986572","0.1132953296743258","0.09927668340771485","0.1062952368523543","0.1169271989125966","0.1270206201271214","0.1451394675201099","0.2142124628038294","0.2849169091648005","","","",""
"IMF.STA:FFS(1.0.2)","UZB.IM.NGA.POGDP_PT.A","OBS_VALUE","Uzbekistan, Republic of","Implicit fossil fuel subsidies","Natural Gas","Percent of GDP","Annual","Units","6.542273636818641","7.073234574548152","10.73157265671306","11.17244568815417","10.37500215260951","11.13105855436444","11.0317544335475","9.126150991266345","7.998451347866484","7.234961742154248","6.235380710154248","5.288822664599834","4.960142849620307","4.700991817752815","4.470579404813605","4.277257631740092","4.089503175122192","","","",""
"IMF.STA:FFS(1.0.2)","LVA.IM.OIL.POGDP_PT.A","OBS_VALUE","Latvia, Republic of","Implicit fossil fuel subsidies","Petroleum","Percent of GDP","Annual","Units","0.5389708764115429","0.5599571989605757","0.2987806446608519","0.3812091406151331","0.3367610708549641","0.02636121759678357","0.5240946253304744","0.8937957823311513","0.7323437751325362","0.6254611806071684","0.5505703880677909","0.5253653111845104","0.5272731617847273","0.5300660549890468","0.5336145625616972","0.5349645034440576","0.5352382044292495","","","",""
"IMF.STA:FFS(1.0.2)","PAK.IM.OIL.POGDP_PT.A","OBS_VALUE","Pakistan","Implicit fossil fuel subsidies","Petroleum","Percent of GDP","Annual","Units","2.765657172760867","3.1891011551639","3.375946243373701","3.473448531219081","3.733055014124845","3.473076888470375","4.464866585613069","4.664924198255714","5.164861120909726","4.952736465686287","5.102703074691268","","","","","","","","","",""
"IMF.STA:FFS(1.0.2)","AGO.IM.NGA.POGDP_PT.A","OBS_VALUE","Angola","Implicit fossil fuel subsidies","Natural Gas","Percent of GDP","Annual","Units","0.07633895641903007","0.09185172133659701","0.08108915639510298","0.1410087866255231","0.1963302573162598","0.2738642898908609","0.216191990448443","0.1572033779106219","0.1882471787061758","0.2517560648619985","0.2082490878246216","0.2166906310663015","0.2420351501809955","0.2577180192601514","0.2640376675620423","0.2671830503984635","0.2683508636042553","","","",""
"IMF.STA:FFS(1.0.2)","RWA.IM.NGA.POGDP_PT.A","OBS_VALUE","Rwanda","Implicit fossil fuel subsidies","Natural Gas","Percent of GDP","Annual","Units","0.009734582390789124","0.04492654043155185","0.04486722147081583","0.07191908940924712","0.07935465961125184","0.07944232775174818","0.08085115196161873","0.0711703419557772","0.07220219581358489","0.08911354152438372","0.1035918163637666","0.1054092646529675","0.1089466791842556","0.1162621750318871","0.1181991063640641","0.1183670014972306","0.1175815116746297","","","",""
"IMF.STA:FFS(1.0.2)","TJK.IM.OIL.POGDP_PT.A","OBS_VALUE","Tajikistan, Republic of","Implicit fossil fuel subsidies","Petroleum","Percent of GDP","Annual","Units","2.202790298377335","3.269513889703126","3.298906253359356","3.660719069736524","3.719492486848416","4.142576529887771","4.645571678028141","5.214937576339936","3.833637748467762","3.567390283379537","3.272110544169793","3.030361643958261","3.056213383903631","3.046110339013391","3.033410847431457","3.01701193577495","2.973489016338157","","","",""
"IMF.STA:FFS(1.0.2)","TZA.IM.NGA.POGDP_PT.A","OBS_VALUE","Tanzania, United Republic of","Implicit fossil fuel subsidies","Natural Gas","Percent of GDP","Annual","Units","0","0.0004396395359632574","0.004992901093758229","0","0.07972246796784659","0.1288631888703778","0","0","0.1569189315758077","0.1682037180860136","0.1610554632162454","0.1629811468494915","0.164988368334497","0.1655269293639644","0.1643242496700083","0.1630312166443731","0.1591733254265731","","","",""
"IMF.STA:FFS(1.0.2)","PNG.IM.OIL.POGDP_PT.A","OBS_VALUE","Papua New Guinea","Implicit fossil fuel subsidies","Petroleum","Percent of GDP","Annual","Units","0.004152138893597088","0.004728244174272918","0.004561706316612595","0.005077395977897766","0.004734130382469487","0.005301037447095607","0.1289595078131349","0.6151411094787321","0.06209131283978279","0.1397891529118856","0.1470941293622008","0.1644094145152011","0.1907116633400371","0.2109905805328539","0.2364618142723673","0.2608844751493475","0.2811203769402688","","","",""
"IMF.STA:FFS(1.0.2)","CHL.IM.NGA.POGDP_PT.A","OBS_VALUE","Chile","Implicit fossil fuel subsidies","Natural Gas","Percent of GDP","Annual","Units","0.2185807565360356","0.2339395308433253","0.2120610369638693","0.1996798060416899","0.2589672844744847","0.2878877498592676","0.2258732912947915","0.1859877106512487","0.2053239538842662","0.1903184250242003","0.1382757866688234","0.09866766653680366","0.08517105792463531","0.08078894943935546","0.07841112674005301","0.07592999792385779","0.07461399007318336","","","",""
"IMF.STA:FFS(1.0.2)","SVN.IM.NGA.POGDP_PT.A","OBS_VALUE","Slovenia, Republic of","Implicit fossil fuel subsidies","Natural Gas","Percent of GDP","Annual","Units","0.1187294093199802","0.1288219044568659","0.1369973038188781","0.1184056380149502","0.109988259102914","0.08391977395685916","0.1089615996329041","0.2744615564879544","0.06592638861067096","0.04000093488748554","0.03779854897790928","0.03814974987712432","0.04266952247444407","0.04708771361275295","0.05117864483955022","0.05448331902351366","0.0577122815946247","","","",""
"IMF.STA:FFS(1.0.2)","DEU.IM.OIL.POGDP_PT.A","OBS_VALUE","Germany","Implicit fossil fuel subsidies","Petroleum","Percent of GDP","Annual","Units","1.7099208512698","1.716011892994519","1.545028572052585","1.307151114775637","1.409188261746019","0.8386699255463984","0.5912359700190888","0.9754886850416667","0.8493169130994745","0.9025496660675726","0.8406925506505801","0.7918215809494376","0.7718201438717727","0.7509680687670336","0.7270899865178542","0.7031486209938622","0.6805501018750869","","","",""
"IMF.STA:FFS(1.0.2)","BGD.IM.NGA.POGDP_PT.A","OBS_VALUE","Bangladesh","Implicit fossil fuel subsidies","Natural Gas","Percent of GDP","Annual","Units","1.387472312884007","1.395560852105746","1.31374127726856","1.246855640302566","1.206180249284289","1.121056613664983","1.075816392423221","1.251358904261399","1.218469040478292","1.424318975485879","1.156651444335962","1.161705184719429","1.192394785268845","1.209754995817055","1.233710712548649","1.246232647421188","1.246970871763819","","","",""
"IMF.STA:FFS(1.0.2)","EST.IM.NGA.POGDP_PT.A","OBS_VALUE","Estonia, Republic of","Implicit fossil fuel subsidies","Natural Gas","Percent of GDP","Annual","Units","0.2511537253625621","0.2626271393902424","0.2099188118069842","0.168937155248388","0.1489411465469918","0.1572333966058056","0.1122865819858572","0.12730162320772","0.1040914788956671","0.1355825879272981","0.1278158138813721","0.1293235001346197","0.1307429212422815","0.1320215968709107","0.1333039893439263","0.1326201727128851","0.1318639004719513","","","",""
"IMF.STA:FFS(1.0.2)","GTM.IM.OIL.POGDP_PT.A","OBS_VALUE","Guatemala","Implicit fossil fuel subsidies","Petroleum","Percent of GDP","Annual","Units","2.01740126031797","2.056011035563328","1.725171753899776","2.24104360924017","2.312101613326038","1.180804950226104","2.64337596211366","2.451203114441441","1.79041338776596","2.173375763882584","2.238284292544432","2.282274689663834","2.255193264582721","2.237998359203017","2.219599780045465","2.205113702406506","2.18930602504466","","","",""
"IMF.STA:FFS(1.0.2)","OMN.IM.NGA.POGDP_PT.A","OBS_VALUE","Oman","Implicit fossil fuel subsidies","Natural Gas","Percent of GDP","Annual","Units","4.07494514513184","4.440449646144614","4.250755589749435","4.156916851466587","4.445047620355158","5.198633043613847","5.071521209948667","4.317000796456198","4.716661272416012","4.909122326960229","4.968773353616144","4.712671626302645","4.825038455929168","4.783112985423318","4.707028228355825","4.641757394819406","4.60367895123801","","","",""
"IMF.STA:FFS(1.0.2)","TON.IM.NGA.POGDP_PT.A","OBS_VALUE","Tonga","Implicit fossil fuel subsidies","Natural Gas","Percent of GDP","Annual","Units","0","0","0","0","0","0","0","0","0","0","0","0","0","0","0","0","0","","","",""
"IMF.STA:FFS(1.0.2)","PER.IM.NGA.POGDP_PT.A","OBS_VALUE","Peru","Implicit fossil fuel subsidies","Natural Gas","Percent of GDP","Annual","Units","0.6632702415999636","0.6964710611011722","0.5743513733211943","0.5775232412536736","0.6092924146014437","0.579062950119366","0.6512162249895004","0.6995341735668592","0.5152567131685658","0.5908493014845622","0.5108864394430011","0.4681828187074893","0.48408383453827","0.4823704336905603","0.4756705447756905","0.4666152762234094","0.4540359647786756","","","",""
"IMF.STA:FFS(1.0.2)","NIC.IM.OIL.POGDP_PT.A","OBS_VALUE","Nicaragua","Implicit fossil fuel subsidies","Petroleum","Percent of GDP","Annual","Units","1.825127254757385","1.945126207114878","1.155796091604143","2.306534644358872","2.642946770428028","1.382780525827817","2.426817781892425","3.439395692588583","1.566126219915342","1.663129712715115","1.610967880935553","1.614135601934666","1.614950982641692","1.638623402231351","1.660081033657723","1.689872512327066","1.717436204043976","","","",""
"IMF.STA:FFS(1.0.2)","BRB.IM.NGA.POGDP_PT.A","OBS_VALUE","Barbados","Implicit fossil fuel subsidies","Natural Gas","Percent of GDP","Annual","Units","0","0","0","0","0","0","0.001884432099307082","0.02663128417393375","0.001311044560563337","0.003069309914971509","0.003241070036362276","0.003506799492425282","0.003802664802429167","0.004121147588006634","0.004416989638567406","0.004653625244383013","0.004862225502386527","","","",""
"IMF.STA:FFS(1.0.2)","DJI.IM.NGA.POGDP_PT.A","OBS_VALUE","Djibouti","Implicit fossil fuel subsidies","Natural Gas","Percent of GDP","Annual","Units","0","0","0","0","0","0","0","0","0","0","0","0","0","0","0","0","0","","","",""
"IMF.STA:FFS(1.0.2)","BDI.IM.OIL.POGDP_PT.A","OBS_VALUE","Burundi","Implicit fossil fuel subsidies","Petroleum","Percent of GDP","Annual","Units","0.2159744828834702","0.2562222477505938","0.1898830850759275","0.1893510183529774","0.1500461248787893","0.5199420087763677","0.2217305660725966","0.1816371597930048","0.1638611338028087","0.1525104571378259","0.09701608191656691","0.09068981820653239","0.08121850617741331","0.07897572271494303","0.07729544106539481","0.07713679835219025","0.07449179441324415","","","",""
"IMF.STA:FFS(1.0.2)","CRI.IM.NGA.POGDP_PT.A","OBS_VALUE","Costa Rica","Implicit fossil fuel subsidies","Natural Gas","Percent of GDP","Annual","Units","0","0","0","0","0","0","0","0","0","0","0","0","0","0","0","0","0","","","",""
"IMF.STA:FFS(1.0.2)","ARG.IM.NGA.POGDP_PT.A","OBS_VALUE","Argentina","Implicit fossil fuel subsidies","Natural Gas","Percent of GDP","Annual","Units","1.106291038352857","1.318674448332339","1.174017981253967","1.46897280568592","1.691529989483199","1.87488972269119","1.495731263021703","1.318202384144315","1.129616015008635","1.160911175503921","1.127545087122323","1.135981413795698","1.142181458424123","1.108474724098044","1.072976659820112","1.039120714106693","1.005544608001609","","","",""
"IMF.STA:FFS(1.0.2)","NOR.IM.NGA.POGDP_PT.A","OBS_VALUE","Norway","Implicit fossil fuel subsidies","Natural Gas","Percent of GDP","Annual","Units","0.1772245243383887","0.1892957993028714","0.1757820634174551","0.1362159875666745","0.1472463345800607","0.1432053119922156","0.1037332383421378","0.001576191837847823","0.002019168795647961","0.002077189657290865","0.002064247752363833","0.001946266580552334","0.002032909474830762","0.002130013600015307","0.002223669406811596","0.002303343494263241","0.002376449782332205","","","",""
"IMF.STA:FFS(1.0.2)","GEO.IM.NGA.POGDP_PT.A","OBS_VALUE","Georgia","Implicit fossil fuel subsidies","Natural Gas","Percent of GDP","Annual","Units","1.514713709522998","1.463952681959306","1.573728789584691","1.463452515970223","1.495298529518861","1.967716503865153","2.370328653905768","1.67537662685925","1.19897988786444","1.216364014772783","1.132812110810441","1.073131051832357","1.03328550787559","0.9946231885321951","0.9524639749888305","0.9068508030855058","0.8627049374342271","","","",""
"IMF.STA:FFS(1.0.2)","MDG.IM.NGA.POGDP_PT.A","OBS_VALUE","Madagascar, Republic of","Implicit fossil fuel subsidies","Natural Gas","Percent of GDP","Annual","Units","0","0","0","0","0","0","0","0","0","0","0","0","0","0","0","0","0","","","",""
"IMF.STA:FFS(1.0.2)","ZWE.IM.OIL.POGDP_PT.A","OBS_VALUE","Zimbabwe","Implicit fossil fuel subsidies","Petroleum","Percent of GDP","Annual","Units","1.728514797288066","1.598450219648377","1.674373028377183","1.119207819350047","1.514217180908886","0.05135818498983809","0.0638397314280576","0.2450424675465293","1.413182467500185","1.267853922899349","1.222921028391148","1.206954316036555","1.245666791038725","1.247641434145877","1.248963419164065","1.259486306817138","1.269645346821859","","","",""
"IMF.STA:FFS(1.0.2)","IRN.IM.OIL.POGDP_PT.A","OBS_VALUE","Iran, Islamic Republic of","Implicit fossil fuel subsidies","Petroleum","Percent of GDP","Annual","Units","9.845692832488783","9.578468472013026","9.666241983039109","14.96410462840913","20.12697361339631","23.03341386305606","17.31440962732618","11.85947519517644","12.23030209582355","13.19264094617275","15.5631160177044","20.00694675566281","19.77154384865247","19.66752959269444","19.42403409976597","19.19266887308034","18.97106368151447","","","",""
"IMF.STA:FFS(1.0.2)","MNG.IM.NGA.POGDP_PT.A","OBS_VALUE","Mongolia","Implicit fossil fuel subsidies","Natural Gas","Percent of GDP","Annual","Units","0","0","0","0","0","0","0","0","0","0","0","0","0","0","0","0","0","","","",""
"IMF.STA:FFS(1.0.2)","NLD.IM.NGA.POGDP_PT.A","OBS_VALUE","Netherlands, The","Implicit fossil fuel subsidies","Natural Gas","Percent of GDP","Annual","Units","0.003781319008319507","0","0","0","0","0","0.5232005144604061","0.5519289367212366","0","0","0","0","0","0","0","0","0","","","",""
"IMF.STA:FFS(1.0.2)","BHS.IM.NGA.POGDP_PT.A","OBS_VALUE","Bahamas, The","Implicit fossil fuel subsidies","Natural Gas","Percent of GDP","Annual","Units","0","0","0","0","0","0","0","0","0","0","0","0","0","0","0","0","0","","","",""
"IMF.STA:FFS(1.0.2)","ALB.IM.OIL.POGDP_PT.A","OBS_VALUE","Albania","Implicit fossil fuel subsidies","Petroleum","Percent of GDP","Annual","Units","0.9111948114253724","1.077066169401051","1.090771317931602","1.391684803146801","0.8784714311064219","0.8194931901784969","1.672511394949307","2.339773453557745","1.610684452359452","1.266735080956787","1.220005435405255","1.188099070383405","1.194420117082214","1.183685876047723","1.171953288035949","1.159040264702225","1.148580337744761","","","",""
"IMF.STA:FFS(1.0.2)","GNQ.IM.OIL.POGDP_PT.A","OBS_VALUE","Equatorial Guinea, Republic of","Implicit fossil fuel subsidies","Petroleum","Percent of GDP","Annual","Units","2.583036932830943","2.636284213827232","2.378321251285603","2.141345249760956","2.571976950211076","1.668431271780098","1.371043238264749","1.437573614610609","1.414075753431596","1.400803553359602","1.454777789072626","1.308160372786417","1.355436526319656","1.341276375747325","1.329289104054258","1.355448422040756","1.43522599181148","","","",""
"IMF.STA:FFS(1.0.2)","YEM.IM.OIL.POGDP_PT.A","OBS_VALUE","Yemen, Republic of","Implicit fossil fuel subsidies","Petroleum","Percent of GDP","Annual","Units","9.465848582225854","4.110561674706537","6.041830256053953","7.094345988198591","6.713116848599092","6.469841518164327","7.566754698485141","5.902160727534445","7.122616338316487","8.59398203169626","9.598962783420491","11.51846286627804","13.28154696266019","14.74233083658864","16.04679416638788","17.39318955000219","18.5881136432427","","","",""
"IMF.STA:FFS(1.0.2)","RUS.IM.OIL.POGDP_PT.A","OBS_VALUE","Russian Federation","Implicit fossil fuel subsidies","Petroleum","Percent of GDP","Annual","Units","8.258966169819905","8.154260919418927","7.18233444737676","7.478836672991005","7.424968276799085","8.119289681346159","7.879516909437164","6.184673390302631","7.508219648044433","7.656408917824938","7.237814675112919","7.380004190137515","7.836820872319898","7.869899085594911","7.911720484470212","7.905148562373233","7.902242438307541","","","",""
"IMF.STA:FFS(1.0.2)","MLI.IM.NGA.POGDP_PT.A","OBS_VALUE","Mali","Implicit fossil fuel subsidies","Natural Gas","Percent of GDP","Annual","Units","0","0","0","0","0","0","0","0","0","0","0","0","0","0","0","0","0","","","",""
"IMF.STA:FFS(1.0.2)","IRL.IM.OIL.POGDP_PT.A","OBS_VALUE","Ireland","Implicit fossil fuel subsidies","Petroleum","Percent of GDP","Annual","Units","0.09734122230428868","0.138228159674762","0.1574499296354834","0.1525613827014166","0.2107345768896197","0.1013853311070123","0.06341688993329442","0.4547544577294454","0.434727385033676","0.3301483969859434","0.2994796275463101","0.3081864388459605","0.3310706002044482","0.3535146571104853","0.3772845869492539","0.4012897532213173","0.4244076820291936","","","",""
"IMF.STA:FFS(1.0.2)","QAT.IM.NGA.POGDP_PT.A","OBS_VALUE","Qatar","Implicit fossil fuel subsidies","Natural Gas","Percent of GDP","Annual","Units","2.820848366143072","3.118731260521378","3.05273026908592","2.759359497262044","3.064853496999296","3.732483261029812","3.112878689150221","2.338872355508389","2.685492852475234","2.735067590923356","2.767290685254492","2.943925126356542","2.842602610893866","2.767005445999831","2.610642727515266","2.517770459729547","2.461539765305944","","","",""
"IMF.STA:FFS(1.0.2)","AUS.IM.NGA.POGDP_PT.A","OBS_VALUE","Australia","Implicit fossil fuel subsidies","Natural Gas","Percent of GDP","Annual","Units","0.3809161034194811","0.3863556556645267","0.3768930102494481","0.3883869314845256","0.4215772409263737","0.4525351382251058","0.3662627755668491","0.5849487277738482","0.6634433633406338","0.47366819927163","0.4829997426912274","0.432198279635837","0.4195758969761794","0.4112567653421348","0.3951968453020982","0.3694359999263906","0.3613201280906498","","","",""
"IMF.STA:FFS(1.0.2)","CMR.IM.OIL.POGDP_PT.A","OBS_VALUE","Cameroon","Implicit fossil fuel subsidies","Petroleum","Percent of GDP","Annual","Units","0.8412415803141379","0.6417890297076119","1.018768602881221","1.429091198285336","1.545387513718515","0.3960947825982819","0.7610575644494151","2.03287712662429","1.091568661906092","0.5445848252536962","0.5435864049434778","0.5503326203141563","0.5780451724606662","0.5926240735734135","0.6064917889356774","0.6309921179867069","0.656833898596221","","","",""
"IMF.STA:FFS(1.0.2)","BRN.IM.NGA.POGDP_PT.A","OBS_VALUE","Brunei Darussalam","Implicit fossil fuel subsidies","Natural Gas","Percent of GDP","Annual","Units","0.7070237638593905","0.9607898445426826","0.4795590223656959","0.02033979637017969","1.295622065582208","2.32641969851178","2.20110744898668","2.107326174031464","2.375016864976268","2.380567285828575","2.297028447526849","2.227027568433626","2.189725720869474","2.159676241309272","2.136564752610687","2.100933277727105","2.061357806537486","","","",""
"IMF.STA:FFS(1.0.2)","BTN.IM.NGA.POGDP_PT.A","OBS_VALUE","Bhutan","Implicit fossil fuel subsidies","Natural Gas","Percent of GDP","Annual","Units","0","0","0","0","0","0","0","0","0","0","0","0","0","0","0","0","0","","","",""
"IMF.STA:FFS(1.0.2)","CHN.IM.NGA.POGDP_PT.A","OBS_VALUE","China, People's Republic of","Implicit fossil fuel subsidies","Natural Gas","Percent of GDP","Annual","Units","0.3238248544834359","0.3591254783088514","0.3990367321653335","0.4322489608263354","0.4743238079646573","0.5015625549478074","0.5082027962391408","0.4852361410967967","0.5096352334808345","0.4916138931562298","0.4888809807318109","0.4976181773022975","0.4943039691075141","0.4882539788799832","0.4783882482371759","0.4625999928521027","0.4516901071492007","","","",""
"IMF.STA:FFS(1.0.2)","ZAF.IM.NGA.POGDP_PT.A","OBS_VALUE","South Africa","Implicit fossil fuel subsidies","Natural Gas","Percent of GDP","Annual","Units","0.08128058489515564","0.08666818031016908","0.08217243311478848","0.07143363714837946","0.07763404049723116","0.08903394696501845","0.06307137403887294","0.06713079674311837","0.07176492365975508","0.07577426105984229","0.07111960458464212","0.06779649749871043","0.06887149374112154","0.06955075880750705","0.06984374350727909","0.06914879771004399","0.06844425820136081","","","",""
"IMF.STA:FFS(1.0.2)","BLZ.IM.NGA.POGDP_PT.A","OBS_VALUE","Belize","Implicit fossil fuel subsidies","Natural Gas","Percent of GDP","Annual","Units","-0.009360880399617892","-0.00939004869162196","-0.006000984983415915","-0.002935367238064407","-0.0009869023361448151","-0.001396972087423099","0","0","0","0","0","0","0","0","0","0","0","","","",""
"IMF.STA:FFS(1.0.2)","JPN.IM.OIL.POGDP_PT.A","OBS_VALUE","Japan","Implicit fossil fuel subsidies","Petroleum","Percent of GDP","Annual","Units","1.474751673920541","1.055196587803887","1.241818534952186","1.102584237426064","0.9967009286556463","0.605590762693567","1.091427251433649","2.672131503602713","2.639999153194069","3.063351424171489","3.014583978086037","3.146559606564335","3.038684706893946","2.914739212402277","2.817450696949993","2.707651182168505","2.645626048891761","","","",""
"IMF.STA:FFS(1.0.2)","TUN.IM.OIL.POGDP_PT.A","OBS_VALUE","Tunisia","Implicit fossil fuel subsidies","Petroleum","Percent of GDP","Annual","Units","6.576285774612943","7.219537337697286","8.213243027211953","8.339679211467813","8.168985969225674","6.957238262852215","7.925121467139681","8.870315710103822","7.985519171659765","8.089778192079499","8.039217233349307","8.067127805481994","8.509664764671483","8.609472483891702","8.634587494552065","8.670208560941558","8.670946094635266","","","",""
"IMF.STA:FFS(1.0.2)","MWI.IM.NGA.POGDP_PT.A","OBS_VALUE","Malawi","Implicit fossil fuel subsidies","Natural Gas","Percent of GDP","Annual","Units","0","0","0","0","0","0","0","0","0","0","0","0","0","0","0","0","0","","","",""
"IMF.STA:FFS(1.0.2)","MRT.IM.OIL.POGDP_PT.A","OBS_VALUE","Mauritania, Islamic Republic of","Implicit fossil fuel subsidies","Petroleum","Percent of GDP","Annual","Units","0.498614649524399","0.5062801122710345","0.6936775145350008","1.696866790622454","1.509387569011991","0.5083079262168831","2.38427024946833","6.020513755064201","2.585366640385204","3.397597772948497","3.214932487218272","2.910782020133035","2.976362177316033","3.014378349573633","3.018393656578719","3.147078304584844","3.448109646538678","","","",""
"IMF.STA:FFS(1.0.2)","DOM.IM.OIL.POGDP_PT.A","OBS_VALUE","Dominican Republic","Implicit fossil fuel subsidies","Petroleum","Percent of GDP","Annual","Units","2.412540337882697","2.505098095110511","2.139408206068029","2.248148671604897","3.434334734634514","3.601590659619911","4.277625620786831","4.875536855614011","4.052633689851525","4.912652453108239","5.341454714436844","5.456724794786949","5.477633220424474","5.426366549327647","5.368050510746593","5.322298753159489","5.285608270534628","","","",""
"IMF.STA:FFS(1.0.2)","ZAF.IM.OIL.POGDP_PT.A","OBS_VALUE","South Africa","Implicit fossil fuel subsidies","Petroleum","Percent of GDP","Annual","Units","3.428560998932811","3.980634404060631","2.990647003149785","2.598734675544732","2.94656471285821","2.910981780112968","2.778947168763882","3.50010792516434","3.78398799963678","3.352183882725554","3.28431176732483","3.007612755962202","2.981318464976582","2.930399781385157","2.875089183693264","2.837613400407594","2.799758067200737","","","",""
"IMF.STA:FFS(1.0.2)","ITA.IM.NGA.POGDP_PT.A","OBS_VALUE","Italy","Implicit fossil fuel subsidies","Natural Gas","Percent of GDP","Annual","Units","0.2770034643428939","0.2972600333470711","0.3232828277324585","0.2728746935759092","0.2259624462636324","0.215185931131231","0.6984433871729735","0.7325302348552412","0.2001313951306427","0.1304072427466474","0.1311949539213159","0.1358886483800188","0.1429504539736913","0.1499050694802986","0.1575990139289911","0.1626545587148079","0.1671117119245103","","","",""
"IMF.STA:FFS(1.0.2)","SAU.IM.OIL.POGDP_PT.A","OBS_VALUE","Saudi Arabia","Implicit fossil fuel subsidies","Petroleum","Percent of GDP","Annual","Units","9.177490739156031","9.594387089148559","9.30885132877702","7.967801750807688","8.349514712000194","8.121197356351041","7.019787535756721","5.340280190536611","5.382802247499066","4.635389949318995","4.721255945899033","4.469814207211155","4.460144812864358","4.378565472438681","4.30653613431973","4.290606012367218","4.298218259075048","","","",""
"IMF.STA:FFS(1.0.2)","COL.IM.OIL.POGDP_PT.A","OBS_VALUE","Colombia","Implicit fossil fuel subsidies","Petroleum","Percent of GDP","Annual","Units","3.155298301627412","3.927592952269925","3.596009860652376","3.677868896358927","4.231721398869545","3.667833540966071","5.376454107669448","5.443304038547093","4.792067074977441","3.503058309550149","3.581737982404466","3.24180044805222","3.283599760046455","3.267589490991985","3.243325029297692","3.223958207165786","3.203630537561829","","","",""
"IMF.STA:FFS(1.0.2)","NZL.IM.NGA.POGDP_PT.A","OBS_VALUE","New Zealand","Implicit fossil fuel subsidies","Natural Gas","Percent of GDP","Annual","Units","0.2670316608344198","0.2171793708563708","0.2192992056702413","0.183311833777404","0.2008279418254927","0.1797722644846155","0.0808906053034632","0.2052873149957178","0.2021055585423064","0.1325010383104518","0.1356185056989218","0.1373694411273086","0.1388764185422419","0.1407444298432207","0.1416915429709763","0.1409720845991018","0.1399792537639144","","","",""
"IMF.STA:FFS(1.0.2)","CAF.IM.NGA.POGDP_PT.A","OBS_VALUE","Central African Republic","Implicit fossil fuel subsidies","Natural Gas","Percent of GDP","Annual","Units","0","0","0","0","0","0","0","0","0","0","0","0","0","0","0","0","0","","","",""
"IMF.STA:FFS(1.0.2)","ESP.IM.NGA.POGDP_PT.A","OBS_VALUE","Spain","Implicit fossil fuel subsidies","Natural Gas","Percent of GDP","Annual","Units","0.3396615709245135","0.3469047787415522","0.3640083630781682","0.3191574492475651","0.2939223525790771","0.2842874284741641","0.4389516785299055","0.4251306320824358","0.1095139140305399","0.1603977991681677","0.1498409003818094","0.1512064557207747","0.1537828633345906","0.1564589217744842","0.1590870591461978","0.1597762177095869","0.1598474548740609","","","",""
"IMF.STA:FFS(1.0.2)","SYC.IM.NGA.POGDP_PT.A","OBS_VALUE","Seychelles","Implicit fossil fuel subsidies","Natural Gas","Percent of GDP","Annual","Units","","","","","","","0","0","0","0","0","0","0","0","0","0","0","","","",""
"IMF.STA:FFS(1.0.2)","DNK.IM.NGA.POGDP_PT.A","OBS_VALUE","Denmark","Implicit fossil fuel subsidies","Natural Gas","Percent of GDP","Annual","Units","0","0","0.01085575901344267","0.00285859425341325","0.002920688362923244","0","0.0735553116534315","0.03159462100769988","0","0","0","0","0","0","0","0","0","","","",""
"IMF.STA:FFS(1.0.2)","HND.IM.NGA.POGDP_PT.A","OBS_VALUE","Honduras","Implicit fossil fuel subsidies","Natural Gas","Percent of GDP","Annual","Units","0","0","0","0","0","0","0","0","0","0","0","0","0","0","0","0","0","","","",""
"IMF.STA:FFS(1.0.2)","AFG.IM.NGA.POGDP_PT.A","OBS_VALUE","Afghanistan, Islamic Republic of","Implicit fossil fuel subsidies","Natural Gas","Percent of GDP","Annual","Units","0.09894369311582934","0.1275708372546549","0.1177389675363427","0.1219816106061059","0.101865303068969","0.06070223666125203","0.08907446373305014","0.09077802075338068","0.07814939484040248","0.07703712056236585","0.06755269720985797","","","","","","","","","",""
"IMF.STA:FFS(1.0.2)","EGY.IM.NGA.POGDP_PT.A","OBS_VALUE","Egypt, Arab Republic of","Implicit fossil fuel subsidies","Natural Gas","Percent of GDP","Annual","Units","1.689856926071149","1.910420404885839","3.316593100718442","3.276277605304029","2.313721687613071","2.108072053898203","2.089788913325072","2.141553361038343","2.683922295036747","2.93629918815807","3.039220954371475","2.793350789996779","2.81345578836716","2.691742025078183","2.57848248145702","2.491416250147525","2.401985680052952","","","",""
"IMF.STA:FFS(1.0.2)","SEN.IM.NGA.POGDP_PT.A","OBS_VALUE","Senegal","Implicit fossil fuel subsidies","Natural Gas","Percent of GDP","Annual","Units","0.01823866319287988","0.01619407726522294","0.01629242893734545","0.007890255899723892","0.01133854837530579","0.01021880365775507","0.004063271624553981","0.7305663363372348","0.6672437176130931","0.6440899702237796","0.5004444252136942","0.4534661823504122","0.4291576008686754","0.4212466087162451","0.4107056651801909","0.3972402451170477","0.3936875337733301","","","",""
"IMF.STA:FFS(1.0.2)","DZA.IM.NGA.POGDP_PT.A","OBS_VALUE","Algeria","Implicit fossil fuel subsidies","Natural Gas","Percent of GDP","Annual","Units","2.829935846697482","3.000751928040475","3.06134143479709","3.314665900742763","3.556723106966788","4.202488766831228","4.10743726053453","3.365880503690105","3.097232793906943","3.000139481337273","2.926110043584198","2.738178747551551","2.81950299454862","2.914873205170287","2.967008702362929","3.028838721018776","3.092245868021187","","","",""
"IMF.STA:FFS(1.0.2)","MAR.IM.NGA.POGDP_PT.A","OBS_VALUE","Morocco","Implicit fossil fuel subsidies","Natural Gas","Percent of GDP","Annual","Units","0.1414501523319259","0.1487269292976549","0.1416106527237615","0.1204797205289709","0.1173681422389257","0.1005371033210627","0.08219910811319183","0.3269132367472788","0.3754220464454727","0.4025645642938924","0.3576486308992785","0.3774683451835528","0.3896095714928385","0.4009125930746678","0.410898859548509","0.4148406191635043","0.4107117014750736","","","",""
"IMF.STA:FFS(1.0.2)","NGA.IM.NGA.POGDP_PT.A","OBS_VALUE","Nigeria","Implicit fossil fuel subsidies","Natural Gas","Percent of GDP","Annual","Units","0.3618169739849387","0.4885071717886905","0.4197373011313733","0.4010962234784841","0.3666728594958835","0.4175794992244289","0.4251708668880503","0.4055292085158877","0.5289864201747723","1.166816343756047","0.9722546457113006","0.8274582892539498","0.8631278073584403","0.8692354440489545","0.8496410364724296","0.8242915686366547","0.80042327776586","","","",""
"IMF.STA:FFS(1.0.2)","NER.IM.NGA.POGDP_PT.A","OBS_VALUE","Niger","Implicit fossil fuel subsidies","Natural Gas","Percent of GDP","Annual","Units","0","0","0","0.03884655786630108","0.04219073834008864","0.04056005318202128","0.02990263376088918","0.1594327730807029","0.1482645997675321","0.122345168191687","0.09947151120756293","0.07454594498044804","0.04999747849535319","0.02671104352011205","0.01012894688411957","0.00476358912568007","0.004750541802128569","","","",""
"IMF.STA:FFS(1.0.2)","MMR.IM.NGA.POGDP_PT.A","OBS_VALUE","Myanmar","Implicit fossil fuel subsidies","Natural Gas","Percent of GDP","Annual","Units","0.7511307508973686","0.9113272101749502","0.9060646293746641","0.8305617127215439","0.6696509939541849","0.7397259944249804","1.125844695260705","0.9018106897880688","0.9504988350463807","0.8196805775201792","0.7272563932409522","0.7542548922807989","0.7375926287493636","0.6857728346309317","0.6287734491588459","0.6074626929613368","0.5918617455904267","","","",""
"IMF.STA:FFS(1.0.2)","JAM.IM.NGA.POGDP_PT.A","OBS_VALUE","Jamaica","Implicit fossil fuel subsidies","Natural Gas","Percent of GDP","Annual","Units","0","0.02863002826941739","0.1748406129968534","0.2021663081163194","0.2389229295804405","0.6709571438178131","0.6761548035937554","0.2288570377162294","0.2100701260494141","0.2246001995942728","0.2892941716748942","0.2527281267019933","0.2153934610681971","0.2090997149895985","0.2096909554317859","0.2090430919335239","0.2057904333509066","","","",""
"IMF.STA:FFS(1.0.2)","JPN.IM.NGA.POGDP_PT.A","OBS_VALUE","Japan","Implicit fossil fuel subsidies","Natural Gas","Percent of GDP","Annual","Units","0.3875150938944833","0.3242121559857255","0.3724809085951132","0.3235271131324876","0.3081351016202625","0.3580360053218542","0.2298305966146637","0.3071173638137224","0.302015549090317","0.3352634579624836","0.3020950722667915","0.3197445312408139","0.3029651001458171","0.2947336286326694","0.2831893619931759","0.2648644307634287","0.2612907761614585","","","",""
"IMF.STA:FFS(1.0.2)","ETH.IM.NGA.POGDP_PT.A","OBS_VALUE","Ethiopia, The Federal Democratic Republic of","Implicit fossil fuel subsidies","Natural Gas","Percent of GDP","Annual","Units","0","0","0","0","0","0","0","0","0","0","0","0","0","0","0","0","0","","","",""
"IMF.STA:FFS(1.0.2)","CHE.IM.NGA.POGDP_PT.A","OBS_VALUE","Switzerland","Implicit fossil fuel subsidies","Natural Gas","Percent of GDP","Annual","Units","0.03326366952465522","0.04426490212241565","0.05089586426475343","0.03693432598478514","0.06032010261971808","0.009694374998847743","0.07962074903316302","0.07811355274675989","0.04951000873489591","0.007294490508094575","0.007035267555257498","0.007189965228133079","0.007384681498258647","0.00762065737325123","0.007815494881017167","0.007863030467705056","0.007941305927770984","","","",""
"IMF.STA:FFS(1.0.2)","UGA.IM.NGA.POGDP_PT.A","OBS_VALUE","Uganda","Implicit fossil fuel subsidies","Natural Gas","Percent of GDP","Annual","Units","0","0","0","0","0","0","0","0","0","0","0","0","0","0","0","0","0","","","",""
"IMF.STA:FFS(1.0.2)","ISR.IM.NGA.POGDP_PT.A","OBS_VALUE","Israel","Implicit fossil fuel subsidies","Natural Gas","Percent of GDP","Annual","Units","0.3928443745825365","0.429982621057409","0.4245536262450797","0.3768155618769146","0.3688301883667406","0.3799406665832063","0.3410006012122072","0.3029175723398616","0.3361983271237615","0.4018541291650048","0.3312971330219749","0.311276448556471","0.3130228830691723","0.3067399506598003","0.295053450982435","0.2892211569093448","0.2829044296953831","","","",""
"IMF.STA:FFS(1.0.2)","SAU.IM.NGA.POGDP_PT.A","OBS_VALUE","Saudi Arabia","Implicit fossil fuel subsidies","Natural Gas","Percent of GDP","Annual","Units","1.566453331630226","1.672458936021084","1.678744049063303","1.458323869875692","1.515792105098159","1.802802273401449","1.481741065050255","1.543501311207867","1.745535041187003","1.831353887082305","1.932634823548532","1.84679640290785","1.866701377930118","1.847588884975201","1.808823755875637","1.773299498502613","1.741107963731179","","","",""
"IMF.STA:FFS(1.0.2)","GIN.IM.NGA.POGDP_PT.A","OBS_VALUE","Guinea","Implicit fossil fuel subsidies","Natural Gas","Percent of GDP","Annual","Units","0","0","0","0","0","0","0","0","0","0","0","0","0","0","0","0","0","","","",""
"IMF.STA:FFS(1.0.2)","IDN.IM.NGA.POGDP_PT.A","OBS_VALUE","Indonesia","Implicit fossil fuel subsidies","Natural Gas","Percent of GDP","Annual","Units","0.4858804875422999","0.6143706259789499","0.3631438617363267","0.2278943328954334","0.1777778984303099","0.1446733083849749","0.347545035167164","0.5500932962940614","0.6404357045099167","0.7173592803455254","0.7642261355448544","0.7916158269844328","0.8034480382529238","0.8093199645661495","0.8054355028582137","0.7987165511875128","0.7853732719111516","","","",""
"IMF.STA:FFS(1.0.2)","MRT.IM.NGA.POGDP_PT.A","OBS_VALUE","Mauritania, Islamic Republic of","Implicit fossil fuel subsidies","Natural Gas","Percent of GDP","Annual","Units","0","0","0","0","0","0","0","0","0","0","0","0","0","0","0","0","0","","","",""
"IMF.STA:FFS(1.0.2)","KWT.IM.NGA.POGDP_PT.A","OBS_VALUE","Kuwait","Implicit fossil fuel subsidies","Natural Gas","Percent of GDP","Annual","Units","2.424659604417766","2.743545124091016","2.588709780631664","2.443702769048673","2.515102649434308","3.106090078082341","2.433013751319708","2.715122149135847","3.331916052787402","3.519922032056714","3.552338064128024","3.233899428973743","3.177972912404742","3.083251219310596","3.077871123864093","3.030454440763814","2.978438560471465","","","",""
"IMF.STA:FFS(1.0.2)","CIV.IM.NGA.POGDP_PT.A","OBS_VALUE","Côte d'Ivoire","Implicit fossil fuel subsidies","Natural Gas","Percent of GDP","Annual","Units","0.6085697185889208","0.5155974142245497","0.6188207576489063","0.4853013469456984","0.5137343844682087","0.5158841585401549","0.5103697956504575","0.5589572662735552","0.5104699300461446","0.4978300428735721","0.4500632397516071","0.4278863126758368","0.4174837920907156","0.4071732213645295","0.3964125221794269","0.3843286300702762","0.3731597023909489","","","",""
"IMF.STA:FFS(1.0.2)","LSO.IM.NGA.POGDP_PT.A","OBS_VALUE","Lesotho, Kingdom of","Implicit fossil fuel subsidies","Natural Gas","Percent of GDP","Annual","Units","0","0","0","0","0","0","0","0","0","0","0","0","0","0","0","0","0","","","",""
"IMF.STA:FFS(1.0.2)","GAB.IM.NGA.POGDP_PT.A","OBS_VALUE","Gabon","Implicit fossil fuel subsidies","Natural Gas","Percent of GDP","Annual","Units","0.3391185019801821","0.4025816637529699","0.4778719547964604","0.3795044440427795","0.379804298884731","0.4492056945298781","0.3805043454804474","0.4675465682354772","0.4848545812023779","0.4703028220115427","0.4567327300603085","0.4354932435445939","0.4277599045804746","0.4172938541489964","0.405539423408382","0.3940084832695896","0.3826879619855635","","","",""
"IMF.STA:FFS(1.0.2)","USA.IM.NGA.POGDP_PT.A","OBS_VALUE","United States","Implicit fossil fuel subsidies","Natural Gas","Percent of GDP","Annual","Units","0.6284038567914731","0.620543830065568","0.6030293058876918","0.6517064162534599","0.6461279885422337","0.674323877002752","0.6213357602426066","0.6032267680179316","0.5810036966722399","0.6162927610308203","0.5604122741599583","0.5281299543514105","0.5126773292340003","0.5060311980269495","0.5024305108235809","0.4946670464035873","0.4889599239521091","","","",""
"IMF.STA:FFS(1.0.2)","KOR.IM.NGA.POGDP_PT.A","OBS_VALUE","Korea, Republic of","Implicit fossil fuel subsidies","Natural Gas","Percent of GDP","Annual","Units","0.3975511838116476","0.4086431944527146","0.3925514324432338","0.3010704589310764","0.3403805084014732","0.40913602313328","0.520830056292176","0.4974951508886454","0.3994328105413316","0.5168322548091695","0.5705736741798681","0.589031640865462","0.5734789413397611","0.5698081908549662","0.5603479062627002","0.5445444022869555","0.5375997003527049","","","",""
"IMF.STA:FFS(1.0.2)","POL.IM.NGA.POGDP_PT.A","OBS_VALUE","Poland, Republic of","Implicit fossil fuel subsidies","Natural Gas","Percent of GDP","Annual","Units","0.3607733767241465","0.4163840472238752","0.3915931640533145","0.3325433784681138","0.3368188861812017","0.3430328278688763","0.4700128050280812","0.4928166620819856","0.227249290794935","0.2703339116536491","0.2463340296904139","0.258820938453872","0.2650618862930092","0.2701724362223438","0.2749150321253771","0.273004645034068","0.2708125892152788","","","",""
"IMF.STA:FFS(1.0.2)","GMB.IM.NGA.POGDP_PT.A","OBS_VALUE","Gambia, The","Implicit fossil fuel subsidies","Natural Gas","Percent of GDP","Annual","Units","0","0","0","0","0","0","0","0","0","0","0","0","0","0","0","0","0","","","",""
"IMF.STA:FFS(1.0.2)","VNM.IM.NGA.POGDP_PT.A","OBS_VALUE","Vietnam","Implicit fossil fuel subsidies","Natural Gas","Percent of GDP","Annual","Units","0.492990004845748","0.5525543221479497","0.4682625869948868","0.4346186762694835","0.4247770950116921","0.357310164955988","0.2734411968741484","0.4233153617468687","0.5370516593897216","0.6412269704373603","0.72697566914245","0.8109341298446515","0.8986490253822934","0.9716460509032817","1.039951374769005","1.100660350347636","1.139252927481461","","","",""
"IMF.STA:FFS(1.0.2)","SVK.IM.NGA.POGDP_PT.A","OBS_VALUE","Slovak Republic","Implicit fossil fuel subsidies","Natural Gas","Percent of GDP","Annual","Units","0.6410942477746619","0.6645312088695023","0.6797306728868037","0.5884818341248378","0.586677154085917","0.5702129054211665","0.6945165741396291","0.6804353951965089","0.378964173044745","0.4842888052228457","0.4512232460038414","0.4412895817176933","0.4392256931865288","0.4370918639139504","0.4357297478065175","0.4316358085944259","0.4291073396631957","","","",""
"IMF.STA:FFS(1.0.2)","LVA.IM.NGA.POGDP_PT.A","OBS_VALUE","Latvia, Republic of","Implicit fossil fuel subsidies","Natural Gas","Percent of GDP","Annual","Units","0.6022206695397323","0.618903494855074","0.5599280159835598","0.5632219696994978","0.5243432159657763","0.4495879781762528","0.5203700506837289","0.459199486657607","0.1612003381668737","0.2326646521336363","0.2190355315428456","0.2177770079970519","0.2186592832631633","0.2195192347150243","0.2200676408448029","0.2174642487472797","0.2145367367728431","","","",""
"IMF.STA:FFS(1.0.2)","TUR.IM.NGA.POGDP_PT.A","OBS_VALUE","Türkiye, Republic of","Implicit fossil fuel subsidies","Natural Gas","Percent of GDP","Annual","Units","0.9003486530052337","0.8889058178677373","1.078318812011593","1.095015706097997","1.098499888624292","1.252237037965954","1.417308487337691","1.258087143161543","1.152371685060432","1.195397049266093","1.042748529857662","1.109652662349972","1.212939286604268","1.205205264548897","1.191610669217951","1.179641625085581","1.164293230773441","","","",""
"IMF.STA:FFS(1.0.2)","BFA.IM.NGA.POGDP_PT.A","OBS_VALUE","Burkina Faso","Implicit fossil fuel subsidies","Natural Gas","Percent of GDP","Annual","Units","0","0","0","0","0","0","0","0","0","0","0","0","0","0","0","0","0","","","",""
"IMF.STA:FFS(1.0.2)","NIC.IM.NGA.POGDP_PT.A","OBS_VALUE","Nicaragua","Implicit fossil fuel subsidies","Natural Gas","Percent of GDP","Annual","Units","0","0","0","0","0","0","0","0","0","0","0","0","0","0","0","0","0","","","",""
"IMF.STA:FFS(1.0.2)","SGP.IM.NGA.POGDP_PT.A","OBS_VALUE","Singapore","Implicit fossil fuel subsidies","Natural Gas","Percent of GDP","Annual","Units","0.4857898267019411","0.4865574545170458","0.471258340521926","0.4470989202684767","0.4723023633699107","0.5105192254804582","0.436945101143909","0.3552775273928578","0.3344192785641106","0.3203797330239672","0.3033822245410675","0.2820467877506806","0.2704590319789532","0.2605123606154919","0.2508574630926589","0.2404188409520257","0.2304714222960725","","","",""
"IMF.STA:FFS(1.0.2)","TJK.IM.NGA.POGDP_PT.A","OBS_VALUE","Tajikistan, Republic of","Implicit fossil fuel subsidies","Natural Gas","Percent of GDP","Annual","Units","0.00681856423010298","0.006137541791793008","0.002157446536303077","0.1054340474639051","0.4117445601949038","0.4300659492727975","0.4192995959121081","0.2011922024619335","0.1918383046830017","0.1949344634954498","0.2004944961415927","0.2872282586469542","0.396947205166573","0.4925937022410655","0.5677334578217652","0.6488265846029532","0.7187823667412731","","","",""
"IMF.STA:FFS(1.0.2)","BRA.IM.NGA.POGDP_PT.A","OBS_VALUE","Brazil","Implicit fossil fuel subsidies","Natural Gas","Percent of GDP","Annual","Units","0.3174525475488321","0.2783290914112515","0.2657023232580529","0.2806758177010442","0.284653362698526","0.3396153777776813","0.3845153482121025","0.1965681748093981","0.177092096998777","0.1962803043678622","0.1570536432516872","0.1331628172655105","0.1289075550227913","0.1295034768198657","0.1290376518440037","0.1265052844880916","0.1228116737865451","","","",""
"IMF.STA:FFS(1.0.2)","PHL.IM.NGA.POGDP_PT.A","OBS_VALUE","Philippines","Implicit fossil fuel subsidies","Natural Gas","Percent of GDP","Annual","Units","0.07592113291104027","0.08862961995617822","0.05124329581352006","0.00205738355899682","0.01111584265241096","0.07146135003940347","0.06068123902725887","0.1243101146861289","0.1271626046451679","0.1477253807181518","0.134793103325255","0.1381599130683523","0.1379170851457498","0.1414880157088723","0.1450947102216077","0.1466548541323608","0.1444451021582578","","","",""
"IMF.STA:FFS(1.0.2)","ZMB.IM.OIL.POGDP_PT.A","OBS_VALUE","Zambia","Implicit fossil fuel subsidies","Petroleum","Percent of GDP","Annual","Units","0.00335508088410386","0.001025574370395032","0.00176864633268857","0.002131695752434278","0.003300520332515486","0.00599872145217451","1.424592525566475","0.4980226672932886","0.2422514002759523","1.066702370997866","1.030698703752398","0.8070690498746195","0.8550689368701842","0.8889869217988061","0.8747580989845219","0.9094772308146821","0.9422719985618599","","","",""
"IMF.STA:FFS(1.0.2)","ARM.IM.OIL.POGDP_PT.A","OBS_VALUE","Armenia, Republic of","Implicit fossil fuel subsidies","Petroleum","Percent of GDP","Annual","Units","3.148922885718517","3.143772200082457","3.496190372339004","3.231751623380793","3.427913414601374","4.128628234941038","4.586055006196813","3.485376740322808","2.619954364036201","2.35835874210541","2.333449545350248","2.297219733443219","2.305875311320548","2.305182540928693","2.269995970892382","2.226826739197675","2.184047507362843","","","",""
"IMF.STA:FFS(1.0.2)","EST.IM.OIL.POGDP_PT.A","OBS_VALUE","Estonia, Republic of","Implicit fossil fuel subsidies","Petroleum","Percent of GDP","Annual","Units","0.4386816428810339","0.5615136580627118","0.3104432187569158","0.272672918715332","0.3457487049625308","0.05206810341820743","0.1225036519670254","0.3811016224653667","0.248578115621379","0.3269777217756898","0.3007212232139734","0.3078810680505727","0.3301074568103468","0.3539276106310385","0.3779834513946065","0.4014776588836831","0.4234586605366397","","","",""
"IMF.STA:FFS(1.0.2)","BHR.IM.OIL.POGDP_PT.A","OBS_VALUE","Bahrain, Kingdom of","Implicit fossil fuel subsidies","Petroleum","Percent of GDP","Annual","Units","2.422409262349691","2.399187860142464","2.258659408532563","2.143439906293925","2.145688791756041","1.865985602341539","2.238477096091541","2.393842180378842","2.412274123827828","2.458336934999784","2.550350298036317","2.56888746805268","2.545635401738405","2.53105285225661","2.504497541682738","2.481174333548286","2.457946975778035","","","",""
"IMF.STA:FFS(1.0.2)","NOR.IM.OIL.POGDP_PT.A","OBS_VALUE","Norway","Implicit fossil fuel subsidies","Petroleum","Percent of GDP","Annual","Units","0.05192425982099908","0.0362663812601441","0.03083878541624576","0.02714573308610267","0.02814712227893802","0.02615439435771094","0.01658161337535339","0.02136509281158902","0.03906245048325496","0.05461029872630103","0.0581648451347163","0.0584230164056872","0.06462815968591121","0.0706282484073016","0.07658178489561494","0.08252009900736141","0.08836585777815611","","","",""
"IMF.STA:FFS(1.0.2)","GEO.IM.OIL.POGDP_PT.A","OBS_VALUE","Georgia","Implicit fossil fuel subsidies","Petroleum","Percent of GDP","Annual","Units","6.226740740074124","7.487588030465969","6.122353461410834","6.01027667012882","6.553166990697881","5.448286514094668","6.391348011608032","5.329462224645911","4.350822588121631","4.189374603002089","4.223038930763688","4.100974592941244","4.008142621977562","3.899583867066488","3.787144901210903","3.668882554286321","3.553267112177999","","","",""
"IMF.STA:FFS(1.0.2)","MDG.IM.OIL.POGDP_PT.A","OBS_VALUE","Madagascar, Republic of","Implicit fossil fuel subsidies","Petroleum","Percent of GDP","Annual","Units","0.2473682295471598","0.07024003227381428","0.171859092904062","0.3318658974146356","0.6053465502371024","0.1723552058351258","2.136063828986846","2.746780682196447","1.704159438458317","1.693509601324585","1.628130715783205","1.622170624878246","1.601249349061102","1.541131031350175","1.478213376693026","1.446899233579804","1.428536302717453","","","",""
"IMF.STA:FFS(1.0.2)","BRN.IM.OIL.POGDP_PT.A","OBS_VALUE","Brunei Darussalam","Implicit fossil fuel subsidies","Petroleum","Percent of GDP","Annual","Units","2.975483452545541","3.091105319328991","3.020192159380861","2.665282424944439","3.811289764323195","3.331924518930438","2.808901896414745","2.499706587659372","2.898345778477038","2.961300015677076","3.020510828635424","2.989209043809689","2.983348006435612","2.974213227621112","2.976119276752486","2.965928571244622","2.951024091717794","","","",""
"IMF.STA:FFS(1.0.2)","FIN.IM.OIL.POGDP_PT.A","OBS_VALUE","Finland","Implicit fossil fuel subsidies","Petroleum","Percent of GDP","Annual","Units","0","0","0","0","0.01604635770343564","0","0","0.005046891850685042","0.03945628821881055","0.122440573825118","0.126492626274151","0.1401369330851758","0.1569434095821924","0.1726221056264535","0.1863152688570882","0.1986462757934472","0.2099548868607308","","","",""
"IMF.STA:FFS(1.0.2)","GBR.IM.OIL.POGDP_PT.A","OBS_VALUE","United Kingdom","Implicit fossil fuel subsidies","Petroleum","Percent of GDP","Annual","Units","0.1802808874608658","0.2046849695015631","0.230358538591404","0.2029669705458178","0.1792805204415549","0.1693540797501982","0.1491476291175954","0.1141530814732053","0.1231552206431646","0.141351929389792","0.1458146180600165","0.1523486798099054","0.159811199703492","0.1659050543085245","0.1703580312173025","0.1730277859094412","0.1745244397625482","","","",""
"IMF.STA:FFS(1.0.2)","SDN.IM.OIL.POGDP_PT.A","OBS_VALUE","Sudan","Implicit fossil fuel subsidies","Petroleum","Percent of GDP","Annual","Units","2.438063292543471","3.488940383827932","6.520598384835082","9.442372727608863","10.35330718908494","8.312341917820978","10.14106401372017","8.734804734387395","7.613356117750536","10.16688617437234","8.089450212699446","8.012939619955299","8.283034443677899","7.797160444509448","7.448421053606076","7.302926646512425","6.979942372734874","","","",""
"IMF.STA:FFS(1.0.2)","BLR.IM.OIL.POGDP_PT.A","OBS_VALUE","Belarus, Republic of","Implicit fossil fuel subsidies","Petroleum","Percent of GDP","Annual","Units","10.15155338739274","11.54391653868674","10.88787438941808","12.31564806492789","10.28635270169023","8.248797756052468","9.583414106665662","8.562206252226285","8.770384785872887","8.63894974360374","8.239778563613697","7.927157201052868","7.698744071888535","7.42068928680681","7.06857209596155","6.740801282243677","6.441952314445451","","","",""
"IMF.STA:FFS(1.0.2)","UZB.IM.OIL.POGDP_PT.A","OBS_VALUE","Uzbekistan, Republic of","Implicit fossil fuel subsidies","Petroleum","Percent of GDP","Annual","Units","2.59879643012682","2.767272463957232","5.012542021371695","6.04538194075525","5.723161666489432","5.131541765417691","5.15870237721317","4.543398713744","4.062664498982879","4.115217231259826","3.939181014548712","3.535984011706787","3.409469067902899","3.312684472452065","3.225313932384743","3.183324268781558","3.13995201126622","","","",""
"IMF.STA:FFS(1.0.2)","TZA.IM.OIL.POGDP_PT.A","OBS_VALUE","Tanzania, United Republic of","Implicit fossil fuel subsidies","Petroleum","Percent of GDP","Annual","Units","0.03906413024463802","0.05747887173657928","0.06134826107352707","0.1857902954876549","0.08139375194237404","0.09056587395487557","0.7666367995294473","2.060959913684648","0.1331502907764993","0.5118499847177499","0.480683448791659","0.5058625799819051","0.5484431969036372","0.5887086806867334","0.6250079109637613","0.6708939907375154","0.7083208707691468","","","",""
"IMF.STA:FFS(1.0.2)","BRB.IM.OIL.POGDP_PT.A","OBS_VALUE","Barbados","Implicit fossil fuel subsidies","Petroleum","Percent of GDP","Annual","Units","0.0004666978617342668","0.001056518640774682","0.0007114294910098229","0.05600984619158281","0.07335195374000825","0.001773007970947839","0.08357604202860327","0.08698569477590322","0.04551402637705365","0.04574193515269551","0.06304617322913223","0.07558174928430739","0.08565938281379997","0.09450608237260267","0.1020348580311576","0.1083697566366898","0.1136159820817201","","","",""
"IMF.STA:FFS(1.0.2)","KGZ.IM.OIL.POGDP_PT.A","OBS_VALUE","Kyrgyz Republic","Implicit fossil fuel subsidies","Petroleum","Percent of GDP","Annual","Units","10.85552425459822","11.08410591662086","11.17397457049857","12.6107363150708","9.859189008692965","6.759794922812332","8.519294757000435","6.342718834739702","5.749739288795611","4.967015163148479","4.791220280790921","4.761787010826895","4.681284429779031","4.614194775499357","4.558184421622135","4.574879430091557","4.609170813611187","","","",""
"IMF.STA:FFS(1.0.2)","SLB.IM.OIL.POGDP_PT.A","OBS_VALUE","Solomon Islands","Implicit fossil fuel subsidies","Petroleum","Percent of GDP","Annual","Units","1.887153999246125","1.835227106328009","1.748390722484164","1.657098509229186","1.698024396736314","1.708924820150207","2.084915921843636","2.243245144957526","2.314715246078513","2.400042551445266","2.484567696179471","2.450982758019602","2.402024135042925","2.340857560198215","2.280124928529943","2.22096855054327","2.170004882569228","","","",""
"IMF.STA:FFS(1.0.2)","LSO.IM.OIL.POGDP_PT.A","OBS_VALUE","Lesotho, Kingdom of","Implicit fossil fuel subsidies","Petroleum","Percent of GDP","Annual","Units","2.725351186575829","2.291378094339332","2.356875787906989","1.3059281903104","1.689784112033283","1.726499503212274","1.913441250575044","1.74301741502843","1.95817390554594","1.738154047390016","1.672852552904968","1.743155815249133","1.786273347072938","1.815805968670636","1.839732358699447","1.874173801482977","1.897085079122868","","","",""
"IMF.STA:FFS(1.0.2)","RWA.IM.OIL.POGDP_PT.A","OBS_VALUE","Rwanda","Implicit fossil fuel subsidies","Petroleum","Percent of GDP","Annual","Units","0.2214303904180234","0.1297055568622169","0.1661915457833444","0.1396460692704013","0.382586029461047","0.8823057553065105","0.5324786572458076","0.8956367732157318","0.4580321216104668","0.7413279339934203","0.8073159297881494","0.8600310641445109","0.9261790439563916","1.001606731205577","1.070890425863542","1.149509522490164","1.225635227641209","","","",""
"IMF.STA:FFS(1.0.2)","PHL.IM.OIL.POGDP_PT.A","OBS_VALUE","Philippines","Implicit fossil fuel subsidies","Petroleum","Percent of GDP","Annual","Units","2.911454821641467","3.305951944929704","3.541804063730893","3.482218812964659","3.338958131519088","2.47103398608455","2.820751339725105","3.439256313747183","3.484939094119499","3.914457169803522","4.318240317743413","4.617497126764529","4.697465997951268","4.767793618488583","4.847055693328316","4.947925537416599","5.054016494658229","","","",""
"IMF.STA:FFS(1.0.2)","GIN.IM.OIL.POGDP_PT.A","OBS_VALUE","Guinea","Implicit fossil fuel subsidies","Petroleum","Percent of GDP","Annual","Units","0.2456542409810765","0.7322777059901131","1.014895926506161","1.578106560776154","0.5832752639159432","0.8135931580795811","0.9372690370707327","1.205097018600432","0.8391837998947728","0.8224973573838399","0.8458584742893226","0.8855769848875921","0.9175057592483714","0.9553707601817666","1.002625512389296","1.109466090855258","1.2096695741359","","","",""
"IMF.STA:FFS(1.0.2)","HRV.IM.OIL.POGDP_PT.A","OBS_VALUE","Croatia, Republic of","Implicit fossil fuel subsidies","Petroleum","Percent of GDP","Annual","Units","0.4082269018431965","0.2369200225889201","0.3892087308933877","0.4239346618987155","0.2956914112199169","0.04625343792180825","0.6063003148540522","1.927209407040124","2.489384167814643","1.366961090690922","1.225171067720954","1.173733745755668","1.173319819706116","1.175362216044712","1.175213126419551","1.171457618447852","1.167074041727418","","","",""
"IMF.STA:FFS(1.0.2)","LCA.IM.OIL.POGDP_PT.A","OBS_VALUE","St. Lucia","Implicit fossil fuel subsidies","Petroleum","Percent of GDP","Annual","Units","0.9893516408134363","0.9973708434258509","0.8156473463914276","0.932838724202481","1.04009423607028","1.349682013307009","1.444012024099557","1.622079572164098","1.112920954484798","1.043902547973821","1.014605818081141","0.9939345742072395","0.978848162938855","0.9641869412449376","0.9503793837459694","0.9456118076640791","0.9439394998677484","","","",""
"IMF.STA:FFS(1.0.2)","SVK.IM.OIL.POGDP_PT.A","OBS_VALUE","Slovak Republic","Implicit fossil fuel subsidies","Petroleum","Percent of GDP","Annual","Units","0.4447627219802042","0.5275298455734152","0.5791939510316898","0.6744608030460615","0.6943134730437043","0.3432002160035278","0.7423654426221276","1.158127959796903","0.907875292230674","0.9969566664294394","0.9524849322183082","0.9209489785558848","0.9260998233798224","0.9261846035705959","0.9294800126271493","0.9354780601244114","0.9443792557764778","","","",""
"IMF.STA:FFS(1.0.2)","TUR.IM.OIL.POGDP_PT.A","OBS_VALUE","Türkiye, Republic of","Implicit fossil fuel subsidies","Petroleum","Percent of GDP","Annual","Units","0","0","0.1729323100315075","1.366910167187948","1.742615426536429","2.201259781828236","4.353081377093471","4.236994269577531","3.536036951454857","2.637781731498276","2.396058932489921","2.446534927796526","2.553576828532549","2.472046984738038","2.417198347498138","2.392642790464951","2.369280899592158","","","",""
"IMF.STA:FFS(1.0.2)","MLI.IM.OIL.POGDP_PT.A","OBS_VALUE","Mali","Implicit fossil fuel subsidies","Petroleum","Percent of GDP","Annual","Units","0.02012775325621756","0.02216252085432186","0.019005700905737","0.02282079754048958","0.01844210169299907","0.02185035071441701","0.1447211289876489","3.36208686894803","0.1112186319846168","0.1049992768050716","0.08165780580215658","0.1003123923377843","0.1283123238007298","0.1548042525928636","0.1791031462141328","0.2082963691608737","0.2638624826903842","","","",""
"IMF.STA:FFS(1.0.2)","MLT.IM.OIL.POGDP_PT.A","OBS_VALUE","Malta","Implicit fossil fuel subsidies","Petroleum","Percent of GDP","Annual","Units","0.05951474895394723","0.05301664583196263","0.05220131295170993","0.06905955833533917","0.05096549262596883","0.04186890517074505","0.04293078572161549","0.9245234668121145","0.5940190388307186","0.5396545108617588","0.5410122826579643","0.5384691279283364","0.5552156488263787","0.5687771028856735","0.5802967370559132","0.5910194805270448","0.6008790024768713","","","",""
"IMF.STA:FFS(1.0.2)","URY.IM.OIL.POGDP_PT.A","OBS_VALUE","Uruguay","Implicit fossil fuel subsidies","Petroleum","Percent of GDP","Annual","Units","0.05157507080829445","0.1116183211383335","0.1089052942642181","0.5053955907990145","1.032605339978846","0.841120206794539","2.0059947758449","2.068010331611562","1.070828875988672","1.354888909525816","1.387544500653336","1.30658961838102","1.308199350237409","1.317925419015095","1.319026463858018","1.310048817208047","1.298422097972389","","","",""
"IMF.STA:FFS(1.0.2)","VNM.IM.OIL.POGDP_PT.A","OBS_VALUE","Vietnam","Implicit fossil fuel subsidies","Petroleum","Percent of GDP","Annual","Units","4.313910302936051","4.849495637066986","4.919862201732113","4.997160309217343","5.083381325733671","4.200671350245822","3.375664430936157","4.356377087047391","3.454062923259353","3.734401461457096","4.108458695788216","4.3244834751338","4.476350571185782","4.568518533153993","4.683736379023953","4.8252458398982","4.961738104082956","","","",""
"IMF.STA:FFS(1.0.2)","ROU.IM.OIL.POGDP_PT.A","OBS_VALUE","Romania","Implicit fossil fuel subsidies","Petroleum","Percent of GDP","Annual","Units","1.25063427648655","1.556278274842529","2.302040472693626","1.906178044632812","1.963503476993215","1.819923078547295","2.184013144002342","2.774323967148311","2.686844822744992","2.370456642123075","2.267145265689889","2.151662628038001","2.143520757070324","2.112823154471178","2.098906424194327","2.07725775981199","2.057441754867909","","","",""
"IMF.STA:FFS(1.0.2)","BRA.IM.OIL.POGDP_PT.A","OBS_VALUE","Brazil","Implicit fossil fuel subsidies","Petroleum","Percent of GDP","Annual","Units","1.301321642105281","0.9334323333525216","0.983608933630176","1.323075306689579","1.601194573084121","2.045049795464126","3.011473726796528","2.595654533454403","1.853534664695221","2.17138633274593","2.251616066452401","2.042254611494423","2.007027814923286","1.981246090794309","1.926996503950897","1.87443275688896","1.818893418324753","","","",""
"IMF.STA:FFS(1.0.2)","LBY.IM.OIL.POGDP_PT.A","OBS_VALUE","Libya","Implicit fossil fuel subsidies","Petroleum","Percent of GDP","Annual","Units","9.316238003651239","10.21138636594038","8.276703186111304","7.799756131753693","8.070286678067738","9.809866156296837","17.41619229378043","17.12841252653999","16.95297858536077","16.38165274771681","19.66931071515198","17.76395378329892","19.20815454853147","19.92856113156415","20.45511279478952","21.02492261437477","21.70168810291989","","","",""
"IMF.STA:FFS(1.0.2)","BHS.IM.OIL.POGDP_PT.A","OBS_VALUE","Bahamas, The","Implicit fossil fuel subsidies","Petroleum","Percent of GDP","Annual","Units","1.431106550878586","1.63762543507685","2.627657550210273","1.999388754620204","1.756882556788183","0.9894371754499626","2.445136820095952","2.922512598214986","2.487570335565697","2.409233635436561","2.518898424834431","2.557806889108249","2.58243080247078","2.600394108273259","2.614145219241087","2.632203136279528","2.647914565881657","","","",""
"IMF.STA:FFS(1.0.2)","AUS.IM.OIL.POGDP_PT.A","OBS_VALUE","Australia","Implicit fossil fuel subsidies","Petroleum","Percent of GDP","Annual","Units","1.060944871744567","1.206801472918549","0.9183727272486224","1.001400588147725","1.413276993387563","0.8526594661962252","0.9191152791182688","1.278098761659351","1.391689635756025","1.460259086798746","1.510128457719039","1.377016228074883","1.38077568256048","1.375203546276062","1.367963720090842","1.355657222147206","1.35666911385521","","","",""
"IMF.STA:FFS(1.0.2)","LBN.IM.OIL.POGDP_PT.A","OBS_VALUE","Lebanon","Implicit fossil fuel subsidies","Petroleum","Percent of GDP","Annual","Units","","","","","","","8.419967447012223","6.524099568607132","10.82940510414013","9.450210099464793","7.401047627291376","","","","","","","","","",""
"IMF.STA:FFS(1.0.2)","CYP.IM.OIL.POGDP_PT.A","OBS_VALUE","Cyprus","Implicit fossil fuel subsidies","Petroleum","Percent of GDP","Annual","Units","0.09980446993029583","0.0939678618147958","0.09376305396208757","0.08284088469713164","0.1765402782641062","0.08432845219745103","0.07226665205779454","0.4439091985876562","0.3532342821527002","0.339610432896813","0.3463493663353983","0.3677602183723656","0.4088048088477528","0.4469531088327791","0.4813464391888592","0.5145358473704255","0.5443627637743786","","","",""
"IMF.STA:FFS(1.0.2)","MWI.IM.OIL.POGDP_PT.A","OBS_VALUE","Malawi","Implicit fossil fuel subsidies","Petroleum","Percent of GDP","Annual","Units","0","0","0","0.03449052203319031","0.05123933848883156","0","0.1424942141649171","0","0","0.03270142883532271","0.03756311766927896","0.05685333615691224","0.07927047566280005","0.09790398330467907","0.1134583376938732","0.1429382185387055","0.1797981968253374","","","",""
"IMF.STA:FFS(1.0.2)","BGR.IM.OIL.POGDP_PT.A","OBS_VALUE","Bulgaria","Implicit fossil fuel subsidies","Petroleum","Percent of GDP","Annual","Units","2.730406139867846","2.992145784648108","3.102212374543806","3.039713257911916","3.048407653268812","2.118766905501668","3.43728171268641","4.533429420201524","3.69203708154712","3.506224101312295","3.25798808055244","3.039716540502347","2.916355577285711","2.787888006078383","2.711301656414387","2.616432331987776","2.532090808015892","","","",""
"IMF.STA:FFS(1.0.2)","MAR.IM.OIL.POGDP_PT.A","OBS_VALUE","Morocco","Implicit fossil fuel subsidies","Petroleum","Percent of GDP","Annual","Units","2.953351128931585","2.05256573083079","3.190847041192436","3.643305077317431","3.265919901731508","2.917548427388471","4.253613414755615","5.692659448935737","4.000849506883055","3.662449865709576","3.520925312632522","3.56074285555089","3.460936756246917","3.432059674229837","3.387614471886508","3.360571561638126","3.324564200409643","","","",""
"IMF.STA:FFS(1.0.2)","NAM.IM.OIL.POGDP_PT.A","OBS_VALUE","Namibia","Implicit fossil fuel subsidies","Petroleum","Percent of GDP","Annual","Units","2.272861179816411","2.864435232085579","2.060759206864834","1.92543672984356","2.094681065286245","1.750903534142845","3.002267599957643","3.788612164930829","3.630575268090657","2.708281202470688","2.657418342857108","2.435054604472784","2.42424191481611","2.435178123024755","2.427342090448656","2.448394056065397","2.470079809345949","","","",""
"IMF.STA:FFS(1.0.2)","SWE.IM.OIL.POGDP_PT.A","OBS_VALUE","Sweden","Implicit fossil fuel subsidies","Petroleum","Percent of GDP","Annual","Units","0","0","0","0","0","0","0","0","0.03004335517078018","0.1007527283077273","0.09946010250926301","0.1004734640598256","0.1112024055631054","0.1286386005169584","0.1455919969075302","0.162005786283279","0.1776857756829378","","","",""
"IMF.STA:FFS(1.0.2)","COD.IM.OIL.POGDP_PT.A","OBS_VALUE","Congo, Democratic Republic of the","Implicit fossil fuel subsidies","Petroleum","Percent of GDP","Annual","Units","0.00007720275011138365","0.0001625289952777844","0.001588793889255503","0.0007093965086837131","0.0002461546829717504","0","0.4263730442397804","0.3860805744812875","0.2292407635310609","0.3326545241939652","0.2995902361465951","0.2476539553940309","0.256043224895026","0.2574471685121199","0.2574166766515028","0.2648966899882797","0.2704035151947216","","","",""
"IMF.STA:FFS(1.0.2)","SLE.IM.OIL.POGDP_PT.A","OBS_VALUE","Sierra Leone","Implicit fossil fuel subsidies","Petroleum","Percent of GDP","Annual","Units","1.32690110111504","1.583221284882957","1.558107330234935","1.277848529229273","1.453708798710004","1.637637567556566","1.718093782338882","1.255904676902009","1.661015393927141","1.460022126595057","1.359095174130592","1.336129106290649","1.359035896110364","1.384163716854298","1.403705040965361","1.435233912885634","1.470262046143002","","","",""
"IMF.STA:FFS(1.0.2)","LTU.IM.OIL.POGDP_PT.A","OBS_VALUE","Lithuania, Republic of","Implicit fossil fuel subsidies","Petroleum","Percent of GDP","Annual","Units","0.7998389666640103","0.9087646517126292","0.7238782537374298","0.8509875871883122","1.110863999070446","0.3135734669389791","1.066723964155462","1.074919970451847","1.085146500534016","1.05161581000685","0.9709864651508115","0.9043623337636592","0.8957305306844154","0.8771829350353888","0.866409167971162","0.8482568290176471","0.8349381369677117","","","",""
"IMF.STA:FFS(1.0.2)","CAF.IM.OIL.POGDP_PT.A","OBS_VALUE","Central African Republic","Implicit fossil fuel subsidies","Petroleum","Percent of GDP","Annual","Units","0.03542373571850513","0.02664193327498378","0.03154775579799384","0.02999245835412497","0.04042307542819971","0.02869202576521696","0.02982763753527172","0.9987914428995077","0.02545235409268552","0.02512734109560764","0.02585735454907158","0.0253879260113793","0.02492587404266367","0.02437662139633747","0.02367302474679177","0.02289941491837535","0.022138074556263","","","",""
"IMF.STA:FFS(1.0.2)","SEN.IM.OIL.POGDP_PT.A","OBS_VALUE","Senegal","Implicit fossil fuel subsidies","Petroleum","Percent of GDP","Annual","Units","0","1.71229025411953","0.8283161865409154","0.916749233283222","0.7472907592479535","0.4996618008216805","1.423295161656422","4.065229086377972","2.080458303609692","2.83203448318612","2.998400578438457","3.026277355127977","3.141567381934145","3.242290810323457","3.282823383445483","3.379222271986705","3.470449317656369","","","",""
"IMF.STA:FFS(1.0.2)","SRB.IM.OIL.POGDP_PT.A","OBS_VALUE","Serbia, Republic of","Implicit fossil fuel subsidies","Petroleum","Percent of GDP","Annual","Units","1.373100221706392","1.429487168131785","1.203520937962603","1.071078090048557","1.004377243921171","0.7432966141794206","1.844367736479425","4.124039964079573","2.753307811270653","2.361717152670777","2.386260574122972","2.331419265024456","2.297126054267517","2.302289527901243","2.281559490227798","2.264681679474425","2.243460189402042","","","",""
"IMF.STA:FFS(1.0.2)","PRT.IM.OIL.POGDP_PT.A","OBS_VALUE","Portugal","Implicit fossil fuel subsidies","Petroleum","Percent of GDP","Annual","Units","0.01982764779854675","0.01837514559313842","0.01970410889895057","0.003318000812897885","0.01980748961712213","0","0","0.3323400649317058","0.2892481357022878","0.1943632372944886","0.1572289867788815","0.1707892682606468","0.1964243303292696","0.2206231204567964","0.2431461103760118","0.2644811545601517","0.2847784656451947","","","",""
"IMF.STA:FFS(1.0.2)","NER.IM.OIL.POGDP_PT.A","OBS_VALUE","Niger","Implicit fossil fuel subsidies","Petroleum","Percent of GDP","Annual","Units","0.4350317029640237","0.09925631044379741","0.3431241586284342","0.5423382097703699","0.6431197997370135","0.08547614255978437","0.7883860720113593","2.069709166204169","1.804356981525481","1.434491237305907","1.477192973859225","1.421428858722085","1.404743421862285","1.397379732269117","1.388250140415982","1.405323644012463","1.424583918887132","","","",""
"IMF.STA:FFS(1.0.2)","SVN.IM.OIL.POGDP_PT.A","OBS_VALUE","Slovenia, Republic of","Implicit fossil fuel subsidies","Petroleum","Percent of GDP","Annual","Units","0","0","0","0","0.007907045895923815","0","0.05112670675420627","1.05696667015535","0.5435821311083033","0.4107735926636281","0.3774610162290116","0.4017897829163827","0.4493650297657215","0.4936837920351228","0.5354043135158687","0.575093933962091","0.6129960500547657","","","",""
"IMF.STA:FFS(1.0.2)","AFG.IM.OIL.POGDP_PT.A","OBS_VALUE","Afghanistan, Islamic Republic of","Implicit fossil fuel subsidies","Petroleum","Percent of GDP","Annual","Units","2.065849718743291","2.222092668548013","2.599271686159315","3.563662327953244","4.00513057677752","3.288606567847073","7.971043073019685","7.366099882971732","5.892661577461797","5.95718214044789","5.745371616558055","","","","","","","","","",""
"IMF.STA:FFS(1.0.2)","NGA.IM.OIL.POGDP_PT.A","OBS_VALUE","Nigeria","Implicit fossil fuel subsidies","Petroleum","Percent of GDP","Annual","Units","1.452903075124717","1.809264831049611","1.95802401764437","1.854517643100604","1.775418935805192","1.769878905650628","2.027771832493011","2.225896201516019","2.737179527231493","5.98544453671127","5.498837324932583","4.435453637010765","4.528344821390533","4.539240701947263","4.440102404908123","4.393869454115365","4.353107729020398","","","",""
"IMF.STA:FFS(1.0.2)","MMR.IM.OIL.POGDP_PT.A","OBS_VALUE","Myanmar","Implicit fossil fuel subsidies","Petroleum","Percent of GDP","Annual","Units","2.033756946638851","2.782296346713181","4.655072227635615","4.965582271202445","5.290848848564592","5.13272809344085","6.885753117012573","5.637438900678579","2.266351788127407","3.327612578041815","3.700624588388373","4.077570951094691","4.253726192729305","4.198985661063485","4.032341911135848","4.095617441707584","4.156220875428381","","","",""
"IMF.STA:FFS(1.0.2)","KAZ.IM.OIL.POGDP_PT.A","OBS_VALUE","Kazakhstan, Republic of","Implicit fossil fuel subsidies","Petroleum","Percent of GDP","Annual","Units","12.70776678876437","18.006736161981","13.17464495227704","11.93114987369018","10.74129657469727","11.50017024256124","10.39418891842017","9.188982061827632","8.404471485425865","7.922675697086795","8.689600441616741","7.663769825806284","7.439453193820866","7.146273095181921","6.833529278165272","6.563492979310645","6.291244036589837","","","",""
"IMF.STA:FFS(1.0.2)","ISL.IM.OIL.POGDP_PT.A","OBS_VALUE","Iceland","Implicit fossil fuel subsidies","Petroleum","Percent of GDP","Annual","Units","0.4255823679929349","0.3310665488569305","0.1766750769859658","0.1692901104471056","0.236348320324621","0.05083331650379073","0.1160298195515983","0.1613413880191359","0.1372167040291838","0.1460610673635738","0.1474392843145036","0.1499148719355329","0.1644771812907344","0.1800536986960938","0.1950660493463017","0.2098773509307054","0.2241193807861494","","","",""
"IMF.STA:FFS(1.0.2)","DZA.IM.OIL.POGDP_PT.A","OBS_VALUE","Algeria","Implicit fossil fuel subsidies","Petroleum","Percent of GDP","Annual","Units","7.930589058505411","8.388773257970178","8.052490186124755","8.132435862634513","8.527183905203635","8.71000983390247","9.425037809363862","7.809622035796781","6.988642748853758","6.835088915023908","6.698740583456462","6.230928261538011","6.361514244444092","6.526006385254622","6.627859521471554","6.78832674735415","6.956835767150779","","","",""
"IMF.STA:FFS(1.0.2)","ETH.IM.OIL.POGDP_PT.A","OBS_VALUE","Ethiopia, The Federal Democratic Republic of","Implicit fossil fuel subsidies","Petroleum","Percent of GDP","Annual","Units","0.2777363297296566","0.4601928329123911","0.8791250125861344","1.658582983627489","1.461952154306015","1.016925951377054","1.815210883108349","1.5641741174603","0.2116051525679941","1.178956499377005","1.749124783335215","1.740267239971147","1.636960476974074","1.565159274556535","1.487889627194429","1.430130036979195","1.373218934970962","","","",""
"IMF.STA:FFS(1.0.2)","TON.IM.OIL.POGDP_PT.A","OBS_VALUE","Tonga","Implicit fossil fuel subsidies","Petroleum","Percent of GDP","Annual","Units","5.3568223530084","5.607392806562301","3.821948706130959","5.093126458005325","6.051293008790204","4.634040950168836","4.4642480112289","3.988151252758454","4.041950979783731","4.00457897619836","4.189623978153578","4.181068649007085","4.082196907298669","4.080887847738201","4.033937362535393","3.981751638994491","3.927438822276855","","","",""
"IMF.STA:FFS(1.0.2)","ARG.IM.OIL.POGDP_PT.A","OBS_VALUE","Argentina","Implicit fossil fuel subsidies","Petroleum","Percent of GDP","Annual","Units","1.375561031519481","1.974180684976528","2.006318241429822","3.253015367312075","4.051591055696743","3.275562460521423","4.27632011222132","3.954890628751779","3.319531291417784","2.76489601915864","2.853028117367572","3.032857659091135","3.098565665433969","3.005931643690042","2.894837498246208","2.792504953057236","2.695116732410472","","","",""
"IMF.STA:FFS(1.0.2)","GNB.IM.OIL.POGDP_PT.A","OBS_VALUE","Guinea-Bissau","Implicit fossil fuel subsidies","Petroleum","Percent of GDP","Annual","Units","1.004772230132555","0.3405376744051526","0.3983640929320975","1.066778210977607","0.3327852145150581","0.3564105106854432","0.7796376651285348","1.310096670871095","0.9075169018327192","0.8178661385450279","0.7596456937474723","0.7499572481190513","0.7691644655174023","0.7833554808013976","0.7953975881064894","0.8279256573498717","0.8666633351432248","","","",""
"IMF.STA:FFS(1.0.2)","CRI.IM.OIL.POGDP_PT.A","OBS_VALUE","Costa Rica","Implicit fossil fuel subsidies","Petroleum","Percent of GDP","Annual","Units","1.438473948302032","1.837772177335931","2.147395139494676","2.046702786378699","1.993586805175771","1.154466365141075","2.366265093860172","2.402734031649003","1.577746024917627","1.470259894230344","1.524627672370636","1.539102706295421","1.551474158795434","1.561839051446748","1.572527096414793","1.586709460168549","1.596403358794389","","","",""
"IMF.STA:FFS(1.0.2)","HTI.IM.OIL.POGDP_PT.A","OBS_VALUE","Haiti","Implicit fossil fuel subsidies","Petroleum","Percent of GDP","Annual","Units","0.04665413203556795","0.696155621615593","0.8166887025753548","1.46720032648864","2.415148911358791","1.626288366891799","1.869533564443749","2.099146915802586","1.99681467026365","1.533415935719002","1.314352797195489","1.129429581496398","1.009301781700402","0.9833887325528342","0.9910075980041183","1.012674171092087","1.009890902509346","","","",""
"IMF.STA:FFS(1.0.2)","VEN.IM.OIL.POGDP_PT.A","OBS_VALUE","Venezuela, República Bolivariana de","Implicit fossil fuel subsidies","Petroleum","Percent of GDP","Annual","Units","14.12198128661713","13.29902984733398","11.14912406048404","10.47820901395353","10.57872288957555","9.386786102400839","5.273738374043056","4.204778885806215","3.181205425886146","2.859590535126655","3.607575711860283","3.372488772417195","3.310495014389508","","","","","","","",""
"IMF.STA:FFS(1.0.2)","BTN.IM.OIL.POGDP_PT.A","OBS_VALUE","Bhutan","Implicit fossil fuel subsidies","Petroleum","Percent of GDP","Annual","Units","0.6483659316223478","1.008470427718493","0.6657547236859472","1.232669630374078","1.260949559588392","1.405407318957537","0.6656731257508881","1.322973123391634","1.148819392151243","1.19664746338063","1.21145631665996","1.206971209139386","1.171136902684995","1.146514215778856","1.129849609127117","1.108174571284412","1.094632663668581","","","",""
"IMF.STA:FFS(1.0.2)","MDA.IM.OIL.POGDP_PT.A","OBS_VALUE","Moldova, Republic of","Implicit fossil fuel subsidies","Petroleum","Percent of GDP","Annual","Units","5.492333324419078","6.415421398932141","4.995294921102764","4.626879070568956","4.541165232642934","3.724824959248728","5.327856616238094","4.822725554534391","4.341039863554682","4.096394552749384","4.052246054571244","4.050829054530353","4.006664787781763","3.945020958198836","3.883400760206063","3.778802767255342","3.657448496586127","","","",""
"IMF.STA:FFS(1.0.2)","IND.IM.OIL.POGDP_PT.A","OBS_VALUE","India","Implicit fossil fuel subsidies","Petroleum","Percent of GDP","Annual","Units","2.254374032200445","2.84113161702926","2.189791126261602","2.218953114926704","2.175822311935798","1.087924429371921","1.854382588130144","2.881481962536681","3.749683214154006","4.447144514410368","5.039250623651743","5.44876099625896","5.550822791273156","5.619159067251698","5.663618068150162","5.754316362078646","5.847666086857469","","","",""
"IMF.STA:FFS(1.0.2)","KEN.IM.OIL.POGDP_PT.A","OBS_VALUE","Kenya","Implicit fossil fuel subsidies","Petroleum","Percent of GDP","Annual","Units","0","0","0","0","0","0","0.2302404870608534","0","0.1459781521347315","0.2365901503697071","0.2222097049888578","0.2382936958021698","0.2623767662705552","0.3248300247066467","0.3937272678784806","0.4709046124797409","0.5478789670575365","","","",""
"IMF.STA:FFS(1.0.2)","GRC.IM.OIL.POGDP_PT.A","OBS_VALUE","Greece","Implicit fossil fuel subsidies","Petroleum","Percent of GDP","Annual","Units","1.864794847292496","1.816797607645578","1.534232984889689","1.467603211370039","1.751608224053622","1.446126374636713","1.548948894915255","2.451054886928996","2.293791415832749","2.353764331713656","2.151664639775897","2.003240315659389","1.946795127962236","1.894942590966686","1.843722259105453","1.788026462626661","1.731777352356808","","","",""
"IMF.STA:FFS(1.0.2)","EGY.IM.OIL.POGDP_PT.A","OBS_VALUE","Egypt, Arab Republic of","Implicit fossil fuel subsidies","Petroleum","Percent of GDP","Annual","Units","8.343486586263467","9.04255028680813","12.42231322751237","12.45024892277712","9.924278928176443","8.952744398907117","9.321015317223917","8.757593665612228","10.57970430149608","12.51778093519853","13.98049021243567","12.58331534019635","12.54080275950999","12.00951924417314","11.63177168148856","11.48687080143471","11.3588019594028","","","",""
"IMF.STA:FFS(1.0.2)","MUS.IM.NGA.POGDP_PT.A","OBS_VALUE","Mauritius","Implicit fossil fuel subsidies","Natural Gas","Percent of GDP","Annual","Units","0","0","0","0","0","0","0","0","0","0","0","0","0","0","0","0","0","","","",""
"IMF.STA:FFS(1.0.2)","ISR.IM.OIL.POGDP_PT.A","OBS_VALUE","Israel","Implicit fossil fuel subsidies","Petroleum","Percent of GDP","Annual","Units","1.185586378709748","1.238666986816666","1.179784857311708","1.114052607198035","1.246143463453366","0.8090175415836534","1.028130982278161","1.482608730225549","1.847811698894743","1.53239030845921","1.581932284156358","1.502316733763205","1.566891822164119","1.647484892499752","1.73265639165387","1.822752711794372","1.912304484401689","","","",""
"IMF.STA:FFS(1.0.2)","QAT.IM.OIL.POGDP_PT.A","OBS_VALUE","Qatar","Implicit fossil fuel subsidies","Petroleum","Percent of GDP","Annual","Units","1.859041720303474","2.092113907598339","1.885936197463853","1.494810258059137","1.6223863033065","1.674869300277984","1.884482674309403","1.359287767471209","1.557313788383701","1.591964425487361","1.645080770375874","1.781530449691653","1.761738106507603","1.739968661477731","1.648140722373859","1.601029379452965","1.585959445458736","","","",""
"IMF.STA:FFS(1.0.2)","BOL.IM.NGA.POGDP_PT.A","OBS_VALUE","Bolivia","Implicit fossil fuel subsidies","Natural Gas","Percent of GDP","Annual","Units","1.288587396329712","1.146749129969786","1.28974871875926","1.275329019711747","1.225309348837163","1.192675754795729","1.224528388818703","1.231623804044472","1.210901290256317","1.298061778064449","1.154631000528408","0.9529894094792068","","","","","","","","",""
"IMF.STA:FFS(1.0.2)","DNK.IM.OIL.POGDP_PT.A","OBS_VALUE","Denmark","Implicit fossil fuel subsidies","Petroleum","Percent of GDP","Annual","Units","0.006405088551893252","0.00612582578442393","0.006553977342034344","0","0.00003959305100915595","0","0","0.1141683036516489","0.1421619070012194","0.1384838337458535","0.124212909140165","0.1345564038399252","0.1535775466180769","0.1716764527130458","0.1889389987979577","0.2057608000551822","0.2213915145398988","","","",""
"IMF.STA:FFS(1.0.2)","BEN.IM.OIL.POGDP_PT.A","OBS_VALUE","Benin","Implicit fossil fuel subsidies","Petroleum","Percent of GDP","Annual","Units","0.03047402152579163","0.6688107536730174","1.163488113343874","0.6950143996234642","1.732830793497238","0","2.569678670136618","5.314994758625245","2.977445488859446","2.501518395505212","2.53845132768225","2.514517074108218","2.583555967952544","2.65323623700163","2.718477100170257","2.845645809007991","2.97616672149655","","","",""
"IMF.STA:FFS(1.0.2)","MNG.IM.OIL.POGDP_PT.A","OBS_VALUE","Mongolia","Implicit fossil fuel subsidies","Petroleum","Percent of GDP","Annual","Units","13.90693911725349","14.6772529635835","11.93606467676685","9.874024093692578","7.004253306864434","5.131516337325202","6.005233943484919","7.256525766325417","5.506994850049318","5.287331810715439","5.946310751358833","5.979479758596932","6.094586638413072","6.183917061033227","6.251159105394427","6.343218618566346","6.42779128860696","","","",""
"IMF.STA:FFS(1.0.2)","COM.IM.OIL.POGDP_PT.A","OBS_VALUE","Comoros, Union of the","Implicit fossil fuel subsidies","Petroleum","Percent of GDP","Annual","Units","0.01322476237596092","0.08817378989408981","0.01574201994317865","0.1611267402560503","0.1203748844741702","0.2450810814361777","0.4213334537756709","1.878689810600427","0.9692225764082029","0.7442977440626567","0.8686932984694004","0.8840773258173221","0.9080928936781699","0.9281649047985738","0.9415566973868795","0.9494205832864018","0.9532455302145668","","","",""
"IMF.STA:FFS(1.0.2)","FRA.IM.OIL.POGDP_PT.A","OBS_VALUE","France","Implicit fossil fuel subsidies","Petroleum","Percent of GDP","Annual","Units","0.09614041105831983","0.1304651272036423","0.1382312555353255","0.07525199120228894","0.1308367806956657","0.009383915968114407","0.1031115360572575","0.5832995880279861","0.1844394554714895","0.2930768391987813","0.2699583654031116","0.2811725331826553","0.30848556154181","0.3327348982530039","0.3541565399327563","0.3743004505059397","0.3925796445718928","","","",""
"IMF.STA:FFS(1.0.2)","KWT.IM.OIL.POGDP_PT.A","OBS_VALUE","Kuwait","Implicit fossil fuel subsidies","Petroleum","Percent of GDP","Annual","Units","6.624971424851344","6.676147686446856","6.070069570081546","5.705122925865397","5.903871056499365","6.668000107016388","5.212336744211117","3.792987177035804","4.135104938850338","4.217510116995668","4.504945939038135","4.292147575869157","4.433919324924502","4.460374916542579","4.43525497232781","4.413547872917803","4.389608273640494","","","",""
"IMF.STA:FFS(1.0.2)","COD.IM.NGA.POGDP_PT.A","OBS_VALUE","Congo, Democratic Republic of the","Implicit fossil fuel subsidies","Natural Gas","Percent of GDP","Annual","Units","-0.0003926432254213216","-0.0001289204146710697","-0.0001186687995405571","-0.00009772777773205718","0","0","0","0","0","0","0","0","0","0","0","0","0","","","",""
"IMF.STA:FFS(1.0.2)","BLZ.IM.OIL.POGDP_PT.A","OBS_VALUE","Belize","Implicit fossil fuel subsidies","Petroleum","Percent of GDP","Annual","Units","0.2122604811921052","0.2382334831365352","0.2636651444730604","0.2842081179746404","0.2697396845608159","0.3140168076257092","0.2739420885890918","1.319927815741143","0.672447674146227","2.178712005623617","2.320008194301744","2.400041511926997","2.446565317833757","2.498438074719838","2.548827013860955","2.61214297058822","2.674130827328825","","","",""
"IMF.STA:FFS(1.0.2)","BOL.IM.OIL.POGDP_PT.A","OBS_VALUE","Bolivia","Implicit fossil fuel subsidies","Petroleum","Percent of GDP","Annual","Units","5.022144432982663","4.84725469243558","5.20287219661984","5.36029880998614","5.756321026270202","4.398700435270883","6.292889155102934","6.636964230859685","6.27087895030689","6.250676797125945","5.597965484583161","4.6263788128254","","","","","","","","",""
"IMF.STA:FFS(1.0.2)","JOR.IM.OIL.POGDP_PT.A","OBS_VALUE","Jordan","Implicit fossil fuel subsidies","Petroleum","Percent of GDP","Annual","Units","4.391167297326505","3.80418814552135","3.413476951523658","3.069933467660531","2.100613116911643","1.627189126240356","2.331438588656107","2.793167101960533","2.140485615279904","2.395892916243705","2.582143349041637","2.69940550351025","2.793173912153087","2.890483382969631","2.965987050566446","3.042939904430473","3.11418137794867","","","",""
"IMF.STA:FFS(1.0.2)","ESP.IM.OIL.POGDP_PT.A","OBS_VALUE","Spain","Implicit fossil fuel subsidies","Petroleum","Percent of GDP","Annual","Units","0.02297402883424667","0.05534241955825109","0.05316139226917265","0.005990120153018712","0","0.02720171161878666","0.09249675993737717","0.1442552849793793","0.1981376138092716","0.3000620618330486","0.2638175849647685","0.2631754702230859","0.2761559043336614","0.2883568584440897","0.3010518278726387","0.3149750467947607","0.3276705751300785","","","",""
"IMF.STA:FFS(1.0.2)","IRQ.IM.OIL.POGDP_PT.A","OBS_VALUE","Iraq","Implicit fossil fuel subsidies","Petroleum","Percent of GDP","Annual","Units","7.837322869049709","8.187772091546242","8.255168278822873","8.539801341430057","9.241697266250866","10.12807995579793","10.68042459008607","6.966200294458015","7.400060497319235","7.333669283769812","8.656491211040835","9.216472127506686","8.797430305236472","8.855563876485636","8.813760500178632","8.783761021691968","8.718055293920828","","","",""
"IMF.STA:FFS(1.0.2)","HUN.IM.OIL.POGDP_PT.A","OBS_VALUE","Hungary","Implicit fossil fuel subsidies","Petroleum","Percent of GDP","Annual","Units","0.4959766793062477","0.4062255987799872","0.6008148116133038","0.9553793672626143","0.96697973594969","0.4642778903778018","1.052369653467266","2.524684298411108","1.045924794250615","1.026869525203324","0.9468676538567621","0.9029824463273245","0.9005084646961814","0.9019387567350695","0.9003768207921377","0.894975419349702","0.8894324630611414","","","",""
"IMF.STA:FFS(1.0.2)","LBR.IM.OIL.POGDP_PT.A","OBS_VALUE","Liberia","Implicit fossil fuel subsidies","Petroleum","Percent of GDP","Annual","Units","0.2353148248651453","0.1424461406066012","0.2456850764890129","0.3633884354994012","0.6835258252086763","0.4659968293216954","0.4956080929919464","0.489323147241661","0.9160287614247606","0.9793328227520277","0.9697584171885611","0.9695311566641012","0.9787203872742184","1.004139177247488","1.01804101091732","1.058739123610584","1.099828630245527","","","",""
"IMF.STA:FFS(1.0.2)","SYC.IM.OIL.POGDP_PT.A","OBS_VALUE","Seychelles","Implicit fossil fuel subsidies","Petroleum","Percent of GDP","Annual","Units","","","","","","","2.025759534452902","1.466339544258782","1.315653898208769","1.269767292639982","1.219805462192306","1.285359590486506","1.239525525464215","1.258454790929763","1.277905222083637","1.301090169331472","1.316816386445613","","","",""
"IMF.STA:FFS(1.0.2)","NLD.IM.OIL.POGDP_PT.A","OBS_VALUE","Netherlands, The","Implicit fossil fuel subsidies","Petroleum","Percent of GDP","Annual","Units","0.009661818424488586","0.006560432172712728","0.005330338429593893","0.002995914523766323","0.02501056498024716","0","0","0.1505583499493472","0.1503222218387345","0.09270607318795862","0.08527328151035999","0.09411465373362774","0.1102788193869424","0.1251296542954716","0.1382980295085238","0.1509494584520458","0.1619445992297939","","","",""
"IMF.STA:FFS(1.0.2)","SLV.IM.OIL.POGDP_PT.A","OBS_VALUE","El Salvador","Implicit fossil fuel subsidies","Petroleum","Percent of GDP","Annual","Units","3.777830871928171","4.186131539144234","3.952040810770886","3.902942017198974","4.452188592320332","3.720160505979048","4.472864297730893","5.680194724775032","4.253815659270383","5.160039971757363","5.248516921643312","5.236521523516851","5.196988730625375","5.120447216260607","5.052186634722721","4.993794404241898","4.92882670009549","","","",""
"IMF.STA:FFS(1.0.2)","KOR.IM.OIL.POGDP_PT.A","OBS_VALUE","Korea, Republic of","Implicit fossil fuel subsidies","Petroleum","Percent of GDP","Annual","Units","0.382373757419705","0.6835468296694118","0.6759574632229469","0.6789286010121335","1.042658587255463","0.6691818181466939","1.262002821935628","2.425896923494648","2.781502549040987","3.109789786995509","3.341450937562268","3.370198388203738","3.326342919406815","3.251410263519375","3.173378904451294","3.101950250890911","3.051732876031997","","","",""
"IMF.STA:FFS(1.0.2)","FJI.IM.OIL.POGDP_PT.A","OBS_VALUE","Fiji, Republic of","Implicit fossil fuel subsidies","Petroleum","Percent of GDP","Annual","Units","1.887451799046659","1.801758199542657","2.206140113287312","2.402073126115082","2.6618514035885","1.330913990575593","1.665078020480376","2.11772656614426","1.887950022221516","2.010451723036679","2.170350808279796","2.215223710184229","2.23557547907003","2.245051478314485","2.246839529419404","2.241932168485028","2.174642111386742","","","",""
"IMF.STA:FFS(1.0.2)","UKR.IM.NGA.POGDP_PT.A","OBS_VALUE","Ukraine","Implicit fossil fuel subsidies","Natural Gas","Percent of GDP","Annual","Units","2.715078837889595","4.140084193665805","3.048866469980958","2.341445140886065","2.406230738375168","2.802135165817349","2.072819572830304","1.300358963955959","2.117786555666014","2.315582477650439","2.250961289482524","2.288068124681599","2.259282164498342","2.292078062400816","2.325488895730735","2.313138031514574","2.284322625146854","","","",""
"IMF.STA:FFS(1.0.2)","GUY.IM.OIL.POGDP_PT.A","OBS_VALUE","Guyana","Implicit fossil fuel subsidies","Petroleum","Percent of GDP","Annual","Units","2.935707316161352","3.692572618671304","3.240129679325147","2.908723531044647","3.019837333003464","5.421919624685881","2.651654619788384","1.262087034401256","2.70778887424089","2.911591535995314","3.615892468341418","3.779012319795735","4.222506949844544","4.555525336650276","4.822361552919212","5.352153973172995","5.788680520493888","","","",""
"IMF.STA:FFS(1.0.2)","FIN.IM.NGA.POGDP_PT.A","OBS_VALUE","Finland","Implicit fossil fuel subsidies","Natural Gas","Percent of GDP","Annual","Units","0.00106276242865191","0.0004060203459710637","0","0","0","0","0.03090931486340835","0","0","0","0","0","0","0","0","0","0","","","",""
"IMF.STA:FFS(1.0.2)","JOR.IM.NGA.POGDP_PT.A","OBS_VALUE","Jordan","Implicit fossil fuel subsidies","Natural Gas","Percent of GDP","Annual","Units","0.1623000998635039","0","0","0","0","0","1.135287731281323","1.165231451748379","1.179122570524203","1.176454987670081","1.142909058932276","1.1380590788532","1.117359953446966","1.10050957736058","1.073607349515365","1.046323132321548","1.018153180577309","","","",""
"IMF.STA:FFS(1.0.2)","MDA.IM.NGA.POGDP_PT.A","OBS_VALUE","Moldova, Republic of","Implicit fossil fuel subsidies","Natural Gas","Percent of GDP","Annual","Units","4.589126866657992","4.544333522694952","3.507280009147871","3.438398513538842","3.475910173458836","3.596916432898841","3.414001136570764","3.060002825723114","2.593902281171979","2.929786456721144","2.78157310709357","2.776074030182407","2.665315634327463","2.58330276767346","2.479472585250906","2.350668827995713","2.216261073160607","","","",""
"IMF.STA:FFS(1.0.2)","NPL.IM.OIL.POGDP_PT.A","OBS_VALUE","Nepal","Implicit fossil fuel subsidies","Petroleum","Percent of GDP","Annual","Units","3.605912391796969","4.73873062218081","5.094944636968307","5.420164353650277","4.726191290568549","4.606366500646653","5.511197067227416","5.881391906454469","5.130147156342615","5.808439901619666","6.325937773954828","6.840269898188969","7.109247047340596","7.045304624084011","7.004918640758552","7.087319859391779","7.189583115250917","","","",""
"IMF.STA:FFS(1.0.2)","KHM.IM.OIL.POGDP_PT.A","OBS_VALUE","Cambodia","Implicit fossil fuel subsidies","Petroleum","Percent of GDP","Annual","Units","0.1145185904579307","0.7136431783259385","0.8217420770739336","1.270086536863402","1.943077619158185","2.017292007140034","2.788361274104472","3.627327643876487","3.618956157132742","3.966587673715545","4.28520830194919","4.525850480777684","4.659773450136325","4.754881353855325","4.81977167540049","4.882830941172194","4.922427408881742","","","",""
"IMF.STA:FFS(1.0.2)","ZMB.IM.NGA.POGDP_PT.A","OBS_VALUE","Zambia","Implicit fossil fuel subsidies","Natural Gas","Percent of GDP","Annual","Units","0","0","0","0","0","0","0","0","0","0","0","0","0","0","0","0","0","","","",""
"IMF.STA:FFS(1.0.2)","MOZ.IM.OIL.POGDP_PT.A","OBS_VALUE","Mozambique, Republic of","Implicit fossil fuel subsidies","Petroleum","Percent of GDP","Annual","Units","0","0","0","0.01268688212317563","0.01771842590178211","0.02333062459581435","1.363157197781131","1.629024947033203","0.02386471237678579","0.01708020996475718","0.01752339068652149","0.01797318198613128","0.0195782276071349","0.02159210613625781","0.02305798654824348","0.02212062503541438","0.02100530941764752","","","",""
"IMF.STA:FFS(1.0.2)","GNB.IM.NGA.POGDP_PT.A","OBS_VALUE","Guinea-Bissau","Implicit fossil fuel subsidies","Natural Gas","Percent of GDP","Annual","Units","0","0","0","0","0","0","0","0","0","0","0","0","0","0","0","0","0","","","",""
"IMF.STA:FFS(1.0.2)","AUT.IM.NGA.POGDP_PT.A","OBS_VALUE","Austria","Implicit fossil fuel subsidies","Natural Gas","Percent of GDP","Annual","Units","0.05083231893244866","0.08196416735671266","0.1252027969236702","0.08766663137931772","0.09541343603037397","0.08814247425733888","0.3194622645082202","0.3095627998755169","0","0.04838610940391163","0.04933525449462206","0.05295577509898868","0.05697749366835134","0.06176209762826909","0.06603283125026408","0.0694404768522647","0.07260936399870281","","","",""
"IMF.STA:FFS(1.0.2)","BHR.IM.NGA.POGDP_PT.A","OBS_VALUE","Bahrain, Kingdom of","Implicit fossil fuel subsidies","Natural Gas","Percent of GDP","Annual","Units","4.880748840432177","4.377829099232187","3.795281720064679","3.453983467288031","3.529072095278186","3.756391388906739","3.763379023023215","3.478961349420495","3.940076862270831","4.125777032176572","4.158616831879178","4.162689902927313","4.080890393121684","4.0096519200489","3.913093946636341","3.799117324408428","3.683789220403163","","","",""
"IMF.STA:FFS(1.0.2)","TGO.IM.OIL.POGDP_PT.A","OBS_VALUE","Togo","Implicit fossil fuel subsidies","Petroleum","Percent of GDP","Annual","Units","0.7770635059757219","1.323246805498714","1.285573508614493","1.890774846094571","1.453264651790067","1.229914991076264","2.533708714489014","3.224523700217403","1.475269094625573","1.434033220378921","1.449766702234971","1.440533323906661","1.486225453689326","1.531699644160904","1.572982878631663","1.643688930250066","1.715210252976648","","","",""
"IMF.STA:FFS(1.0.2)","SRB.IM.NGA.POGDP_PT.A","OBS_VALUE","Serbia, Republic of","Implicit fossil fuel subsidies","Natural Gas","Percent of GDP","Annual","Units","0.928843868687071","0.9412674465683008","1.008148775249558","0.9298607644382612","0.8514426509401994","0.8190339434690378","0.8984324445799578","0.9443545593904232","0.8325967028914241","0.7339382786236984","0.6824287506193516","0.6741027462246108","0.6578240582946639","0.6586948482887428","0.6540909194794875","0.6394218081640289","0.6236141751992021","","","",""
"IMF.STA:FFS(1.0.2)","BLR.IM.NGA.POGDP_PT.A","OBS_VALUE","Belarus, Republic of","Implicit fossil fuel subsidies","Natural Gas","Percent of GDP","Annual","Units","5.217733941821479","6.036565092377085","5.538787167392373","5.626289383891233","4.880691051177237","3.644515403734523","4.13480981882739","4.092845280281905","4.599510697214612","4.083617903603286","3.64045353590914","3.374135235396563","3.233633244686367","3.127102937245279","2.975035136501695","2.848947404374427","2.726941463749966","","","",""
"IMF.STA:FFS(1.0.2)","MDV.IM.NGA.POGDP_PT.A","OBS_VALUE","Maldives","Implicit fossil fuel subsidies","Natural Gas","Percent of GDP","Annual","Units","0","0","0","0","0","0","0","0","0","0","0","0","0","0","0","0","0","","","",""
"IMF.STA:FFS(1.0.2)","SLB.IM.NGA.POGDP_PT.A","OBS_VALUE","Solomon Islands","Implicit fossil fuel subsidies","Natural Gas","Percent of GDP","Annual","Units","0","0","0","0","0","0","0","0","0","0","0","0","0","0","0","0","0","","","",""
"IMF.STA:FFS(1.0.2)","BWA.IM.NGA.POGDP_PT.A","OBS_VALUE","Botswana","Implicit fossil fuel subsidies","Natural Gas","Percent of GDP","Annual","Units","0","0","0","0","0","0","0","0","0","0","0","0","0","0","0","0","0","","","",""
"IMF.STA:FFS(1.0.2)","LCA.IM.NGA.POGDP_PT.A","OBS_VALUE","St. Lucia","Implicit fossil fuel subsidies","Natural Gas","Percent of GDP","Annual","Units","0","0","0","0","0","0","0","0","0","0","0","0","0","0","0","0","0","","","",""
"IMF.STA:FFS(1.0.2)","BIH.IM.NGA.POGDP_PT.A","OBS_VALUE","Bosnia and Herzegovina","Implicit fossil fuel subsidies","Natural Gas","Percent of GDP","Annual","Units","0.08047381543551639","0.0803181123028792","0.2130657939364156","0.1871967801301678","0.1827622615955121","0.173802278873295","0.1848550490156656","0.191431340392335","0.178397957018359","0.1781104704281631","0.1648694600689556","0.1613504563455409","0.1605946625216385","0.1613298056950356","0.1610248596604714","0.1584391842651638","0.1557885360047755","","","",""
"IMF.STA:FFS(1.0.2)","LAO.IM.OIL.POGDP_PT.A","OBS_VALUE","Lao People's Democratic Republic","Implicit fossil fuel subsidies","Petroleum","Percent of GDP","Annual","Units","1.154239519541047","1.695496155813952","1.438820219461764","1.462482563478975","1.158502900386963","1.605602207756384","1.811272790237732","1.787870841229482","2.036913602347285","2.27705381630837","2.262588988788406","2.352338059296064","2.436664440544236","2.499927308803625","2.576765045956624","2.674913302836662","2.778000946155699","","","",""
"IMF.STA:FFS(1.0.2)","ARM.IM.NGA.POGDP_PT.A","OBS_VALUE","Armenia, Republic of","Implicit fossil fuel subsidies","Natural Gas","Percent of GDP","Annual","Units","2.969974596660753","2.928352319125154","2.938144752196756","2.944204296179661","2.96755030033128","3.209240425193117","2.971770749415534","2.211640625892803","1.547958140406417","1.662166257148113","1.539563904868758","1.497192823569272","1.495629452468345","1.495267863298806","1.461978489984603","1.41492787433327","1.367343539291195","","","",""
"IMF.STA:FFS(1.0.2)","MLT.IM.NGA.POGDP_PT.A","OBS_VALUE","Malta","Implicit fossil fuel subsidies","Natural Gas","Percent of GDP","Annual","Units","0","0","0.2513078550561102","0.2422627749420987","0.2224820096993581","0.2129747619841577","0.1889267092106032","0","0","0.05943675961163758","0.05894913824463594","0.05760360590868732","0.05819299061264448","0.05839330371368005","0.05812865655777808","0.057573416491253","0.05677662539068186","","","",""
"IMF.STA:FFS(1.0.2)","TTO.IM.OIL.POGDP_PT.A","OBS_VALUE","Trinidad and Tobago","Implicit fossil fuel subsidies","Petroleum","Percent of GDP","Annual","Units","2.267513529509529","2.298462957012567","2.161694509753385","1.899834723844828","2.128252421324755","1.996351693916408","1.901334568359783","1.791418118888836","1.912112741019368","1.967537403333694","2.06970093663011","2.064972090173722","2.025446517795311","2.003086330683262","1.999005752724033","1.997464206854158","2.001086625393942","","","",""
"IMF.STA:FFS(1.0.2)","LKA.IM.NGA.POGDP_PT.A","OBS_VALUE","Sri Lanka","Implicit fossil fuel subsidies","Natural Gas","Percent of GDP","Annual","Units","0","0","0","0","0","0","0","0","0","0","","","","","","","","","","",""
"IMF.STA:FFS(1.0.2)","IND.IM.NGA.POGDP_PT.A","OBS_VALUE","India","Implicit fossil fuel subsidies","Natural Gas","Percent of GDP","Annual","Units","0.255123728218451","0.2648689035379591","0.253799026791441","0.2579749875344389","0.273530410190258","0.2799915613858083","0.2719116480658764","0.5963442379054531","0.6490301814430442","0.5587131698609212","0.5687212988849594","0.5387500384327936","0.4757808947997467","0.4110241219587117","0.3356274167893105","0.2694192616532222","0.2641638033408253","","","",""
"IMF.STA:FFS(1.0.2)","HTI.IM.NGA.POGDP_PT.A","OBS_VALUE","Haiti","Implicit fossil fuel subsidies","Natural Gas","Percent of GDP","Annual","Units","0","0","0","0","0","0","0","0","0","0","0","0","0","0","0","0","0","","","",""
"IMF.STA:FFS(1.0.2)","TCD.IM.NGA.POGDP_PT.A","OBS_VALUE","Chad","Implicit fossil fuel subsidies","Natural Gas","Percent of GDP","Annual","Units","0","0","0","0","0","0","0","0","0","0","0","0","0","0","0","0","0","","","",""
"IMF.STA:FFS(1.0.2)","ROU.IM.NGA.POGDP_PT.A","OBS_VALUE","Romania","Implicit fossil fuel subsidies","Natural Gas","Percent of GDP","Annual","Units","0.5088823944511145","0.4919457445895107","0.8742374639955617","0.7893377118485519","0.6825046185308435","0.7089557024649163","0.7524671454274915","0","0.3809779823545429","0.5020747450965233","0.4599599432599034","0.4478687385101461","0.4436979048545741","0.4364132387008683","0.4322752182759372","0.419838174312304","0.4100194431071442","","","",""
"IMF.STA:FFS(1.0.2)","THA.IM.OIL.POGDP_PT.A","OBS_VALUE","Thailand","Implicit fossil fuel subsidies","Petroleum","Percent of GDP","Annual","Units","2.883204911746968","3.224634080395118","3.237148516066966","3.130248142861021","3.126586992616316","3.197691101942979","4.207154172898687","5.958088555075935","5.253031774558962","5.181870380587667","5.243462512189929","5.543467733726855","5.729609811194414","5.799048784166598","5.793521769845331","5.770831711056611","5.731718693477413","","","",""
"IMF.STA:FFS(1.0.2)","CHE.IM.OIL.POGDP_PT.A","OBS_VALUE","Switzerland","Implicit fossil fuel subsidies","Petroleum","Percent of GDP","Annual","Units","0.597340164233236","0.843129648806079","0.7881002292625074","0.7229541653813235","0.749496931399362","0.4218951805913422","0.4075848632808631","0.4460522450793923","0.3788850628972806","0.4106752429426021","0.4073410466597921","0.3945495888724055","0.3995346631962464","0.4050494624631936","0.4135631285401034","0.4255101876608327","0.4410939543695231","","","",""
"IMF.STA:FFS(1.0.2)","URY.IM.NGA.POGDP_PT.A","OBS_VALUE","Uruguay","Implicit fossil fuel subsidies","Natural Gas","Percent of GDP","Annual","Units","0","0","0","0","0","0","0","0","0","0","0","0","0","0","0","0","0","","","",""
"IMF.STA:FFS(1.0.2)","PER.IM.OIL.POGDP_PT.A","OBS_VALUE","Peru","Implicit fossil fuel subsidies","Petroleum","Percent of GDP","Annual","Units","2.758550422975788","3.466522232695914","3.23024924277476","3.170972653871486","2.697754102131048","1.355355886928585","3.293129135987512","3.800261755336839","2.796902700352033","2.959805460126028","2.787677239626778","2.648815224284251","2.732202501144885","2.737461320907928","2.746246157983099","2.756809256609706","2.744335215551701","","","",""
"IMF.STA:FFS(1.0.2)","PRY.IM.OIL.POGDP_PT.A","OBS_VALUE","Paraguay","Implicit fossil fuel subsidies","Petroleum","Percent of GDP","Annual","Units","0.649882579707762","1.096994603784347","2.067579939857113","2.460911700451125","2.562133827258178","1.756364926254322","3.881014752678801","4.019324201059042","2.998145006129512","3.961031890448427","3.995982358700798","3.505172744084769","3.510330118600805","3.512482009765234","3.512131917941461","3.521422584927768","3.522178483294081","","","",""
"IMF.STA:FFS(1.0.2)","SGP.IM.OIL.POGDP_PT.A","OBS_VALUE","Singapore","Implicit fossil fuel subsidies","Petroleum","Percent of GDP","Annual","Units","0.9253252524293581","1.058803931509689","0.8212324009145849","0.6928468558786786","0.6582345617162943","0.4087961345549382","1.198481106767022","1.016912667986977","1.056443673528589","0.8840645871006225","0.9279681617047081","0.9039025134843404","0.8998478993893724","0.8976956510641244","0.8974796880228883","0.8980346499716744","0.8985331797220347","","","",""
"IMF.STA:FFS(1.0.2)","UKR.IM.OIL.POGDP_PT.A","OBS_VALUE","Ukraine","Implicit fossil fuel subsidies","Petroleum","Percent of GDP","Annual","Units","10.07366015277267","9.237548715271441","7.556631564941769","7.226913022174787","5.869175183210241","5.017238137020754","5.311132283787275","5.506731760670719","4.327790422370209","4.059763580082499","4.199412087530825","4.373808580884215","4.378068694602051","4.434683300990033","4.568117307476985","4.625535127730521","4.635504492587465","","","",""
"IMF.STA:FFS(1.0.2)","TCD.IM.OIL.POGDP_PT.A","OBS_VALUE","Chad","Implicit fossil fuel subsidies","Petroleum","Percent of GDP","Annual","Units","1.026229630195121","0.9054886474848008","0.6086651175395837","0.47336968165651","0.695160257943761","0.576626764182917","0.6766303005981376","0.8943030909107427","0.6027658672043572","0.2259743484478647","0.2190498712876813","0.1955741251021676","0.1889476178610234","0.1821427550088229","0.1739433558945224","0.1677346519149282","0.175583072315325","","","",""
"IMF.STA:FFS(1.0.2)","CAN.IM.OIL.POGDP_PT.A","OBS_VALUE","Canada","Implicit fossil fuel subsidies","Petroleum","Percent of GDP","Annual","Units","0.937521260490969","1.10829543390025","0.8763248948148222","0.8070804236953413","1.044201896438286","0.3902275489913158","0.4664308889973725","0.4981205817602328","0.6296153400477811","0.6483369238809557","0.6959265298811366","0.7034445112907486","0.7243117980871194","0.747211718601151","0.7683022292302316","0.7893756360019977","0.808074131628422","","","",""
"IMF.STA:FFS(1.0.2)","DJI.IM.OIL.POGDP_PT.A","OBS_VALUE","Djibouti","Implicit fossil fuel subsidies","Petroleum","Percent of GDP","Annual","Units","0.8467416160422902","0.5461054797491703","0.3307145383248491","0.3209849783676825","0.5185656413986949","0.5883047043766555","0.655797031181058","0.6876112848969144","0.6797519114662839","0.7559239246404149","0.8411813482202065","0.8902307159451595","0.9397971724373967","1.007737279743648","1.075029564725775","1.154791861464591","1.235463378044571","","","",""
"IMF.STA:FFS(1.0.2)","CHN.IM.OIL.POGDP_PT.A","OBS_VALUE","China, People's Republic of","Implicit fossil fuel subsidies","Petroleum","Percent of GDP","Annual","Units","3.893470294480385","4.039678731363835","4.107906183687574","4.342263637329578","4.248075538170432","3.722564740419427","3.667647501917268","3.78482094584456","4.233155773180819","4.461853682266621","4.796256702982987","4.807391007983061","4.757425754804784","4.64526650635595","4.520241541727291","4.389898066837716","4.261046824927277","","","",""
"IMF.STA:FFS(1.0.2)","POL.IM.OIL.POGDP_PT.A","OBS_VALUE","Poland, Republic of","Implicit fossil fuel subsidies","Petroleum","Percent of GDP","Annual","Units","0.8165543521512455","1.137186616849817","1.414957153123328","1.201176794534408","1.229107878840588","0.8050009115992306","1.471972913558083","3.108167724316931","1.866470977701524","1.442380591697488","1.31837176776601","1.255668221149763","1.243401212570939","1.217714586698783","1.190369927988429","1.163361398042519","1.137139502662893","","","",""
"IMF.STA:FFS(1.0.2)","BWA.IM.OIL.POGDP_PT.A","OBS_VALUE","Botswana","Implicit fossil fuel subsidies","Petroleum","Percent of GDP","Annual","Units","1.296415113457503","1.843466802257457","1.960140013545972","2.245371546863444","1.883112684423874","0.4154964783029732","0.9856689444401126","2.11034037443747","2.27806609316466","2.147382560321383","2.379351855715149","2.3021647948014","2.28598582006531","2.276061508727029","2.199330479059537","2.144944186132532","2.120847486669975","","","",""
"IMF.STA:FFS(1.0.2)","MEX.IM.OIL.POGDP_PT.A","OBS_VALUE","Mexico","Implicit fossil fuel subsidies","Petroleum","Percent of GDP","Annual","Units","3.892591208039727","4.97842011281518","3.997722689976765","3.580288280698004","2.927900587929273","2.12454595530641","2.435207731533518","3.755554456423107","1.703223361644594","1.760129213649369","1.914066682244801","1.755300404503425","1.746031040633618","1.733922082309944","1.721435378751714","1.710661172198235","1.698506661506548","","","",""
"IMF.STA:FFS(1.0.2)","LKA.IM.OIL.POGDP_PT.A","OBS_VALUE","Sri Lanka","Implicit fossil fuel subsidies","Petroleum","Percent of GDP","Annual","Units","2.723440355605782","2.971039722760718","3.677648301085471","4.730528121990906","4.628695923032097","2.804147005949257","4.461270633905702","3.97999063388749","3.084524714748967","2.657628316873247","","","","","","","","","","",""
"IMF.STA:FFS(1.0.2)","AZE.IM.OIL.POGDP_PT.A","OBS_VALUE","Azerbaijan, Republic of","Implicit fossil fuel subsidies","Petroleum","Percent of GDP","Annual","Units","5.642181165181646","7.184914828702729","7.496821744033186","7.006488694900197","7.059711628010284","6.522189077834774","6.399136706897889","4.788248304529402","4.974850681301832","4.69490187703222","4.783626495564183","4.782791415043435","4.635996350475956","4.483723847945499","4.334175231488924","4.204855102829461","4.075601205284823","","","",""
"IMF.STA:FFS(1.0.2)","BEL.IM.OIL.POGDP_PT.A","OBS_VALUE","Belgium","Implicit fossil fuel subsidies","Petroleum","Percent of GDP","Annual","Units","0.1350657135481414","0.1549533623133176","0.1468159382486601","0.1199519157292515","0.1854274266064261","0.1218111401258212","0.1627580414597652","0.2238224793068324","0.1690429461447437","0.1954527173731813","0.1940067787784192","0.1940227951982259","0.2012763224129037","0.2090222363708953","0.2153418953213446","0.2223605257877606","0.229133877618171","","","",""
"IMF.STA:FFS(1.0.2)","ARE.IM.OIL.POGDP_PT.A","OBS_VALUE","United Arab Emirates","Implicit fossil fuel subsidies","Petroleum","Percent of GDP","Annual","Units","2.105180056122442","2.325514930709704","2.207884523994781","2.123616563523231","2.036176201415334","1.504069647645683","1.951320869745554","1.654650799313021","1.706533189275667","1.769596951339037","1.92438308531458","1.905595143360871","1.924463336376714","1.913871177965436","1.900564260500491","1.889499273086749","1.879000752748527","","","",""
"IMF.STA:FFS(1.0.2)","USA.IM.OIL.POGDP_PT.A","OBS_VALUE","United States","Implicit fossil fuel subsidies","Petroleum","Percent of GDP","Annual","Units","2.911034772888767","3.184907804880643","3.261711492395001","3.153577471041233","2.875158797538066","1.929157137393554","2.693059654003157","2.533420931044806","2.538439266490481","2.792415941688902","2.876934796044148","2.876429958896447","2.869942892340439","2.876181628430982","2.884490808453519","2.894249797278306","2.904442791091447","","","",""
"IMF.STA:FFS(1.0.2)","BIH.IM.OIL.POGDP_PT.A","OBS_VALUE","Bosnia and Herzegovina","Implicit fossil fuel subsidies","Petroleum","Percent of GDP","Annual","Units","0.07720568850022157","0.0802002819006382","0.07738293000273817","0.07814496378846223","0.07768371286021631","0.08961006000671128","0.6777753771081232","1.439244589559647","1.599513481272101","1.846975888607118","1.777638225576539","1.734202545063651","1.774209676271656","1.809915546947167","1.833471413515239","1.849884329949415","1.858349461231881","","","",""
"IMF.STA:FFS(1.0.2)","LUX.IM.OIL.POGDP_PT.A","OBS_VALUE","Luxembourg","Implicit fossil fuel subsidies","Petroleum","Percent of GDP","Annual","Units","0.5853764236567158","1.022264975415775","1.082351062986031","1.048493935172915","1.568331601476383","0.625207245738307","0.7068753513895287","1.049180847798745","0.7839752128075155","0.7557344294567306","0.757580357172354","0.765537238350501","0.8083941027253114","0.8452241994352018","0.8799346608274836","0.9143360617441967","0.946811707801856","","","",""
"IMF.STA:FFS(1.0.2)","AUT.IM.OIL.POGDP_PT.A","OBS_VALUE","Austria","Implicit fossil fuel subsidies","Petroleum","Percent of GDP","Annual","Units","0.04519652661985409","0.09524141662749726","0.07890816280373828","0.03123401795435598","0.09165223102730609","0.01955804254036033","0.0517912480540398","0.1541581736077437","0.0730656203756169","0.08418451344339137","0.06574054113755739","0.07669639187433046","0.09160171627593799","0.1047857735438119","0.1170531230595964","0.1300207325010242","0.1425075210155883","","","",""
"IMF.STA:FFS(1.0.2)","GMB.IM.OIL.POGDP_PT.A","OBS_VALUE","Gambia, The","Implicit fossil fuel subsidies","Petroleum","Percent of GDP","Annual","Units","3.631841120646831","3.343651862645459","4.085737334817936","3.862198974297273","3.908127098523171","3.743657715542945","3.277840469808799","3.503677037389489","3.052914997087619","3.202195163472853","3.254517116596255","3.193552123137308","3.095311880996423","3.000153349115348","2.939965435317632","2.917403295328161","2.885186348898294","","","",""
"IMF.STA:FFS(1.0.2)","MDV.IM.OIL.POGDP_PT.A","OBS_VALUE","Maldives","Implicit fossil fuel subsidies","Petroleum","Percent of GDP","Annual","Units","4.277958246181277","2.829306827586834","3.990510389609309","3.796510631344458","3.239019274259383","3.251624140543052","4.91713702370517","4.880959937922287","3.778175434637134","4.178904570079256","4.077906320648515","4.119063222108286","4.064929901447997","3.989875388562854","3.974543781256818","3.977130026289953","3.978697862199969","","","",""
"IMF.STA:FFS(1.0.2)","CPV.IM.OIL.POGDP_PT.A","OBS_VALUE","Cabo Verde","Implicit fossil fuel subsidies","Petroleum","Percent of GDP","Annual","Units","1.88221809998297","3.524833359462425","3.0223286233274","2.735757562015328","4.716402237476623","1.83496853709518","1.161774182785114","1.769093800190315","1.663441085930587","2.008871889895239","1.923832824079408","1.856373547274586","1.85677195934802","1.854232558374264","1.847374323795623","1.851253664749735","1.853824640948993","","","",""
"IMF.STA:FFS(1.0.2)","ECU.IM.OIL.POGDP_PT.A","OBS_VALUE","Ecuador","Implicit fossil fuel subsidies","Petroleum","Percent of GDP","Annual","Units","6.742556750438059","6.565412844920582","6.686224533057108","6.757585382151346","6.831613741272443","5.960892446012419","7.455952483262241","7.482527758101603","7.269796776216821","7.243224504725572","7.214857288059536","7.065304385941287","6.972577104073255","6.898567644937728","6.815373731305293","6.738103517190801","6.660515086728273","","","",""
"IMF.STA:FFS(1.0.2)","PAN.IM.OIL.POGDP_PT.A","OBS_VALUE","Panama","Implicit fossil fuel subsidies","Petroleum","Percent of GDP","Annual","Units","3.523903380742646","3.377887607003775","3.287676964425071","3.254317605270781","3.165862846884673","2.163109389339933","2.585771953700846","3.051513427737261","2.592033029099419","2.865228444990595","2.993263457051654","3.061516005709348","3.042784939301542","3.01476564323271","2.975784899032993","2.950081486250458","2.922234723491052","","","",""
"IMF.STA:FFS(1.0.2)","JAM.IM.OIL.POGDP_PT.A","OBS_VALUE","Jamaica","Implicit fossil fuel subsidies","Petroleum","Percent of GDP","Annual","Units","3.549252793453745","4.076067677829102","3.113857873523695","4.271842879202032","3.77559103904307","1.77550225953623","2.945606243182055","3.569426649495432","3.078879743872774","3.446299209312256","3.344970848313125","3.434835088330602","3.486221509397554","3.471948083738866","3.451624466334211","3.438297933016695","3.426307300357615","","","",""
"IMF.STA:FFS(1.0.2)","HND.IM.OIL.POGDP_PT.A","OBS_VALUE","Honduras","Implicit fossil fuel subsidies","Petroleum","Percent of GDP","Annual","Units","3.16559779055207","3.392909032835558","3.345724104848627","3.443021816081467","3.955742073597219","3.010342748612346","4.62975412994367","4.330899315298178","3.971125558170254","4.65007792187069","4.819447522372132","5.018775547769943","5.142751795693471","5.246579182996273","5.348936195101484","5.483083728872379","5.622971441446962","","","",""
"IMF.STA:FFS(1.0.2)","MUS.IM.OIL.POGDP_PT.A","OBS_VALUE","Mauritius","Implicit fossil fuel subsidies","Petroleum","Percent of GDP","Annual","Units","1.733683076390836","1.023521617766337","0.8931741233788063","0.8078963337543977","1.105517046660073","1.133667928751714","1.697421499468538","1.484035566799775","1.258456071300034","1.348490461346072","1.328116351710029","1.342372179005499","1.336648739118958","1.327647975495003","1.318886101404818","1.308886010788239","1.297916260852141","","","",""
"IMF.STA:FFS(1.0.2)","NZL.IM.OIL.POGDP_PT.A","OBS_VALUE","New Zealand","Implicit fossil fuel subsidies","Petroleum","Percent of GDP","Annual","Units","0.6469712239552925","1.148593070928449","1.074525088483239","0.7546009559660374","0.7610857316524032","0.414242649198657","0.6074667443130053","0.8614965987659844","0.9801882958761978","0.9709413688804809","1.033851299755487","1.039349280714922","1.075795518164232","1.113628566574014","1.147464106639164","1.183118468551905","1.219250341264108","","","",""
"IMF.STA:FFS(1.0.2)","CHL.IM.OIL.POGDP_PT.A","OBS_VALUE","Chile","Implicit fossil fuel subsidies","Petroleum","Percent of GDP","Annual","Units","4.33504880270105","4.690284625198708","4.143119380472797","3.95363642298007","4.313982955215914","3.617665026432838","3.929079777682209","5.265781837309572","2.696996247936725","3.907338569585789","3.86437360560016","3.492156958041502","3.350306775671264","3.257471446281502","3.178507054547189","3.110052452710846","3.047327570739465","","","",""
"IMF.STA:FFS(1.0.2)","MYS.IM.OIL.POGDP_PT.A","OBS_VALUE","Malaysia","Implicit fossil fuel subsidies","Petroleum","Percent of GDP","Annual","Units","7.721237248531841","8.29049585187371","8.294108748756064","7.728157829232583","8.793170627087365","6.466038850218797","6.231574541988407","6.626337905051354","7.067711380346941","6.673407142537782","6.293011597339861","6.057082790446093","5.92998365369901","5.808110780288399","5.700134042656293","5.619566906802553","5.542230913078976","","","",""
"IMF.STA:FFS(1.0.2)","ITA.IM.OIL.POGDP_PT.A","OBS_VALUE","Italy","Implicit fossil fuel subsidies","Petroleum","Percent of GDP","Annual","Units","0.4758714092599587","0.4418375715737777","0.5089552974246118","0.4202302783815159","0.4672018584299882","0.2957068289266529","0.3296192725328926","1.17368780130644","0.7400357207550766","0.8204661992183453","0.7687794082504005","0.7247360252639501","0.713160892925808","0.705391837946298","0.701045579439553","0.6932726335810189","0.6852241896279466","","","",""
"IMF.STA:FFS(1.0.2)","AGO.IM.OIL.POGDP_PT.A","OBS_VALUE","Angola","Implicit fossil fuel subsidies","Petroleum","Percent of GDP","Annual","Units","2.05069030213675","1.301980031686874","1.552939043562477","2.797334893092726","3.707376154866555","2.853349910621118","3.482318008241547","2.223467816794267","2.454040850257413","2.484835406767053","2.182612728355003","2.117412290904473","2.179768999574884","2.20638798185133","2.229240662259948","2.256528943099252","2.273856902196401","","","",""
"IMF.STA:FFS(1.0.2)","OMN.IM.OIL.POGDP_PT.A","OBS_VALUE","Oman","Implicit fossil fuel subsidies","Petroleum","Percent of GDP","Annual","Units","3.928803410293426","3.79978532482626","3.716181004251281","3.374260005106541","3.098948561281552","1.940924394278691","2.953349030906234","3.16330295454909","3.056618659845109","3.085715446310404","3.388499326860296","3.248426482313704","3.339656402718183","3.33963517371707","3.305572325951874","3.290582732843326","3.295715584491683","","","",""
"IMF.STA:FFS(1.0.2)","ATG.IM.OIL.POGDP_PT.A","OBS_VALUE","Antigua and Barbuda","Implicit fossil fuel subsidies","Petroleum","Percent of GDP","Annual","Units","","","","","","","2.876159303325706","3.005932265907066","1.833162520154852","1.81806958406151","1.955647900527865","1.969651635726534","1.934644301092529","1.929237379747919","1.969275012953415","2.012639591338445","2.064359912462636","","","",""
"IMF.STA:FFS(1.0.2)","ATG.IM.ECY.POGDP_PT.A","OBS_VALUE","Antigua and Barbuda","Implicit fossil fuel subsidies","Electricity","Percent of GDP","Annual","Units","0","0","0","0","0","0","0","0","0","0","0","0","0","0","0","0","0","","","",""
"IMF.STA:FFS(1.0.2)","ATG.IM.NGA.POGDP_PT.A","OBS_VALUE","Antigua and Barbuda","Implicit fossil fuel subsidies","Natural Gas","Percent of GDP","Annual","Units","","","","","","","0","0","0","0","0","0","0","0","0","0","0","","","",""
"IMF.STA:FFS(1.0.2)","ABW.IM.ECY.POGDP_PT.A","OBS_VALUE","Aruba, Kingdom of the Netherlands","Implicit fossil fuel subsidies","Electricity","Percent of GDP","Annual","Units","0","0","0","0","0","0","0","0","0","0","0","0","0","0","0","0","0","","","",""
"IMF.STA:FFS(1.0.2)","ATG.IM.COA.POGDP_PT.A","OBS_VALUE","Antigua and Barbuda","Implicit fossil fuel subsidies","Coal","Percent of GDP","Annual","Units","","","","","","","0","0","0","0","0","0","0","0","0","0","0","","","",""
"IMF.STA:FFS(1.0.2)","DMA.IM.OIL.POGDP_PT.A","OBS_VALUE","Dominica","Implicit fossil fuel subsidies","Petroleum","Percent of GDP","Annual","Units","","","","","","","2.082961350125255","2.064956955262131","1.630491073256779","1.701493291294142","1.660592022528671","1.64525220919394","1.638911403026846","1.63452845635509","1.626868427442907","1.617431712331641","1.600280847150121","","","",""
"IMF.STA:FFS(1.0.2)","GRD.IM.ECY.POGDP_PT.A","OBS_VALUE","Grenada","Implicit fossil fuel subsidies","Electricity","Percent of GDP","Annual","Units","0","0","0","0","0","0","0","0","0","0","0","0","0","0","0","0","0","","","",""
"IMF.STA:FFS(1.0.2)","HKG.IM.ECY.POGDP_PT.A","OBS_VALUE","Hong Kong Special Administrative Region, People's Republic of China","Implicit fossil fuel subsidies","Electricity","Percent of GDP","Annual","Units","0","0","0","0","0","0","0","0","0","0","0","0","0","0","0","0","0","","","",""
"IMF.STA:FFS(1.0.2)","MNE.IM.NGA.POGDP_PT.A","OBS_VALUE","Montenegro","Implicit fossil fuel subsidies","Natural Gas","Percent of GDP","Annual","Units","","","","","","","0","0","0","0","0","0","0","0","0","0","0","","","",""
"IMF.STA:FFS(1.0.2)","NRU.IM.ECY.POGDP_PT.A","OBS_VALUE","Nauru, Republic of","Implicit fossil fuel subsidies","Electricity","Percent of GDP","Annual","Units","0","0","0","0","0","0","0","0","0","0","0","0","0","0","0","0","0","","","",""
"IMF.STA:FFS(1.0.2)","SOM.IM.NGA.POGDP_PT.A","OBS_VALUE","Somalia","Implicit fossil fuel subsidies","Natural Gas","Percent of GDP","Annual","Units","0","0","0","0","0","0","0","0","0","0","0","0","0","0","0","0","0","","","",""
"IMF.STA:FFS(1.0.2)","DMA.IM.ECY.POGDP_PT.A","OBS_VALUE","Dominica","Implicit fossil fuel subsidies","Electricity","Percent of GDP","Annual","Units","0","0","0","0","0","0","0","0","0","0","0","0","0","0","0","0","0","","","",""
"IMF.STA:FFS(1.0.2)","KOS.IM.ECY.POGDP_PT.A","OBS_VALUE","Kosovo, Republic of","Implicit fossil fuel subsidies","Electricity","Percent of GDP","Annual","Units","0","0","0","0","0","0","0","0","0","0","0","0","0","0","0","0","0","","","",""
"IMF.STA:FFS(1.0.2)","GRD.IM.COA.POGDP_PT.A","OBS_VALUE","Grenada","Implicit fossil fuel subsidies","Coal","Percent of GDP","Annual","Units","0","0","0","0","0","0","0","0","0","0","0","0","0","0","0","0","0","","","",""
"IMF.STA:FFS(1.0.2)","SOM.IM.COA.POGDP_PT.A","OBS_VALUE","Somalia","Implicit fossil fuel subsidies","Coal","Percent of GDP","Annual","Units","0","0","0","0","0","0","0","0","0","0","0","0","0","0","0","0","0","","","",""
"IMF.STA:FFS(1.0.2)","MNE.IM.COA.POGDP_PT.A","OBS_VALUE","Montenegro","Implicit fossil fuel subsidies","Coal","Percent of GDP","Annual","Units","","","","","","","1.857288519559688","1.793920663047734","1.098501240529915","1.049216657706504","0.9520221362768608","0.8813025219533478","0.8273108274924968","0.7968617837063153","0.7540765271156511","0.7121632513985959","0.6686492074011086","","","",""
"IMF.STA:FFS(1.0.2)","PRI.IM.ECY.POGDP_PT.A","OBS_VALUE","Puerto Rico","Implicit fossil fuel subsidies","Electricity","Percent of GDP","Annual","Units","0","0","0","0","0","0","0","0","0","0","0","0","0","0","0","0","0","","","",""
"IMF.STA:FFS(1.0.2)","MNE.IM.ECY.POGDP_PT.A","OBS_VALUE","Montenegro","Implicit fossil fuel subsidies","Electricity","Percent of GDP","Annual","Units","0","0","0","0","0","0","0","0","0","0","0","0","0","0","0","0","0","","","",""
"IMF.STA:FFS(1.0.2)","GRD.IM.NGA.POGDP_PT.A","OBS_VALUE","Grenada","Implicit fossil fuel subsidies","Natural Gas","Percent of GDP","Annual","Units","0","0","0","0","0","0","0","0","0","0","0","0","0","0","0","0","0","","","",""
"IMF.STA:FFS(1.0.2)","PLW.IM.ECY.POGDP_PT.A","OBS_VALUE","Palau, Republic of","Implicit fossil fuel subsidies","Electricity","Percent of GDP","Annual","Units","0","0","0","0","0","0","0","0","0","0","0","0","0","0","0","0","0","","","",""
"IMF.STA:FFS(1.0.2)","MAC.IM.ECY.POGDP_PT.A","OBS_VALUE","Macao Special Administrative Region, People's Republic of China","Implicit fossil fuel subsidies","Electricity","Percent of GDP","Annual","Units","0","0","0","0","0","0","0","0","0","0","0","0","0","0","0","0","0","","","",""
"IMF.STA:FFS(1.0.2)","DMA.IM.NGA.POGDP_PT.A","OBS_VALUE","Dominica","Implicit fossil fuel subsidies","Natural Gas","Percent of GDP","Annual","Units","","","","","","","0","0","0","0","0","0","0","0","0","0","0","","","",""
"IMF.STA:FFS(1.0.2)","DMA.IM.COA.POGDP_PT.A","OBS_VALUE","Dominica","Implicit fossil fuel subsidies","Coal","Percent of GDP","Annual","Units","","","","","","","0","0","0","0","0","0","0","0","0","0","0","","","",""
"IMF.STA:FFS(1.0.2)","MNE.IM.OIL.POGDP_PT.A","OBS_VALUE","Montenegro","Implicit fossil fuel subsidies","Petroleum","Percent of GDP","Annual","Units","","","","","","","0.000003878643092754489","1.090293866517938","0.287900461485761","0.3769605862037992","0.3436601388361484","0.3721243378012175","0.4231295460126287","0.4759322352277991","0.5249574460279902","0.572281066260955","0.6162476692420367","","","",""
"IMF.STA:FFS(1.0.2)","KNA.IM.ECY.POGDP_PT.A","OBS_VALUE","St. Kitts and Nevis","Implicit fossil fuel subsidies","Electricity","Percent of GDP","Annual","Units","0","0","0","0","0","0","0","0","0","0","0","0","0","0","0","0","0","","","",""
"IMF.STA:FFS(1.0.2)","GRD.IM.OIL.POGDP_PT.A","OBS_VALUE","Grenada","Implicit fossil fuel subsidies","Petroleum","Percent of GDP","Annual","Units","2.324308054005639","2.388296797128219","2.395901961916522","2.229504549877198","2.272679761183698","2.190242100188708","2.246174999242574","2.35876044826541","1.164415426598993","1.31143198620557","1.347922068864952","1.383226707280978","1.406355094491355","1.423645294849483","1.442511381465573","1.461230433666923","1.47845221427849","","","",""
"IMF.STA:FFS(1.0.2)","VCT.IM.COA.POGDP_PT.A","OBS_VALUE","St. Vincent and the Grenadines","Implicit fossil fuel subsidies","Coal","Percent of GDP","Annual","Units","0","0","0","0","0","0","0","0","0","0","0","0","0","0","0","0","0","","","",""
"IMF.STA:FFS(1.0.2)","WSM.IM.ECY.POGDP_PT.A","OBS_VALUE","Samoa","Implicit fossil fuel subsidies","Electricity","Percent of GDP","Annual","Units","0","0","0","0","0","0","0","0","0","0","0","0","0","0","0","0","0","","","",""
"IMF.STA:FFS(1.0.2)","VUT.IM.OIL.POGDP_PT.A","OBS_VALUE","Vanuatu","Implicit fossil fuel subsidies","Petroleum","Percent of GDP","Annual","Units","0.3416089919726008","0.3538170656245634","0.347751995251237","0.3666911430014856","0.4057586669892917","0.3314354859592461","0.3700599028347719","0.3797648720799315","0.3152850640365475","0.2987386203942137","0.2921548838948351","0.2775981927857543","0.2631459072517053","0.2508340910320243","0.2396337520457134","0.2288251956660024","0.2186052752666734","","","",""
"IMF.STA:FFS(1.0.2)","TLS.IM.NGA.POGDP_PT.A","OBS_VALUE","Timor-Leste, Democratic Republic of","Implicit fossil fuel subsidies","Natural Gas","Percent of GDP","Annual","Units","","","","","","","0","0","0","0","0","0","0","0","0","0","0","","","",""
"IMF.STA:FFS(1.0.2)","WSM.IM.OIL.POGDP_PT.A","OBS_VALUE","Samoa","Implicit fossil fuel subsidies","Petroleum","Percent of GDP","Annual","Units","3.80240065522053","3.42892081642326","3.607171433608636","3.801554559860117","4.074546717184164","4.232509250361095","4.892880746750414","3.520317349686079","3.60392933362682","3.501404380182862","3.567202122464065","3.547771565988456","3.475612726798544","3.419867116535302","3.341848476588886","3.291287066551046","3.242618132954278","","","",""
"IMF.STA:FFS(1.0.2)","TLS.IM.OIL.POGDP_PT.A","OBS_VALUE","Timor-Leste, Democratic Republic of","Implicit fossil fuel subsidies","Petroleum","Percent of GDP","Annual","Units","","","","","","","4.157732776389894","4.601203733715639","7.087322618350998","8.40791618179372","8.381131470164913","8.42576164504914","8.159665131250443","7.901868578939876","7.668481318725764","7.446619824837188","7.239775472921209","","","",""
"IMF.STA:FFS(1.0.2)","TLS.IM.ECY.POGDP_PT.A","OBS_VALUE","Timor-Leste, Democratic Republic of","Implicit fossil fuel subsidies","Electricity","Percent of GDP","Annual","Units","0","0","0","0","0","0","0","0","0","0","0","0","0","0","0","0","0","","","",""
"IMF.STA:FFS(1.0.2)","WSM.IM.NGA.POGDP_PT.A","OBS_VALUE","Samoa","Implicit fossil fuel subsidies","Natural Gas","Percent of GDP","Annual","Units","0","0","0","0","0","0","0","0","0","0","0","0","0","0","0","0","0","","","",""
"IMF.STA:FFS(1.0.2)","SWZ.IM.ECY.POGDP_PT.A","OBS_VALUE","Eswatini, Kingdom of","Implicit fossil fuel subsidies","Electricity","Percent of GDP","Annual","Units","0","0","0","0","0","0","0","0","0","0","0","0","0","0","0","0","0","","","",""
"IMF.STA:FFS(1.0.2)","SOM.IM.ECY.POGDP_PT.A","OBS_VALUE","Somalia","Implicit fossil fuel subsidies","Electricity","Percent of GDP","Annual","Units","0","0","0","0","0","0","0","0","0","0","0","0","0","0","0","0","0","","","",""
"IMF.STA:FFS(1.0.2)","VCT.IM.OIL.POGDP_PT.A","OBS_VALUE","St. Vincent and the Grenadines","Implicit fossil fuel subsidies","Petroleum","Percent of GDP","Annual","Units","5.062311980726078","4.141184720165246","3.627943613979923","4.111205683863906","3.697447066498843","4.608694665573755","4.540073697874741","3.828651229543268","3.916580162908513","3.978059333551713","4.270467346459826","4.327715193366142","4.29617163342662","4.256209420253516","4.216932271196847","4.172006638693987","4.127660045552648","","","",""
"IMF.STA:FFS(1.0.2)","VUT.IM.COA.POGDP_PT.A","OBS_VALUE","Vanuatu","Implicit fossil fuel subsidies","Coal","Percent of GDP","Annual","Units","0","0","0","0","0","0","0","0","0","0","0","0","0","0","0","0","0","","","",""
"IMF.STA:FFS(1.0.2)","SYR.IM.ECY.POGDP_PT.A","OBS_VALUE","Syrian Arab Republic","Implicit fossil fuel subsidies","Electricity","Percent of GDP","Annual","Units","","","","","","","","","","","","","","","","","","","","",""
"IMF.STA:FFS(1.0.2)","VUT.IM.ECY.POGDP_PT.A","OBS_VALUE","Vanuatu","Implicit fossil fuel subsidies","Electricity","Percent of GDP","Annual","Units","0","0","0","0","0","0","0","0","0","0","0","0","0","0","0","0","0","","","",""
"IMF.STA:FFS(1.0.2)","TLS.IM.COA.POGDP_PT.A","OBS_VALUE","Timor-Leste, Democratic Republic of","Implicit fossil fuel subsidies","Coal","Percent of GDP","Annual","Units","","","","","","","0","0","0","0","0","0","0","0","0","0","0","","","",""
"IMF.STA:FFS(1.0.2)","VCT.IM.NGA.POGDP_PT.A","OBS_VALUE","St. Vincent and the Grenadines","Implicit fossil fuel subsidies","Natural Gas","Percent of GDP","Annual","Units","0","0","0","0","0","0","0","0","0","0","0","0","0","0","0","0","0","","","",""
"IMF.STA:FFS(1.0.2)","WSM.IM.COA.POGDP_PT.A","OBS_VALUE","Samoa","Implicit fossil fuel subsidies","Coal","Percent of GDP","Annual","Units","0","0","0","0","0","0","0","0","0","0","0","0","0","0","0","0","0","","","",""
"IMF.STA:FFS(1.0.2)","VCT.IM.ECY.POGDP_PT.A","OBS_VALUE","St. Vincent and the Grenadines","Implicit fossil fuel subsidies","Electricity","Percent of GDP","Annual","Units","0","0","0","0","0","0","0","0","0","0","0","0","0","0","0","0","0","","","",""
"IMF.STA:FFS(1.0.2)","VUT.IM.NGA.POGDP_PT.A","OBS_VALUE","Vanuatu","Implicit fossil fuel subsidies","Natural Gas","Percent of GDP","Annual","Units","0","0","0","0","0","0","0","0","0","0","0","0","0","0","0","0","0","","","",""
"IMF.STA:FFS(1.0.2)","SOM.IM.OIL.POGDP_PT.A","OBS_VALUE","Somalia","Implicit fossil fuel subsidies","Petroleum","Percent of GDP","Annual","Units","0.9235993071087138","0.9661173754332584","1.280050492014802","1.679483525974851","1.669732085499711","1.35814675475197","1.613538886545761","1.498505517984906","1.317798504574502","1.312870548616497","1.298145775614583","1.239521646937179","1.180242776930065","1.149439867155782","1.145722100423808","1.186511672119655","1.216747095712118","","","",""
